old_url,new_url
https://www.phoeniximport.com/nl/4/221547/zeephouder-handgemaakt-rood-wit-blauw-13x9x35cm-195g.aspx,/products/zeephouder-handgemaakt-rood-wit-blauw
https://www.phoeniximport.com/nl/4/222960/najel-aleppo-vloeibare-zeep-met-doseerfles-bio-500-ml.aspx,/products/najel-aleppo-vloeibare-zeep-met-doseerfles-bio
https://www.phoeniximport.com/nl/4/221546/travertijn-zeephouder-of-kaarshouder-goudkleur-15x75x1cm-245g.aspx,/products/travertijn-zeephouder-of-kaarshouder-goudkleur
https://www.phoeniximport.com/nl/4/221548/zeephouder-handgemaakt-blauw-13x9x35cm-195g.aspx,/products/zeephouder-handgemaakt-blauw
https://www.phoeniximport.com/nl/4/221545/travertijn-zeephouder-of-kaarshouder-beige-15x75x1cm-245g.aspx,/products/travertijn-zeephouder-of-kaarshouder-beige
https://www.phoeniximport.com/nl/4/221544/travertijn-zeephouder-of-kaarshouder-naturel-15x75x1cm-245g.aspx,/products/travertijn-zeephouder-of-kaarshouder-naturel
https://www.phoeniximport.com/nl/4/223894/najel-aleppo-zwarte-zeep-met-arganolie-ongeparfumeerd-200ml.aspx,/products/najel-aleppo-zwarte-zeep-met-arganolie-ongeparfumeerd
https://www.phoeniximport.com/nl/4/223891/najel-deodorantbalsem-met-witte-klei-en-sheaboter-45g.aspx,/products/najel-deodorantbalsem-met-witte-klei-en-sheaboter
https://www.phoeniximport.com/nl/4/223898/najel-aleppo-zeep-citroen-essentile-olie-100g.aspx,/products/najel-aleppo-soap-lemon-essential-oil
https://www.phoeniximport.com/nl/4/223895/najel-aleppo-zeep-40-185g.aspx,/products/najel-aleppo-zeep-40
https://www.phoeniximport.com/nl/4/223896/najel-aleppo-zeep-biologische-oranjebloesem-100g.aspx,/products/najel-aleppo-zeep-biologische-oranjebloesem
https://www.phoeniximport.com/nl/4/13323/ottoman-argan-spa-douchegel-oriental-rose-400ml.aspx,/products/ottoman-argan-spa-douchegel-oriental-rose
https://www.phoeniximport.com/nl/4/13303/ottoman-argan-spa-douchegel-royal-amber-400ml.aspx,/products/ottoman-argan-spa-douchegel-royal-amber
https://www.phoeniximport.com/nl/4/223897/najel-aleppo-zeep-geitenmelk-100g.aspx,/products/najel-aleppo-zeep-geitenmelk
https://www.phoeniximport.com/nl/4/222168/najel-aleppo-zeep-met-nigella-olie-zwarte-komijn-100-g.aspx,/products/najel-aleppo-zeep-met-nigella-olie-zwarte-komijn
https://www.phoeniximport.com/nl/4/02552/natuurlijke-marseille-zeep-ezelinnenmelk-100-g.aspx,/products/natuurlijke-marseille-zeep-ezelinnenmelk
https://www.phoeniximport.com/nl/4/22222/holy-lama-kokosnootolie-zeep-kewra-100-g.aspx,/products/holy-lama-kokosnootolie-zeep-kewra
https://www.phoeniximport.com/nl/4/02522/natuurlijke-marseille-zeep-shea-butter-100-g.aspx,/products/natuurlijke-marseille-zeep-shea-butter
https://www.phoeniximport.com/nl/4/02532/natuurlijke-marseille-zeep-patchouli-100-g.aspx,/products/natuurlijke-marseille-zeep-patchouli
https://www.phoeniximport.com/nl/4/02528/natuurlijke-marseille-zeep-sandelhout-100-g.aspx,/products/natuurlijke-marseille-zeep-sandelhout
https://www.phoeniximport.com/nl/4/44445/holy-lama-roos-zeep-in-palmblad-100-g.aspx,/products/holy-lama-roos-zeep-in-palmblad
https://www.phoeniximport.com/nl/4/02524/natuurlijke-marseille-zeep-muntblaadjes-100-g.aspx,/products/natuurlijke-marseille-zeep-muntblaadjes
https://www.phoeniximport.com/nl/4/02527/natuurlijke-marseille-zeep-verbenablaadjes-100-g.aspx,/products/natuurlijke-marseille-zeep-verbenablaadjes
https://www.phoeniximport.com/nl/4/222328/najel-aleppo-zeep-met-rode-klei-exfolirend-100-g.aspx,/products/najel-aleppo-zeep-met-rode-klei-exfolierend
https://www.phoeniximport.com/nl/4/222076/najel-aleppo-gastenzeepjes-set-5-zeepjes-5x20-g.aspx,/products/najel-aleppo-gastenzeepjes-set-5-zeepjes
https://www.phoeniximport.com/nl/4/2221371/najel-pure-olijfolie-zeep-uit-aleppo-200-g.aspx,/products/najel-pure-olijfolie-zeep-uit-aleppo
https://www.phoeniximport.com/nl/4/9715/natuurlijk-herstellend-haarmasker-indiaas-220g.aspx,/products/natuurlijk-herstellend-haarmasker-indiaas
https://www.phoeniximport.com/nl/4/9718/zeezout-lichaamsscrub-lavendel-300g.aspx,/products/zeezout-lichaamsscrub-lavendel
https://www.phoeniximport.com/nl/4/9706/natuurlijke-conditioner-bar-argan-60g.aspx,/products/natuurlijke-conditioner-bar-argan
https://www.phoeniximport.com/nl/4/9729/natuurlijke-scrub-zeep-kersen-100g.aspx,/products/natuurlijke-scrub-zeep-kersen
https://www.phoeniximport.com/nl/4/44466/holy-lama-zeep-zonnevlecht-chakra-100-g.aspx,/products/new-12
https://www.phoeniximport.com/nl/4/9775/luxe-geschenkset-angel-155x12x6cm.aspx,/products/luxe-geschenkset-angel
https://www.phoeniximport.com/nl/4/44468/holy-lama-zeep-keel-chakra-100-g.aspx,/products/new-10
https://www.phoeniximport.com/nl/4/9783/natuurlijke-handgemaakte-zeep-emotion-80g.aspx,/products/natuurlijke-handgemaakte-zeep-emotion
https://www.phoeniximport.com/nl/4/9733/natuurlijke-scrub-zeep-cranberry-100g.aspx,/products/natuurlijke-scrub-zeep-cranberry
https://www.phoeniximport.com/nl/4/9776/luxe-geschenkset-gold-155x12x6cm.aspx,/products/luxe-geschenkset-gold
https://www.phoeniximport.com/nl/4/3370/set-van-7-chakra-zepen-497g.aspx,/products/set-van-7-chakra-zepen
https://www.phoeniximport.com/nl/4/3376/zeep-6e-chakra-ajna-70-g.aspx,/products/zeep-6e-chakra-ajna
https://www.phoeniximport.com/nl/4/031400/tabiano-biosulfur-zwavel-zeep-125-g.aspx,/products/tabiano-biosulfur-zwavel-zeep
https://www.phoeniximport.com/nl/4/02526/natuurlijke-marseille-zeep-rozenblaadjes-100-g.aspx,/products/natuurlijke-marseille-zeep-rozenblaadjes
https://www.phoeniximport.com/nl/4/904040/oleanat-ezelinnenmelk-badtablet-5-in-blik.aspx,/products/oleanat-ezelinnenmelk-badtablet-5-in-blik
https://www.phoeniximport.com/nl/4/3375/zeep-5e-chakra-vishuddha-70-g.aspx,/products/zeep-5e-chakra-vishuddha
https://www.phoeniximport.com/nl/4/031100/tabiano-biosulfur-zwavel-douchegel-250-ml.aspx,/products/tabiano-biosulfur-zwavel-douchegel
https://www.phoeniximport.com/nl/4/44444/holy-lama-kokosnootolie-zeep-kewra-in-palmblad-100-g.aspx,/products/holy-lama-kokosnootolie-zeep-kewra-in-palmblad
https://www.phoeniximport.com/nl/4/3374/zeep-4e-chakra-anahata-70-g.aspx,/products/zeep-4e-chakra-anahata
https://www.phoeniximport.com/nl/4/3377/zeep-7e-chakra-sahasrara-70-g.aspx,/products/zeep-7e-chakra-sahasrara
https://www.phoeniximport.com/nl/4/25210/natuurlijke-marseille-zeep-roos-100-g.aspx,/products/natuurlijke-marseille-zeep-roos
https://www.phoeniximport.com/nl/4/44451/holy-lama-lavendel-zeep-100-g.aspx,/products/holy-lama-lavendel-zeep
https://www.phoeniximport.com/nl/4/13087/douche-poeder-sensitive-bio-eliah-sahil-90g.aspx,/products/douche-poeder-sensitive-bio-eliah-sahil
https://www.phoeniximport.com/nl/4/44450/holy-lama-roos-zeep-100-g.aspx,/products/holy-lama-roos-zeep
https://www.phoeniximport.com/nl/4/223887/najel-loofah-scrub-handschoen-45g.aspx,/products/najel-loofah-scrub-handschoen
https://www.phoeniximport.com/nl/4/44446/holy-lama-lavendel-zeep-in-palmblad-100-g.aspx,/products/holy-lama-lavendel-zeep-in-palmblad
https://www.phoeniximport.com/nl/4/222472/najel-aleppo-douchegel-jasmijngeur-bio-500ml.aspx,/products/najel-aleppo-douchegel-jasmijngeur-bio-1
https://www.phoeniximport.com/nl/4/13086/douche-poeder-kokos-hibiscus-bio-eliah-sahil-90-g.aspx,/products/douche-poeder-kokos-hibiscus-bio-eliah-sahil
https://www.phoeniximport.com/nl/4/9804/bruisbal-cotton-softness-145g.aspx,/products/bruisbal-cotton-softness
https://www.phoeniximport.com/nl/4/9800/natuurlijke-scrubspons-kokosnoot-150g.aspx,/products/natuurlijke-scrubspons-kokosnoot
https://www.phoeniximport.com/nl/4/9839/bruisbal-hart-lotus-90g.aspx,/products/bruisbal-hart-lotus
https://www.phoeniximport.com/nl/4/9791/natuurlijke-handgemaakte-zeep-dennenknoppen-80g.aspx,/products/natuurlijke-handgemaakte-zeep-dennenknoppen
https://www.phoeniximport.com/nl/4/25231/natuurlijke-marseille-zeep-jasmijn-100-g.aspx,/products/new-80
https://www.phoeniximport.com/nl/4/9785/natuurlijke-handgemaakte-zeep-goud-80g.aspx,/products/natuurlijke-handgemaakte-zeep-goud
https://www.phoeniximport.com/nl/4/12098/zeephouder-bamboe-rond-8cm.aspx,/products/zeephouder-bamboe-rond
https://www.phoeniximport.com/nl/4/44440/holy-lama-vetiver-zeep-rainforest-in-palmblad-100-g.aspx,/products/holy-lama-vetiver-zeep-rainforest-in-palmblad
https://www.phoeniximport.com/nl/4/02529/natuurlijke-marseille-zeep-kamperfoelie-100-g.aspx,/products/natuurlijke-marseille-zeep-kamperfoelie
https://www.phoeniximport.com/nl/4/9871/natuurlijke-handgemaakte-zeep-mama-mia-80g.aspx,/products/natuurlijke-handgemaakte-zeep-mama-mia
https://www.phoeniximport.com/nl/4/13354/ottoman-argan-spa-body-milk-persian-jasmine-400ml.aspx,/products/ottoman-argan-spa-body-milk-persian-jasmine
https://www.phoeniximport.com/nl/4/9854/bruisbal-mango-145g.aspx,/products/bruisbal-mango
https://www.phoeniximport.com/nl/4/902020/oleanat-ezelinnenmelk-zeep-licht-geparfumeerd-bio-100-g.aspx,/products/oleanat-ezelinnenmelk-zeep-licht-geparfumeerd-bio
https://www.phoeniximport.com/nl/4/9867/natuurlijke-handgemaakte-zeep-blauwe-bessen-bramen-80g.aspx,/products/natuurlijke-handgemaakte-zeep-blauwe-bessen-bramen
https://www.phoeniximport.com/nl/4/44467/holy-lama-zeep-hartchakra-100-g.aspx,/products/new-11
https://www.phoeniximport.com/nl/4/9784/natuurlijke-handgemaakte-zeep-eternity-80g.aspx,/products/natuurlijke-handgemaakte-zeep-eternity
https://www.phoeniximport.com/nl/4/222359/najel-dode-zee-badzout-180-g.aspx,/products/najel-dode-zee-badzout
https://www.phoeniximport.com/nl/4/222175/najel-aleppo-zeep-met-biologische-damascener-roos-100-g.aspx,/products/najel-aleppo-zeep-met-biologische-damascener-roos
https://www.phoeniximport.com/nl/4/9701/natuurlijke-shampoo-bar-gember-sinaasappel-60g.aspx,/products/natuurlijke-shampoo-bar-gember-sinaasappel
https://www.phoeniximport.com/nl/4/222205/najel-aleppo-zeep-met-honing-100-g.aspx,/products/najel-aleppo-zeep-met-honing
https://www.phoeniximport.com/nl/4/25211/natuurlijke-marseille-zeep-amandel-100-g.aspx,/products/natuurlijke-marseille-zeep-amandel
https://www.phoeniximport.com/nl/4/9731/natuurlijke-scrub-zeep-lavendel-100g.aspx,/products/natuurlijke-scrub-zeep-lavendel
https://www.phoeniximport.com/nl/4/22217/holy-lama-yogi-zepen-set-van-12-20-g.aspx,/products/holy-lama-yogi-zepen-set-van-12
https://www.phoeniximport.com/nl/4/3371/zeep-1e-chakra-muladhara-70-g.aspx,/products/zeep-1e-chakra-muladhara
https://www.phoeniximport.com/nl/4/223885/najel-aleppo-zeep-12-180-g.aspx,/products/najel-aleppo-zeep-12
https://www.phoeniximport.com/nl/4/44441/holy-lama-neem-tulsi-zeep-yogi-in-palmblad-100-g.aspx,/products/holy-lama-neem-tulsi-zeep-yogi-in-palmblad
https://www.phoeniximport.com/nl/4/3372/zeep-2e-chakra-swadhistana-70-g.aspx,/products/zeep-2e-chakra-swadhistana
https://www.phoeniximport.com/nl/4/222198/najel-aleppo-zeep-met-biologische-houtskool-100-g.aspx,/products/najel-aleppo-zeep-met-biologische-houtskool
https://www.phoeniximport.com/nl/4/3373/zeep-3e-chakra-manipura-70-g.aspx,/products/zeep-3e-chakra-manipura
https://www.phoeniximport.com/nl/4/02545/natuurlijke-marseille-zeep-lavendel-300-g.aspx,/products/natuurlijke-marseille-zeep-lavendel
https://www.phoeniximport.com/nl/4/44443/holy-lama-kurkuma-zeep-in-palmblad-100-g.aspx,/products/holy-lama-kurkuma-zeep-in-palmblad
https://www.phoeniximport.com/nl/4/22223/holy-lama-kurkuma-zeep-100-g.aspx,/products/holy-lama-kurkuma-zeep
https://www.phoeniximport.com/nl/4/02553/natuurlijke-marseille-zeep-lavendelbloem-exfolirend-100-g.aspx,/products/natuurlijke-marseille-zeep-lavendelbloem-exfolierend
https://www.phoeniximport.com/nl/4/02525/natuurlijke-marseille-zeep-olijfblaadjes-100-g.aspx,/products/natuurlijke-marseille-zeep-olijfblaadjes
https://www.phoeniximport.com/nl/4/02523/natuurlijke-marseille-zeep-argan-olie-100-g.aspx,/products/natuurlijke-marseille-zeep-argan-olie
https://www.phoeniximport.com/nl/4/02521/natuurlijke-marseille-zeep-aloe-vera-100-g.aspx,/products/natuurlijke-marseille-zeep-aloe-vera
https://www.phoeniximport.com/nl/4/02531/natuurlijke-marseille-zeep-kokosmelk-100-g.aspx,/products/natuurlijke-marseille-zeep-kokosmelk
https://www.phoeniximport.com/nl/4/9787/natuurlijke-handgemaakte-zeep-honing-en-melk-80g.aspx,/products/natuurlijke-handgemaakte-zeep-honing-en-melk
https://www.phoeniximport.com/nl/4/44460/holy-lama-zeep-derde-oog-chakra-in-palmblad-100g.aspx,/products/holy-lama-zeep-derde-oog-chakra-in-palmblad
https://www.phoeniximport.com/nl/4/25232/natuurlijke-marseille-zeep-ezelinnenmelk-100-g.aspx,/products/natuurlijke-marseille-zeep-ezelinnenmelk
https://www.phoeniximport.com/nl/4/9806/bruisbal-goud-145g.aspx,/products/bruisbal-goud
https://www.phoeniximport.com/nl/4/9802/bruisbal-bosbessen-bramen-145g.aspx,/products/bruisbal-bosbessen-bramen
https://www.phoeniximport.com/nl/4/9790/natuurlijke-handgemaakte-zeep-mojito-80g.aspx,/products/natuurlijke-handgemaakte-zeep-mojito
https://www.phoeniximport.com/nl/4/25234/natuurlijke-marseille-zeep-olijf-100-g.aspx,/products/new-56
https://www.phoeniximport.com/nl/4/220898/najel-aleppo-kruidenzeep-amberoud-aan-koord-150-g.aspx,/products/najel-aleppo-kruidenzeep-amber-oud-aan-koord
https://www.phoeniximport.com/nl/4/9778/natuurlijke-handgemaakte-zeep-angel-80g.aspx,/products/natuurlijke-handgemaakte-zeep-angel
https://www.phoeniximport.com/nl/4/44457/holy-lama-zeep-zonnevlecht-chakra-in-palmblad-100g.aspx,/products/holy-lama-zeep-zonnevlecht-chakra-in-palmblad
https://www.phoeniximport.com/nl/4/9781/natuurlijke-handgemaakte-zeep-cotton-softness-80g.aspx,/products/natuurlijke-handgemaakte-zeep-cotton-softness
https://www.phoeniximport.com/nl/4/9716/zeezout-lichaamsscrub-bosbessen-bramen-300g.aspx,/products/zeezout-lichaamsscrub-bosbessen-bramen
https://www.phoeniximport.com/nl/4/9711/versterkende-shampoo-tegen-haarverlies-200ml.aspx,/products/versterkende-shampoo-tegen-haarverlies
https://www.phoeniximport.com/nl/4/9777/luxe-geschenkset-mojito-155x12x6cm.aspx,/products/luxe-geschenkset-mojito
https://www.phoeniximport.com/nl/4/44469/holy-lama-zeep-derde-oog-chakra-100-g.aspx,/products/new-9
https://www.phoeniximport.com/nl/4/9720/zeezout-body-scrub-aardbeien-met-slagroom-300g.aspx,/products/zeezout-body-scrub-aardbeien-met-slagroom
https://www.phoeniximport.com/nl/4/222878/najel-massageborstel-voor-baddouche-104g.aspx,/products/najel-massageborstel-voor-bad-douche
https://www.phoeniximport.com/nl/4/13343/ottoman-natuurlijke-olijfoliezepen-giftbox-van-4-16x18x55cm-587g.aspx,/products/ottoman-natuurlijke-olijfoliezepen-giftbox-van-4
https://www.phoeniximport.com/nl/4/13353/ottoman-argan-spa-douchegel-persian-jasmine-400ml.aspx,/products/ottoman-argan-spa-douchegel-persian-jasmine
https://www.phoeniximport.com/nl/4/9864/natuurlijke-shampoo-bar-verbena-60g.aspx,/products/natuurlijke-shampoo-bar-verbena
https://www.phoeniximport.com/nl/4/9863/natuurlijke-shampoo-bar-eucalyptus-60g.aspx,/products/natuurlijke-shampoo-bar-eucalyptus
https://www.phoeniximport.com/nl/4/9868/natuurlijke-handgemaakte-zeep-kers-80g.aspx,/products/natuurlijke-handgemaakte-zeep-kers
https://www.phoeniximport.com/nl/4/9856/bruisbal-kokosnoot-145g.aspx,/products/bruisbal-kokosnoot
https://www.phoeniximport.com/nl/4/9873/natuurlijke-handgemaakte-zeep-mirabella-80g.aspx,/products/natuurlijke-handgemaakte-zeep-mirabella
https://www.phoeniximport.com/nl/4/13341/ottoman-olijfolie-zeep-met-laurierolie-20-190g.aspx,/products/ottoman-olijfolie-zeep-met-laurierolie-20
https://www.phoeniximport.com/nl/4/13302/ottoman-argan-spa-vloeibare-zeep-royal-amber-400ml.aspx,/products/ottoman-argan-spa-vloeibare-zeep-royal-amber
https://www.phoeniximport.com/nl/4/9861/natuurlijke-shampoo-bar-mango-60g.aspx,/products/natuurlijke-shampoo-bar-mango
https://www.phoeniximport.com/nl/4/13322/ottoman-argan-spa-vloeibare-zeep-oriental-rose-400ml.aspx,/products/ottoman-argan-spa-vloeibare-zeep-oriental-rose
https://www.phoeniximport.com/nl/4/9792/natuurlijke-handgemaakte-zeep-pleasure-80g.aspx,/products/natuurlijke-handgemaakte-zeep-pleasure
https://www.phoeniximport.com/nl/4/9858/natuurlijke-shampoo-bar-cranberry-60g.aspx,/products/natuurlijke-shampoo-bar-cranberry
https://www.phoeniximport.com/nl/4/9728/natuurlijke-scrub-zeep-bosbessen-bramen-100g.aspx,/products/natuurlijke-scrub-zeep-bosbessen-bramen
https://www.phoeniximport.com/nl/4/9708/natuurlijke-conditioner-bar-sheaboter-60g.aspx,/products/natuurlijke-conditioner-bar-sheaboter
https://www.phoeniximport.com/nl/4/9703/natuurlijke-shampoo-bar-lavendel-60g.aspx,/products/natuurlijke-shampoo-bar-lavendel
https://www.phoeniximport.com/nl/4/9705/natuurlijke-conditioner-bar-alo-60g.aspx,/products/natuurlijke-conditioner-bar-aloe
https://www.phoeniximport.com/nl/4/22220/holy-lama-vetiver-zeep-rainforest-100-g.aspx,/products/holy-lama-vetiver-zeep-rainforest
https://www.phoeniximport.com/nl/4/9870/natuurlijke-handgemaakte-zeep-lavendel-80g.aspx,/products/natuurlijke-handgemaakte-zeep-lavendel
https://www.phoeniximport.com/nl/4/15054/zeephouder-zandsteen-beige-330-g-14x9x2-cm.aspx,/products/zeephouder-zandsteen-beige
https://www.phoeniximport.com/nl/4/9759/natuurlijke-handzeep-gold-200ml.aspx,/products/natuurlijke-handzeep-gold
https://www.phoeniximport.com/nl/4/9869/natuurlijke-handgemaakte-zeep-grapefruit-80g.aspx,/products/natuurlijke-handgemaakte-zeep-grapefruit
https://www.phoeniximport.com/nl/4/9866/natuurlijke-handgemaakte-zeep-bella-donna-80g.aspx,/products/natuurlijke-handgemaakte-zeep-bella-donna
https://www.phoeniximport.com/nl/4/9857/natural-shampoo-bar-grapefruit-60g.aspx,/products/natural-shampoo-bar-grapefruit
https://www.phoeniximport.com/nl/4/9872/natuurlijke-handgemaakte-zeep-marine-freshness-80g.aspx,/products/natuurlijke-handgemaakte-zeep-marine-freshness
https://www.phoeniximport.com/nl/4/9709/antioxidant-shampoo-voor-beschadigd-haar-200ml.aspx,/products/antioxidant-shampoo-voor-beschadigd-haar
https://www.phoeniximport.com/nl/4/44464/holy-lama-zeep-wortelchakra-100-g.aspx,/products/new
https://www.phoeniximport.com/nl/4/221543/wellness-zeephouder-hout-105x65x1-cm.aspx,/products/wellness-zeephouder-hout
https://www.phoeniximport.com/nl/4/9700/natuurlijke-shampoo-bar-cotton-softness-60g.aspx,/products/natuurlijke-shampoo-bar-cotton-softness
https://www.phoeniximport.com/nl/4/44465/holy-lama-zeep-sacraal-chakra-100-g.aspx,/products/new-13
https://www.phoeniximport.com/nl/4/9764/natuurlijke-handzeep-verbena-200ml.aspx,/products/natuurlijke-handzeep-verbena
https://www.phoeniximport.com/nl/4/9760/natuurlijke-handzeep-jasmijn-groene-thee-200ml.aspx,/products/natuurlijke-handzeep-jasmijn-groene-thee
https://www.phoeniximport.com/nl/4/222199/najel-aleppo-zeep-met-rhassoul-en-arganolie-100g.aspx,/products/najel-aleppo-zeep-met-rhassoul-en-arganolie
https://www.phoeniximport.com/nl/4/22233/holy-lama-ayurvedische-douchegel-200-ml.aspx,/products/holy-lama-ayurvedische-douchegel
https://www.phoeniximport.com/nl/4/9732/natuurlijke-scrub-zeep-mango-100g.aspx,/products/natuurlijke-scrub-zeep-mango
https://www.phoeniximport.com/nl/4/9734/natuurlijke-scrub-zeep-dennenknoppen-100g.aspx,/products/natuurlijke-scrub-zeep-dennenknoppen
https://www.phoeniximport.com/nl/4/44471/holy-lama-zepen-7-chakras-7x50-g.aspx,/products/new-7
https://www.phoeniximport.com/nl/4/9862/natuurlijke-shampoo-bar-dennenknoppen-60g.aspx,/products/natuurlijke-shampoo-bar-dennenknoppen
https://www.phoeniximport.com/nl/4/13352/ottoman-argan-spa-vloeibare-zeep-persian-jasmine-400ml.aspx,/products/ottoman-argan-spa-vloeibare-zeep-persian-jasmine
https://www.phoeniximport.com/nl/4/9860/natuurlijke-shampoo-bar-korenbloem-60g.aspx,/products/natuurlijke-shampoo-bar-korenbloem
https://www.phoeniximport.com/nl/4/9859/natuurlijke-shampoo-bar-kamille-60g.aspx,/products/natuurlijke-shampoo-bar-kamille
https://www.phoeniximport.com/nl/4/13342/ottoman-hamamzeep-met-olijf-en-kokosolie-190g.aspx,/products/ottoman-hamamzeep-met-olijf-en-kokosolie
https://www.phoeniximport.com/nl/4/222342/najel-aleppo-zeep-met-dode-zee-klei-100-g.aspx,/products/najel-aleppo-zeep-met-dode-zee-klei
https://www.phoeniximport.com/nl/4/9788/natuurlijke-handgemaakte-zeep-japanse-roos-80g.aspx,/products/natuurlijke-handgemaakte-zeep-japanse-roos
https://www.phoeniximport.com/nl/4/22221/holy-lama-neem-tulsi-zeep-yogi-100-g.aspx,/products/holy-lama-neem-tulsi-zeep-yogi
https://www.phoeniximport.com/nl/4/9704/natuurlijke-shampoo-bar-mojito-60g.aspx,/products/natuurlijke-shampoo-bar-mojito
https://www.phoeniximport.com/nl/4/9774/luxe-geschenkset-lavendel-215x17x6cm.aspx,/products/luxe-geschenkset-lavendel
https://www.phoeniximport.com/nl/4/9780/natuurlijke-handgemaakte-zeep-kokosnoot-80g.aspx,/products/natuurlijke-handgemaakte-zeep-kokosnoot
https://www.phoeniximport.com/nl/4/44470/holy-lama-zeep-kruinchakra-100-g.aspx,/products/new-8
https://www.phoeniximport.com/nl/4/9773/luxe-geschenkset-bright-crystal-215x17x6cm.aspx,/products/luxe-geschenkset-bright-crystal
https://www.phoeniximport.com/nl/4/9730/natuurlijke-scrub-zeep-eucalyptus-100g.aspx,/products/natuurlijke-scrub-zeep-eucalyptus
https://www.phoeniximport.com/nl/4/222410/najel-zwarte-peeling-handschoen-44g.aspx,/products/najel-zwarte-peeling-handschoen
https://www.phoeniximport.com/nl/4/222182/najel-aleppo-zeep-met-biologische-jasmijn-100-g.aspx,/products/najel-aleppo-zeep-met-biologische-jasmijn
https://www.phoeniximport.com/nl/4/9702/natuurlijke-shampoo-bar-kokosnoot-60g.aspx,/products/natuurlijke-shampoo-bar-kokosnoot
https://www.phoeniximport.com/nl/4/9782/natuurlijke-handgemaakte-zeep-dolce-vita-80g.aspx,/products/natuurlijke-handgemaakte-zeep-dolce-vita
https://www.phoeniximport.com/nl/4/44458/holy-lama-zeep-hart-chakra-in-palmblad-100g.aspx,/products/holy-lama-zeep-hart-chakra-in-palmblad
https://www.phoeniximport.com/nl/4/25233/natuurlijke-marseille-zeep-zeebries-100-g.aspx,/products/new-65
https://www.phoeniximport.com/nl/4/9813/bruisbal-lavendel-bloem-145g.aspx,/products/bruisbal-lavendel-bloem
https://www.phoeniximport.com/nl/4/9799/natuurlijke-scrubspons-lavendel-150g.aspx,/products/natuurlijke-scrubspons-lavendel
https://www.phoeniximport.com/nl/4/223684/najel-aleppo-laurier-olie-12-zeep-100-g.aspx,/products/najel-aleppo-laurier-olie-12-zeep
https://www.phoeniximport.com/nl/4/44459/holy-lama-zeep-keel-chakra-in-palmblad-100g.aspx,/products/holy-lama-zeep-keel-chakra-in-palmblad
https://www.phoeniximport.com/nl/4/13313/ottoman-argan-spa-douchegel-sahara-musk-400ml.aspx,/products/ottoman-argan-spa-douchegel-sahara-musk
https://www.phoeniximport.com/nl/4/13334/ottoman-argan-spa-douchegel-marrakech-oud-400ml.aspx,/products/ottoman-argan-spa-douchegel-marrakech-oud
https://www.phoeniximport.com/nl/4/13312/ottoman-argan-spa-vloeibare-zeep-sahara-musk-400ml.aspx,/products/ottoman-argan-spa-vloeibare-zeep-sahara-musk
https://www.phoeniximport.com/nl/4/13332/ottoman-argan-spa-vloeibare-zeep-marrakech-oud-400ml.aspx,/products/ottoman-argan-spa-vloeibare-zeep-marrakech-oud
https://www.phoeniximport.com/nl/4/223884/najel-aleppo-zeep-30-170-g.aspx,/products/najel-aleppo-zeep-30
https://www.phoeniximport.com/nl/4/220895/najel-vloeibare-aleppozeep-met-kamillewater-bio-200ml.aspx,/products/najel-vloeibare-aleppozeep-met-kamillewater-bio
https://www.phoeniximport.com/nl/4/9853/bruisbal-aardbeien-en-room-145g.aspx,/products/bruisbal-aardbeien-en-room
https://www.phoeniximport.com/nl/4/9865/natuurlijke-shampoo-bar-japanse-groene-thee-60g.aspx,/products/natuurlijke-shampoo-bar-japanse-groene-thee
https://www.phoeniximport.com/nl/4/44456/holy-lama-zeep-sacraal-chakra-in-palmblad-100g.aspx,/products/holy-lama-zeep-sacraal-chakra-in-palmblad
https://www.phoeniximport.com/nl/4/9807/bruisbal-japanse-roos-145g.aspx,/products/bruisbal-japanse-roos
https://www.phoeniximport.com/nl/4/44461/holy-lama-zeep-kruin-chakra-in-palmblad-100g.aspx,/products/holy-lama-zeep-kruin-chakra-in-palmblad
https://www.phoeniximport.com/nl/4/9849/bruisbal-hart-gold-90g.aspx,/products/bruisbal-hart-gold
https://www.phoeniximport.com/nl/4/02598/natuurlijke-marseille-zeep-vanille-100-g.aspx,/products/natuurlijke-marseille-zeep-vanille
https://www.phoeniximport.com/nl/4/25235/natuurlijke-marseille-zeep-lavendelbloemen-100-g.aspx,/products/new-183
https://www.phoeniximport.com/nl/4/9797/natuurlijke-handgemaakte-zeep-geitenmelk-80g.aspx,/products/natuurlijke-handgemaakte-zeep-geitenmelk
https://www.phoeniximport.com/nl/4/9814/bruisbal-rozenblaadjes-145g.aspx,/products/bruisbal-rozenblaadjes
https://www.phoeniximport.com/nl/4/44455/holy-lama-zeep-wortel-chakra-in-palmblad-100g.aspx,/products/holy-lama-zeep-wortel-chakra-in-palmblad
https://www.phoeniximport.com/nl/4/9809/bruisbal-la-nuit-145g.aspx,/products/bruisbal-la-nuit
https://www.phoeniximport.com/nl/4/223813/najel-aleppo-zwarte-scrubzeep-eucalyptus-180-g.aspx,/products/najel-aleppo-zwarte-scrubzeep-eucalyptus
https://www.phoeniximport.com/nl/4/108/neti-pot-plastic-175x7-cm-150-ml.aspx,/products/neti-pot-plastic
https://www.phoeniximport.com/nl/4/109/neti-pot-keramiek-175x7-cm-150-ml.aspx,/products/neti-pot-keramiek
https://www.phoeniximport.com/nl/4/115/tongreiniger-van-koper-75-g.aspx,/products/tongreiniger-van-koper
https://www.phoeniximport.com/nl/4/116/tongschraper-superieure-kwaliteit-koper-30-g.aspx,/products/tongschraper-superieure-kwaliteit-koper
https://www.phoeniximport.com/nl/4/12453/bach-roll-on-depression-bio-10ml.aspx,/products/bach-roll-on-depression-bio
https://www.phoeniximport.com/nl/4/12454/bach-roll-on-energy-bio-10ml.aspx,/products/bach-roll-on-energy-bio
https://www.phoeniximport.com/nl/4/12455/bach-roll-on-stress-bio-10ml.aspx,/products/bach-roll-on-stress-bio
https://www.phoeniximport.com/nl/4/12457/bach-roll-on-slimness-bio-10ml.aspx,/products/bach-roll-on-slimness-bio
https://www.phoeniximport.com/nl/4/12458/bach-roll-on-sleep-bio-10ml.aspx,/products/bach-roll-on-sleep-bio
https://www.phoeniximport.com/nl/4/12459/bach-roll-on-children-bio-10ml.aspx,/products/bach-roll-on-children-bio
https://www.phoeniximport.com/nl/4/12460/bach-roll-on-menopause-bio-10ml.aspx,/products/bach-roll-on-menopause-bio
https://www.phoeniximport.com/nl/4/12504/bach-eau-de-toilette-audace-stimulerend-30-ml.aspx,/products/bach-eau-de-toilette-audace-stimulerend
https://www.phoeniximport.com/nl/4/12506/bach-eau-de-toilette-harmonie-kalmerend-30-ml.aspx,/products/bach-eau-de-toilette-harmonie-kalmerend
https://www.phoeniximport.com/nl/4/13077/body-peeling-roos-argan-bio-eliah-sahil-256-g.aspx,/products/body-peeling-roos-argan-bio-eliah-sahil
https://www.phoeniximport.com/nl/4/13078/huidhaar-olie-jojoba-roos-bio-eliah-sahil-100-ml.aspx,/products/huid-haar-olie-jojoba-roos-bio-eliah-sahil
https://www.phoeniximport.com/nl/4/13079/huidhaar-olie-amandel-sandelhout-bio-eliah-sahil-100-ml.aspx,/products/huid-haar-olie-amandel-sandelhout-bio-eliah-sahil
https://www.phoeniximport.com/nl/4/13081/desinfecterende-handspray-rozemarijn-bio-eliah-sahil-60ml.aspx,/products/desinfecterende-handspray-rozemarijn-bio-eliah-sahil
https://www.phoeniximport.com/nl/4/13082/huidhaar-olie-argan-bio-eliah-sahil-100-ml.aspx,/products/huid-haar-olie-argan-bio-eliah-sahil
https://www.phoeniximport.com/nl/4/13083/huidhaar-olie-jojoba-bio-eliah-sahil-100-ml.aspx,/products/huid-haar-olie-jojoba-bio-eliah-sahil
https://www.phoeniximport.com/nl/4/13304/ottoman-argan-spa-body-milk-royal-amber-400ml.aspx,/products/ottoman-argan-spa-body-milk-royal-amber
https://www.phoeniximport.com/nl/4/13305/ottoman-argan-spa-bodyspray-royal-amber-200ml.aspx,/products/ottoman-argan-spa-bodyspray-royal-amber
https://www.phoeniximport.com/nl/4/13314/ottoman-argan-spa-body-milk-sahara-musk-400ml.aspx,/products/ottoman-argan-spa-body-milk-sahara-musk
https://www.phoeniximport.com/nl/4/13315/ottoman-argan-spa-bodyspray-sahara-musk-200ml.aspx,/products/ottoman-argan-spa-bodyspray-sahara-musk
https://www.phoeniximport.com/nl/4/13324/ottoman-argan-spa-body-milk-oriental-rose-400ml.aspx,/products/ottoman-argan-spa-body-milk-oriental-rose
https://www.phoeniximport.com/nl/4/13325/ottoman-argan-spa-bodyspray-oriental-rose-200ml.aspx,/products/ottoman-argan-spa-bodyspray-oriental-rose
https://www.phoeniximport.com/nl/4/13336/ottoman-argan-spa-body-milk-marrakech-oud-400ml.aspx,/products/ottoman-argan-spa-body-milk-marrakech-oud
https://www.phoeniximport.com/nl/4/13338/ottoman-argan-spa-bodyspray-marrakech-oud-200ml.aspx,/products/ottoman-argan-spa-bodyspray-marrakech-oud
https://www.phoeniximport.com/nl/4/13344/ottoman-hamam-ceremonie-giftbox-9x14x4cm-175g.aspx,/products/ottoman-hamam-ceremonie-giftbox
https://www.phoeniximport.com/nl/4/13349/ottoman-hamamdoek-zwart-190x90cm.aspx,/products/ottoman-hamamdoek-zwart
https://www.phoeniximport.com/nl/4/13350/ottoman-hamamdoek-donkerblauw-190x90cm.aspx,/products/ottoman-hamamdoek-donkerblauw
https://www.phoeniximport.com/nl/4/13351/ottoman-hamamdoek-oudroze-190x90cm.aspx,/products/ottoman-hamamdoek-oudroze
https://www.phoeniximport.com/nl/4/13382/ottoman-hamamdoek-olijfgroen-190x90cm.aspx,/products/new-538
https://www.phoeniximport.com/nl/4/13383/ottoman-hamamdoek-bruin-190x90cm.aspx,/products/new-537
https://www.phoeniximport.com/nl/4/13384/ottoman-hamamdoek-petrol-190x90cm.aspx,/products/new-536
https://www.phoeniximport.com/nl/4/17879/vitajuwel-treat-series-dispenser-wellness-250-ml.aspx,/products/new-vitajuwel-treat-series-zeep-pomp-wellness
https://www.phoeniximport.com/nl/4/17882/vitajuwel-treat-series-dispenser-happiness-250-ml.aspx,/products/new-vitajuwel-treat-series-zeep-pomp-happiness
https://www.phoeniximport.com/nl/4/220274/najel-shea-boter-met-cacao-bio-100-g.aspx,/products/najel-shea-boter-met-cacao-bio
https://www.phoeniximport.com/nl/4/220836/najel-aluinsteen-natuurlijke-deodorantstick-100-g.aspx,/products/najel-aluinsteen-natuurlijke-deodorantstick
https://www.phoeniximport.com/nl/4/220893/najel-olijfblad-hydrolaat-bio-200ml.aspx,/products/najel-olijfblad-hydrolaat-bio
https://www.phoeniximport.com/nl/4/221048/najel-lava-scrubsteen-met-hangkoord-7-10-cm.aspx,/products/najel-lava-scrubsteen-met-hangkoord
https://www.phoeniximport.com/nl/4/221079/najel-damascus-roos-hydrolaat-bio-200-ml.aspx,/products/najel-damascus-roos-hydrolaat-bio
https://www.phoeniximport.com/nl/4/222236/najel-sheaboter-met-vanille-bio-100-g.aspx,/products/najel-sheaboter-met-vanille-bio
https://www.phoeniximport.com/nl/4/222267/najel-aluinsteen-natuurlijke-deodorant-90-g.aspx,/products/najel-aluinsteen-natuurlijke-deodorant
https://www.phoeniximport.com/nl/4/222281/najel-arganolie-voor-huid-en-haar-bio-80-ml.aspx,/products/najel-arganolie-voor-huid-en-haar-bio
https://www.phoeniximport.com/nl/4/222304/najel-huidverzorging-cactuszaad-olie-80-ml.aspx,/products/najel-huidverzorging-cactuszaad-olie
https://www.phoeniximport.com/nl/4/222311/najel-huidverzorging-drie-olin-elixer-bio-125-ml.aspx,/products/najel-huidverzorging-drie-olien-elixer-bio
https://www.phoeniximport.com/nl/4/22239/holy-lama-aloe-vera-gel-250-g.aspx,/products/holy-lama-aloe-vera-gel
https://www.phoeniximport.com/nl/4/222397/najel-dode-zee-klei-300-g.aspx,/products/najel-dode-zee-klei
https://www.phoeniximport.com/nl/4/22241/holy-lama-voetencrme-250-g.aspx,/products/holy-lama-voetencreme
https://www.phoeniximport.com/nl/4/22242/holy-lama-handcrme-250-g.aspx,/products/holy-lama-handcreme
https://www.phoeniximport.com/nl/4/22248/holy-lama-naturals-body-cream-250-g.aspx,/products/holy-lama-naturals-body-cream
https://www.phoeniximport.com/nl/4/22252/holy-lama-naturals-deodorant-50-g.aspx,/products/holy-lama-naturals-deodorant
https://www.phoeniximport.com/nl/4/222702/najel-huid-haarverzorging-jojoba-olie-bio-80-ml.aspx,/products/najel-huid-haarverzorging-jojoba-olie-bio
https://www.phoeniximport.com/nl/4/222703/najel-huid-haarverzorging-woestijndadel-olie-bio-80-ml.aspx,/products/najel-huid-haarverzorging-woestijndadel-olie-bio
https://www.phoeniximport.com/nl/4/222704/najel-huid-haarverzorging-castor-olie-bio-80-ml.aspx,/products/najel-huid-haarverzorging-castor-olie-bio
https://www.phoeniximport.com/nl/4/222892/najel-aluinsteen-natuurlijke-deodorant-spray-125-ml.aspx,/products/najel-aluinsteen-natuurlijke-deodorant-spray
https://www.phoeniximport.com/nl/4/222939/bio-amandelolie-massageolie-en-huidverzorging-80-ml.aspx,/products/bio-amandelolie-massageolie-en-huidverzorging
https://www.phoeniximport.com/nl/4/223888/najel-hydraterende-gezichtscrme-bio-50ml.aspx,/products/najel-hydraterende-gezichtscreme-bio
https://www.phoeniximport.com/nl/4/223889/najel-anti-aging-gezichtscrme-met-cactusvijg-bio-50ml.aspx,/products/najel-anti-aging-gezichtscreme-met-cactusvijg-bio
https://www.phoeniximport.com/nl/4/223890/najel-reinigend-houtskool-gezichtsmasker-bio-75-ml.aspx,/products/najel-reinigend-houtskool-gezichtsmasker-bio
https://www.phoeniximport.com/nl/4/223899/najel-dode-zee-zoutwater-bio-200ml.aspx,/products/najel-dode-zee-zoutwater-bio
https://www.phoeniximport.com/nl/4/2290003/oorkaarsen-natural-groot-pak-147g.aspx,/products/oorkaarsen-natural-groot-pak
https://www.phoeniximport.com/nl/4/2290010/oorkaarsen-lavendel-groot-pak-147g.aspx,/products/oorkaarsen-lavendel-groot-pak
https://www.phoeniximport.com/nl/4/2290409/oorkaarsen-natural-45g.aspx,/products/oorkaarsen-natural
https://www.phoeniximport.com/nl/4/2290423/oorkaarsen-eucalyptus-45g.aspx,/products/oorkaarsen-eucalyptus
https://www.phoeniximport.com/nl/4/2290447/oorkaarsen-tea-tree-45g.aspx,/products/oorkaarsen-tea-tree
https://www.phoeniximport.com/nl/4/2290478/oorkaarsen-propolis-45g.aspx,/products/oorkaarsen-propolis
https://www.phoeniximport.com/nl/4/2290479/oorkaarsen-eco-friendly-natural-groot-pak-166g.aspx,/products/oorkaarsen-eco-friendly-natural-groot-pak
https://www.phoeniximport.com/nl/4/2290638/oorkaarsen-thijm-45g.aspx,/products/oorkaarsen-thijm
https://www.phoeniximport.com/nl/4/2290904/bio-behandeldoek-voor-kaarsentherapie-31x31.aspx,/products/bio-behandeldoek-voor-kaarsentherapie
https://www.phoeniximport.com/nl/4/55000/bio-massagekaars-lavendel-100ml.aspx,/products/bio-massagekaars-lavendel
https://www.phoeniximport.com/nl/4/55001/bio-massagekaars-vanille-50ml.aspx,/products/bio-massagekaars-vanille
https://www.phoeniximport.com/nl/4/55002/bio-massagekaars-exotica-50ml.aspx,/products/bio-massagekaars-exotica
https://www.phoeniximport.com/nl/4/55003/bio-massagekaars-sandelhout-sinaasappelbloesem-100ml.aspx,/products/bio-massagekaars-sandelhout-sinaasappelbloesem
https://www.phoeniximport.com/nl/4/55005/massagekaars-venice-50ml.aspx,/products/massagekaars-venice
https://www.phoeniximport.com/nl/4/55006/massagekaars-aqua-rose-50ml.aspx,/products/massagekaars-aqua-rose
https://www.phoeniximport.com/nl/4/55007/massagekaars-vanilla-100ml.aspx,/products/massagekaars-vanilla
https://www.phoeniximport.com/nl/4/55008/massagekaars-peach-grace-100ml.aspx,/products/massagekaars-peach-grace
https://www.phoeniximport.com/nl/4/6471608/oorkaarsen-kamille-bio-groot-pak-130g.aspx,/products/oorkaarsen-kamille-bio-groot-pak
https://www.phoeniximport.com/nl/4/905915/oleanat-body-milk-ezelinnenmelk-bio-200-ml.aspx,/products/oleanat-body-milk-ezelinnenmelk-bio
https://www.phoeniximport.com/nl/4/9523/gua-sha-massagehulp-rozenkwarts-45-g-8-cm.aspx,/products/gua-sha-massagehulp-rozenkwarts
https://www.phoeniximport.com/nl/4/9524/gua-sha-massagehulp-bergkristal-40g-8-cm.aspx,/products/gua-sha-massagehulp-bergkristal
https://www.phoeniximport.com/nl/4/9767/natuurlijke-massage-olie-angel-200ml.aspx,/products/natuurlijke-massage-olie-angel
https://www.phoeniximport.com/nl/4/9768/natuurlijke-massageolie-lavendel-200ml.aspx,/products/natuurlijke-massageolie-lavendel
https://www.phoeniximport.com/nl/4/9769/natuurlijke-massageolie-kokosnoot-200-ml.aspx,/products/natuurlijke-massageolie-kokosnoot
https://www.phoeniximport.com/nl/4/9770/natuurlijke-massageolie-gold-200ml.aspx,/products/natuurlijke-massageolie-gold
https://www.phoeniximport.com/nl/4/9771/natuurlijke-massageolie-mojito-200ml.aspx,/products/natuurlijke-massageolie-mojito
https://www.phoeniximport.com/nl/4/9772/natuurlijke-massageolie-neutraal-200ml.aspx,/products/natuurlijke-massageolie-neutraal
https://www.phoeniximport.com/nl/4/9852/natuurlijk-gezichtsmasker-zeealgen-100g.aspx,/products/natuurlijk-gezichtsmasker-zeealgen
https://www.phoeniximport.com/nl/4/9874/natuurlijke-massageolie-dolce-vita-200ml.aspx,/products/natuurlijke-massageolie-dolce-vita
https://www.phoeniximport.com/nl/4/9875/natuurlijke-massageolie-emotion-200ml.aspx,/products/natuurlijke-massageolie-emotion
https://www.phoeniximport.com/nl/4/9876/natuurlijke-massageolie-jadore-200ml.aspx,/products/natuurlijke-massageolie-jadore
https://www.phoeniximport.com/nl/4/9877/natuurlijke-massageolie-la-nuit-200ml.aspx,/products/natuurlijke-massageolie-la-nuit
https://www.phoeniximport.com/nl/4/9878/natuurlijke-massageolie-opium-200ml.aspx,/products/natuurlijke-massageolie-opium
https://www.phoeniximport.com/nl/4/9879/handgemaakte-handcrme-anti-age-100ml.aspx,/products/handgemaakte-handcreme-anti-age
https://www.phoeniximport.com/nl/4/9880/handgemaakte-handcrme-hydraterend-100ml.aspx,/products/handgemaakte-handcreme-hydraterend
https://www.phoeniximport.com/nl/4/9881/handgemaakte-handcrme-voedend-100ml.aspx,/products/handgemaakte-handcreme-voedend
https://www.phoeniximport.com/nl/4/9882/handgemaakte-handcrme-universeel-100ml.aspx,/products/handgemaakte-handcreme-universeel
https://www.phoeniximport.com/nl/4/13070/poedershampoo-amla-bio-eliah-sahil-100-g.aspx,/products/poedershampoo-amla-bio-eliah-sahil
https://www.phoeniximport.com/nl/4/13072/poedershampoo-roos-bio-eliah-sahil-100-g.aspx,/products/poedershampoo-roos-bio-eliah-sahil
https://www.phoeniximport.com/nl/4/13071/poedershampoo-guarana-bio-eliah-sahil-100-g.aspx,/products/poedershampoo-guarana-bio-eliah-sahil
https://www.phoeniximport.com/nl/4/13074/poedershampoo-kamille-voor-kinderen-bio-eliah-sahil-100g.aspx,/products/poedershampoo-kamille-voor-kinderen-bio-eliah-sahil
https://www.phoeniximport.com/nl/4/13076/gezichtsmasker-spirulina-bio-eliah-sahil-100-g.aspx,/products/gezichtsmasker-spirulina-bio-eliah-sahil
https://www.phoeniximport.com/nl/4/13080/tandpasta-poeder-gember-bio-eliah-sahil-45-g.aspx,/products/tandpasta-poeder-gember-bio-eliah-sahil
https://www.phoeniximport.com/nl/4/13069/poedershampoo-sensitive-bio-eliah-sahil-100g.aspx,/products/poedershampoo-sensitive-bio-eliah-sahil
https://www.phoeniximport.com/nl/4/13084/biologische-tandolie-kurkuma-eliah-sahil-100-ml.aspx,/products/biologische-tandolie-kurkuma-eliah-sahil
https://www.phoeniximport.com/nl/4/13085/douche-poeder-eucalyptus-bio-eliah-sahil-90g.aspx,/products/douche-poeder-eucalyptus-bio-eliah-sahil
https://www.phoeniximport.com/nl/4/13089/gezichtsreiniger-schuim-roos-bio-eliah-sahil-110-ml.aspx,/products/gezichtsreiniger-schuim-roos-bio-eliah-sahil
https://www.phoeniximport.com/nl/4/13090/gezichtsbalsem-moringa-sheabutter-bio-eliah-sahil-15-ml.aspx,/products/gezichtsbalsem-moringa-sheabutter-bio-eliah-sahil
https://www.phoeniximport.com/nl/4/13092/biologische-tandolie-ayurvedisch-eliah-sahil-100-ml.aspx,/products/biologische-tandolie-ayurvedisch-eliah-sahil
https://www.phoeniximport.com/nl/4/13093/tandpasta-poeder-ginseng-bio-eliah-sahil-60-g.aspx,/products/tandpasta-poeder-ginseng-bio-eliah-sahil
https://www.phoeniximport.com/nl/4/13094/biologische-tandolie-dragons-blood-salie-eliah-sahil-100-ml.aspx,/products/new-404
https://www.phoeniximport.com/nl/4/31405/biologische-anti-veroudering-gezicht-crme-50-ml.aspx,/products/biologische-anti-veroudering-gezicht-creme
https://www.phoeniximport.com/nl/4/223738/najel-rode-klei-poeder-voor-gezichtsmasker-150-g.aspx,/products/najel-rode-klei-poeder-voor-gezichtsmasker
https://www.phoeniximport.com/nl/4/903409/oleanat-moisturising-butter-abrikoos-bio-30-ml.aspx,/products/oleanat-moisturising-butter-abrikoos-bio
https://www.phoeniximport.com/nl/4/901880/oleanat-ezelinnenmelk-shea-balsem-hypoallergeen-bio-50-ml.aspx,/products/oleanat-ezelinnenmelk-shea-balsem-hypoallergeen-bio
https://www.phoeniximport.com/nl/4/22245/holy-lama-natuurlijk-gezichtsserum-30-ml.aspx,/products/holy-lama-natuurlijk-gezichtsserum
https://www.phoeniximport.com/nl/4/220272/najel-witte-klei-poeder-voor-gezichtsmasker-90-g.aspx,/products/najel-witte-klei-poeder-voor-gezichtsmasker
https://www.phoeniximport.com/nl/4/220273/najel-groene-klei-poeder-voor-gezichtsmasker-150-g.aspx,/products/najel-groene-klei-poeder-voor-gezichtsmasker
https://www.phoeniximport.com/nl/4/223883/najel-gezichtsscrub-eastern-softness-bio-75-ml.aspx,/products/najel-gezichtsscrub-eastern-softness-bio
https://www.phoeniximport.com/nl/4/904030/oleanat-shea-butter-argan-lippenbalsem-bio-45-g.aspx,/products/oleanat-shea-butter-argan-lippenbalsem-bio
https://www.phoeniximport.com/nl/4/22255/holy-lama-naturals-face-cream-100g.aspx,/products/holy-lama-naturals-face-cream
https://www.phoeniximport.com/nl/4/44020/energyliner-happiness-skin-roll-on-himalayas-dreams-10ml.aspx,/products/energyliner-happiness-skin-roll-on-himalaya-s-dreams
https://www.phoeniximport.com/nl/4/44021/energyliner-balance-skin-roll-on-himalayas-dreams-10ml.aspx,/products/energyliner-balance-skin-roll-on-himalaya-s-dreams
https://www.phoeniximport.com/nl/4/44022/energyliner-harmony-skin-roll-on-himalayas-dreams-10ml.aspx,/products/energyliner-harmony-skin-roll-on-himalaya-s-dreams
https://www.phoeniximport.com/nl/4/44024/energyliner-clarity-skin-roll-on-himalayas-dreams-10ml.aspx,/products/energyliner-clarity-skin-roll-on-himalaya-s-dreams
https://www.phoeniximport.com/nl/4/3006/tabiano-biosulfur-gezichtsreiniger-3-in-1-75-ml.aspx,/products/tabiano-biosulfur-gezichtsreiniger-3-in-1
https://www.phoeniximport.com/nl/4/3007/tabiano-biosulfur-creme-tegen-puistjes-en-mee-eters-50-ml.aspx,/products/tabiano-biosulfur-creme-tegen-puistjes-en-mee-eters
https://www.phoeniximport.com/nl/4/9520/massage-roller-rozenkwarts-70-g-14-cm.aspx,/products/massage-roller-rozenkwarts
https://www.phoeniximport.com/nl/4/9521/massage-roller-bergkristal--70-g-14-cm.aspx,/products/massage-roller-bergkristal
https://www.phoeniximport.com/nl/4/222946/najel-aleppo-shampoo-2-in-1-voor-droog-haar-bio-500-ml.aspx,/products/najel-aleppo-shampoo-2-in-1-voor-droog-haar-bio-1
https://www.phoeniximport.com/nl/4/222953/najel-aleppo-shampoo-2-in-1-voor-vet-haar-bio-500-ml.aspx,/products/najel-aleppo-shampoo-2-in-1-voor-vet-haar-bio
https://www.phoeniximport.com/nl/4/220966/najel-aleppo-shampoo-2-in-1-voor-normaal-haar-bio-500-ml.aspx,/products/najel-aleppo-shampoo-2-in-1-voor-normaal-haar-bio
https://www.phoeniximport.com/nl/4/031200/tabiano-biosulfur-zwavel-shampoo-250-ml.aspx,/products/tabiano-biosulfur-zwavel-shampoo
https://www.phoeniximport.com/nl/4/22235/holy-lama-ayurvedische-haarolie-100-ml.aspx,/products/holy-lama-ayurvedische-haarolie
https://www.phoeniximport.com/nl/4/22236/holy-lama-ayurvedische-shampoo-200-ml.aspx,/products/holy-lama-ayurvedische-shampoo
https://www.phoeniximport.com/nl/4/13300/ottoman-argan-spa-shampoo-royal-amber-400ml.aspx,/products/ottoman-argan-spa-shampoo-royal-amber
https://www.phoeniximport.com/nl/4/13310/ottoman-argan-spa-shampoo-sahara-musk-400ml.aspx,/products/ottoman-argan-spa-shampoo-sahara-musk
https://www.phoeniximport.com/nl/4/13330/ottoman-argan-spa-shampoo-marrakech-oud-400ml.aspx,/products/ottoman-argan-spa-shampoo-marrakech-oud
https://www.phoeniximport.com/nl/4/13320/ottoman-argan-spa-shampoo-oriental-rose-400ml.aspx,/products/ottoman-argan-spa-shampoo-oriental-rose
https://www.phoeniximport.com/nl/4/78416/natuurlijk-houten-kam-7-chakras-17cm.aspx,/products/natuurlijk-houten-kam-7-chakras
https://www.phoeniximport.com/nl/4/78417/natuurlijk-houten-kam-bloem-des-levens-19cm.aspx,/products/natuurlijk-houten-kam-bloem-des-levens
https://www.phoeniximport.com/nl/4/22230/holy-lama-ayurvedische-massage-olie-enhance-100-ml.aspx,/products/holy-lama-ayurvedische-massage-olie-enhance
https://www.phoeniximport.com/nl/4/22225/holy-lama-ayurvedische-massage-boon-geschenkset-150-g.aspx,/products/holy-lama-ayurvedische-massage-boon-geschenkset
https://www.phoeniximport.com/nl/4/22227/holy-lama-ayurvedische-massage-olie-everfresh-100-ml.aspx,/products/holy-lama-ayurvedische-massage-olie-everfresh
https://www.phoeniximport.com/nl/4/22228/holy-lama-ayurvedische-massage-olie-revitalizing-100-ml.aspx,/products/holy-lama-ayurvedische-massage-olie-revitalizing
https://www.phoeniximport.com/nl/4/22229/holy-lama-ayurvedische-massage-olie-bliss-100-ml.aspx,/products/holy-lama-ayurvedische-massage-olie-bliss
https://www.phoeniximport.com/nl/4/22231/holy-lama-ayurvedische-massage-olie-relaxation-100-ml.aspx,/products/holy-lama-ayurvedische-massage-olie-relaxation
https://www.phoeniximport.com/nl/4/22232/holy-lama-ayurvedische-massage-kokosolie-200-ml.aspx,/products/holy-lama-ayurvedische-massage-kokosolie
https://www.phoeniximport.com/nl/4/02573/kamerspray-provenaalse-lavendel-50-ml.aspx,/products/kamerspray-provencaalse-lavendel
https://www.phoeniximport.com/nl/4/02575/kussengeur-provenaalse-lavendel-50-ml.aspx,/products/kussengeur-provencaalse-lavendel
https://www.phoeniximport.com/nl/4/25219/le-chatelard-1802-geurkaars-rozenblaadjes-80g.aspx,/products/geurkaars-rozenblaadjes
https://www.phoeniximport.com/nl/4/25220/geurstokjes-diffuser-rozenblaadjes-100ml.aspx,/products/geurstokjes-diffuser-rozenblaadjes
https://www.phoeniximport.com/nl/4/25228/le-chatelard-1802-geurkaars-witte-muskus-80g.aspx,/products/geurkaars-witte-muskus
https://www.phoeniximport.com/nl/4/25223/le-chatelard-1802-geurkaars-katoenbloesem-80g.aspx,/products/geurkaars-katoenbloesem
https://www.phoeniximport.com/nl/4/25224/geurstokjes-diffuser-katoenbloesem-100ml.aspx,/products/geurstokjes-diffuser-katoenbloesem
https://www.phoeniximport.com/nl/4/25226/le-chatelard-1802-geurkaars-sandelhout--80g.aspx,/products/geurkaars-sandelhout
https://www.phoeniximport.com/nl/4/25227/geurstokjes-diffuser-sandelhout-100ml.aspx,/products/geurstokjes-diffuser-sandelhout
https://www.phoeniximport.com/nl/4/25229/le-chatelard-1802-geurkaars-vanille-patchoeli--80g.aspx,/products/geurkaars-vanille-patchoeli
https://www.phoeniximport.com/nl/4/25230/le-chatelard-1802-geurkaars-kaneel-sinaasappel--80g.aspx,/products/geurkaars-kaneel-sinaasappel
https://www.phoeniximport.com/nl/4/25236/geurstokjes-diffuser-lavendel-100-ml.aspx,/products/new-163
https://www.phoeniximport.com/nl/4/25237/geurstokjes-diffuser-verbena-100-ml.aspx,/products/new-154
https://www.phoeniximport.com/nl/4/25238/geurstokjes-diffuser-viooltje-100-ml.aspx,/products/new-145
https://www.phoeniximport.com/nl/4/25239/geurstokjes-diffuser-voluptuous-silk-100-ml.aspx,/products/new-135
https://www.phoeniximport.com/nl/4/25240/geurstokjes-diffuser-peperkoek-100-ml.aspx,/products/new-126
https://www.phoeniximport.com/nl/4/25241/le-chatelard-1802-geurkaars-zoete-amandel-80g.aspx,/products/new-115
https://www.phoeniximport.com/nl/4/25242/le-chatelard-1802-geurkaars-lavendel-80g.aspx,/products/new-237
https://www.phoeniximport.com/nl/4/25243/le-chatelard-1802-geurkaars-delicaat-kasjmier-80g.aspx,/products/new-98
https://www.phoeniximport.com/nl/4/25244/le-chatelard-1802-geurkaars-weelderige-zijde-80g.aspx,/products/new-88
https://www.phoeniximport.com/nl/4/902792/ayurvenat-massage-balsem-18-ayurvedisch-kruiden-bio-50-ml.aspx,/products/ayurvenat-massage-balsem-18-ayurvedisch-kruiden-bio
https://www.phoeniximport.com/nl/4/902778/ayurvenat-tandpasta-met-miswak-bio-75-ml.aspx,/products/ayurvenat-tandpasta-met-miswak-bio
https://www.phoeniximport.com/nl/4/904025/ayurvenat-18-ayurvedische-kruiden-zeep-bio-100-g.aspx,/products/ayurvenat-18-ayurvedische-kruiden-zeep-bio
https://www.phoeniximport.com/nl/4/901887/display-uilenbalsem-6x6-stuks-bio-30-ml.aspx,/products/display-uilenbalsem-6x6-stuks-bio
https://www.phoeniximport.com/nl/4/902846/ayurvenat-douchegel-18-ayurvedische-kruiden-bio-200-ml.aspx,/products/ayurvenat-douchegel-18-ayurvedische-kruiden-bio
https://www.phoeniximport.com/nl/4/9018871/uilenbalsem-rustige-slaap-bio-30-ml.aspx,/products/uilenbalsem-rustige-slaap-bio
https://www.phoeniximport.com/nl/4/9018872/uilenbalsem-kalmeert-insectenbeten-bio-30-ml.aspx,/products/uilenbalsem-kalmeert-insectenbeten-bio
https://www.phoeniximport.com/nl/4/9018873/uilenbalsem-voetverzorging-bio-30-ml.aspx,/products/uilenbalsem-voetverzorging-bio
https://www.phoeniximport.com/nl/4/9018874/uilenbalsem-vitale-spieren-bio-30-ml.aspx,/products/uilenbalsem-vitale-spieren-bio-1
https://www.phoeniximport.com/nl/4/9018875/uilenbalsem-blauwe-plekken-en-kneuzingen-bio-30-ml.aspx,/products/uilenbalsem-blauwe-plekken-en-kneuzingen-bio
https://www.phoeniximport.com/nl/4/9018876/uilenbalsem-rustige-winter-bio-30-ml.aspx,/products/uilenbalsem-rustige-winter-bio
https://www.phoeniximport.com/nl/4/901888/uilenbalsem-tuin-bio-30-ml.aspx,/products/uilenbalsem-tuin-bio
https://www.phoeniximport.com/nl/4/904041/oleanat-ezelinnenmelk-lippenbalsem-bio-45g.aspx,/products/oleanat-ezelinnenmelk-lippenbalsem-bio
https://www.phoeniximport.com/nl/4/14144/massagehulp-amethist-in-paddenstoelvorm-4x35-cm.aspx,/products/massagehulp-amethist-in-paddenstoelvorm
https://www.phoeniximport.com/nl/4/14168/gua-sha-massagehulp-groene-aventurijn-45g.aspx,/products/gua-sha-massagehulp-groene-aventurijn
https://www.phoeniximport.com/nl/4/78246/massagestaaf-rozenkwarts--65g10cm.aspx,/products/massagestaaf-rozenkwarts
https://www.phoeniximport.com/nl/4/78247/massagestaaf-7-chakras-14cm.aspx,/products/massagestaaf-7-chakras
https://www.phoeniximport.com/nl/4/13271/massagestaaf-seleniet-bloem-des-levens-15-cm.aspx,/products/massagestaaf-seleniet-bloem-des-levens
https://www.phoeniximport.com/nl/4/2604/ayurvedische-kansa-wand-voor-gezichtsmassage-13x4-cm.aspx,/products/ayurvedische-kansa-wand-voor-gezichtsmassage
https://www.phoeniximport.com/nl/4/14143/massagehulp-rozenkwarts-in-paddenstoelvorm-4x35-cm.aspx,/products/massagehulp-rozenkwarts-in-paddenstoelvorm
https://www.phoeniximport.com/nl/4/14145/massagehulp-bergkristal-in-paddenstoelvorm-4x35-cm.aspx,/products/massagehulp-bergkristal-in-paddenstoelvorm
https://www.phoeniximport.com/nl/4/9526/massage-roller-tijgeroog-70-g-14-cm.aspx,/products/massage-roller-tijgeroog
https://www.phoeniximport.com/nl/4/9527/gua-sha-massagehulp-tijgeroog-45-g-8-cm.aspx,/products/gua-sha-massagehulp-tijgeroog
https://www.phoeniximport.com/nl/4/14155/massage-roller-xinyi-jade-14cm.aspx,/products/massage-roller-xinyi-jade
https://www.phoeniximport.com/nl/4/14156/gua-sha-massagehulp-xinyi-jade-45g-8cm.aspx,/products/gua-sha-massagehulp-xinyi-jade
https://www.phoeniximport.com/nl/4/14157/massage-roller-amethist-14cm.aspx,/products/massage-roller-amethist
https://www.phoeniximport.com/nl/4/14167/massage-roller-groene-aventurijn-14cm.aspx,/products/massage-roller-groene-aventurijn
https://www.phoeniximport.com/nl/4/14192/yoni-ei-rozenkwarts-25x4cm.aspx,/products/yoni-ei-rozenkwarts
https://www.phoeniximport.com/nl/4/14193/yoni-ei-xinyi-jade-25x4cm.aspx,/products/yoni-ei-xinyi-jade
https://www.phoeniximport.com/nl/4/12099/lichaam-gezicht-hand-voet-massage-set-175-g.aspx,/products/lichaam-gezicht-hand-voet-massage-set
https://www.phoeniximport.com/nl/4/14194/acupressuur-massage-roller-rozenkwarts-8cm.aspx,/products/acupressuur-massage-roller-rozenkwarts
https://www.phoeniximport.com/nl/4/16571/edelstenen-set-7-chakra-massage-staafjes-35-cm.aspx,/products/edelstenen-set-7-chakra-massage-staafjes
https://www.phoeniximport.com/nl/4/9528/gua-sha-massagesteen-rozenkwarts-84g-9cm.aspx,/products/gua-sha-massagesteen-rozenkwarts
https://www.phoeniximport.com/nl/4/14196/gua-sha-massagesteen-xinyi-jade-44g-9cm.aspx,/products/gua-sha-massagesteen-xinyi-jade
https://www.phoeniximport.com/nl/4/14202/gua-sha-full-body-massagehulp-resin-21x9cm-21x9-cm.aspx,/products/gua-sha-full-body-massagehulp-resin
https://www.phoeniximport.com/nl/4/99293/seleniet-massage-stick-energypoint-15cm.aspx,/products/seleniet-massage-stick-energypoint
https://www.phoeniximport.com/nl/4/99294/seleniet-massagestaaf-15cm.aspx,/products/seleniet-massagestaaf
https://www.phoeniximport.com/nl/4/221437/najel-aleppozeep-vloeibaar-wasmiddel-jasmijngeur-2000-ml.aspx,/products/najel-aleppozeep-vloeibaar-wasmiddel-jasmijngeur
https://www.phoeniximport.com/nl/4/221024/najel-aleppozeep-vloeibaar-wasmiddel-ongeparfumeerd-2000-ml.aspx,/products/najel-aleppozeep-vloeibaar-wasmiddel-ongeparfumeerd
https://www.phoeniximport.com/nl/4/221430/najel-aleppozeep-vloeibaar-wasmiddel-amber-oudh-geur-2000-ml.aspx,/products/najel-aleppozeep-vloeibaar-wasmiddel-amber-oudh-geur
https://www.phoeniximport.com/nl/4/221431/najel-aleppozeep-vloeibaar-wasmiddel-roosgeur-2000-ml.aspx,/products/najel-aleppozeep-vloeibaar-wasmiddel-roosgeur
https://www.phoeniximport.com/nl/4/8700/himalaya-herbals-botanique-tandpasta-neem-granaatappel-150g.aspx,/products/himalaya-herbals-botanique-tandpasta-neem-granaatappel
https://www.phoeniximport.com/nl/4/8804/koperen-beker-klein-45ml.aspx,/products/koperen-beker-klein
https://www.phoeniximport.com/nl/4/21173/himalayazout-inhalator-7x14cm-290g.aspx,/products/himalayazout-inhalator
https://www.phoeniximport.com/nl/4/1085/dinerkaars-bloem-des-levens-motief-stearine-gebroken-wit-23x22-cm.aspx,/products/new-255
https://www.phoeniximport.com/nl/4/1086/dinerkaars-bloem-des-levens-motief-stearine-paars-23x22-cm.aspx,/products/new-254
https://www.phoeniximport.com/nl/4/1087/votiefkaars-met-relif-bloem-des-levens-stearine-gebroken-wit-8x55-cm.aspx,/products/new-303
https://www.phoeniximport.com/nl/4/1088/votiefkaars-met-relif-levensboom-stearine-saliegroen-8x55-cm.aspx,/products/new-297
https://www.phoeniximport.com/nl/4/1089/votiefkaars-met-relif-maanfasen-stearine-zachtroze-8x55-cm.aspx,/products/new-289
https://www.phoeniximport.com/nl/4/1090/votiefkaars-met-relif-seed-of-life-stearine-paars-8x55-cm.aspx,/products/new-405
https://www.phoeniximport.com/nl/4/1091/votiefkaars-met-relif-godin-stearine-zachtroze-8x55-cm.aspx,/products/new-317
https://www.phoeniximport.com/nl/4/12308/vierkant-glaasje-van-gerecycled-glas-6x6x6-cm.aspx,/products/vierkant-glaasje-voor-kaarsjes
https://www.phoeniximport.com/nl/4/12318/koolzaadwas-eco-bolkaarsen-set-6x6x6cm.aspx,/products/koolzaadwas-eco-bolkaarsen-set
https://www.phoeniximport.com/nl/4/1308/kaars-stearine-mandala-grijs-ongeparfumeerd-21x65-cm.aspx,/products/kaars-stearine-mandala-grijs-ongeparfumeerd
https://www.phoeniximport.com/nl/4/1309/kaars-stearine-seed-of-life-wit-ongeparfumeerd-21x65-cm.aspx,/products/kaars-stearine-zaad-des-levens-wit-ongeparfumeerd
https://www.phoeniximport.com/nl/4/1310/kaars-stearine-engelenvleugels-lichtblauw-ongeparfumeerd-21x65-cm.aspx,/products/kaars-stearine-engelenvleugels-lichtblauw-ongeparfumeerd
https://www.phoeniximport.com/nl/4/1311/kaars-stearine-bodhiblad-lila-ongeparfumeerd-21x65-cm.aspx,/products/kaars-stearine-bodhiblad-lila-ongeparfumeerd
https://www.phoeniximport.com/nl/4/1312/kaars-stearine-alziend-oog-aquamarijn-ongeparfumeerd-21x65-cm.aspx,/products/kaars-stearine-alziend-oog-aquamarijn-ongeparfumeerd
https://www.phoeniximport.com/nl/4/1313/kaars-stearine-maanfasen-oudroze-ongeparfumeerd-21x65-cm.aspx,/products/kaars-stearine-maanfasen-oudroze-ongeparfumeerd
https://www.phoeniximport.com/nl/4/1314/kaars-stearine-ohm-rood-ongeparfumeerd-21x65-cm.aspx,/products/kaars-stearine-ohm-rood-ongeparfumeerd
https://www.phoeniximport.com/nl/4/1315/kaars-stearine-klavertje-vier-groen-ongeparfumeerd-21x65-cm.aspx,/products/kaars-stearine-klavertje-vier-groen-ongeparfumeerd
https://www.phoeniximport.com/nl/4/1316/kaars-stearine-zon-geel-ongeparfumeerd-21x65-cm.aspx,/products/kaars-stearine-zon-geel-ongeparfumeerd
https://www.phoeniximport.com/nl/4/1317/kaars-stearine-lotus-violet-ongeparfumeerd-21x65-cm.aspx,/products/kaars-stearine-lotus-violet-ongeparfumeerd
https://www.phoeniximport.com/nl/4/1318/kaars-stearine-oneindige-knoop-lichtbruin-ongeparfumeerd-21x65-cm.aspx,/products/kaars-stearine-oneindige-knoop-lichtbruin-ongeparfumeerd
https://www.phoeniximport.com/nl/4/1319/kaars-stearine-levensboom-bruin-ongeparfumeerd-21x65-cm.aspx,/products/kaars-stearine-levensboom-okergeel-ongeparfumeerd
https://www.phoeniximport.com/nl/4/3451/chakra-smeltkaarsjes-voor-aromabranders-80g.aspx,/products/chakra-smeltkaarsjes-voor-aromabranders
https://www.phoeniximport.com/nl/4/630/geurkaars-stearine-7-chakras-21x65-cm.aspx,/products/geurkaars-stearine-7-chakras
https://www.phoeniximport.com/nl/4/6300/chakra-geurkaarsen-gemengd-assortiment-12-stuks-21x65-cm.aspx,/products/chakra-geurkaarsen-gemengd-assortiment-12-stuks
https://www.phoeniximport.com/nl/4/631/geurkaars-stearine-1e-chakra-100-uur-21x65-cm.aspx,/products/geurkaars-stearine-1e-chakra-100-uur
https://www.phoeniximport.com/nl/4/632/geurkaars-stearine-2e-chakra-100-uur-21x65-cm.aspx,/products/geurkaars-stearine-2e-chakra-100-uur
https://www.phoeniximport.com/nl/4/634/geurkaars-stearine-4e-chakra-100-uur-21x65-cm.aspx,/products/geurkaars-stearine-4e-chakra-100-uur
https://www.phoeniximport.com/nl/4/635/geurkaars-stearine-5e-chakra-100-uur-21x65-cm.aspx,/products/geurkaars-stearine-5e-chakra-100-uur
https://www.phoeniximport.com/nl/4/636/geurkaars-stearine-6e-chakra-100-uur-21x65-cm.aspx,/products/geurkaars-stearine-6e-chakra-100-uur
https://www.phoeniximport.com/nl/4/637/geurkaars-stearine-7e-chakra-100-uur-21x65-cm.aspx,/products/geurkaars-stearine-7e-chakra-100-uur
https://www.phoeniximport.com/nl/4/638/geurkaars-stearine-bloem-des-levens-wit-21x65-cm.aspx,/products/geurkaars-stearine-bloem-des-levens-wit
https://www.phoeniximport.com/nl/4/639/geurkaars-stearine-bloem-des-levens-paars-21x65-cm.aspx,/products/geurkaars-stearine-bloem-des-levens-paars
https://www.phoeniximport.com/nl/4/6401/geurkaarsjes-votief-chakra-7-stuks-in-geschenkdoos-45x4-cm.aspx,/products/geurkaarsjes-votief-chakra-7-stuks-in-geschenkdoos
https://www.phoeniximport.com/nl/4/6407/geurkaarsjes-votief-chakra-assortiment-12-x-7-45x4-cm.aspx,/products/geurkaarsjes-votief-chakra-assortiment-12-x-7
https://www.phoeniximport.com/nl/4/6406/votief-geurkaars-6e-chakra-in-geschenkdoos-660g.aspx,/products/votief-geurkaars-6e-chakra-in-geschenkdoos
https://www.phoeniximport.com/nl/4/641/votief-geurkaarsje-1e-chakra-45x4-cm.aspx,/products/votief-geurkaarsje-1e-chakra
https://www.phoeniximport.com/nl/4/642/votief-geurkaarsje-2e-chakra-45x4-cm.aspx,/products/votief-geurkaarsje-2e-chakra
https://www.phoeniximport.com/nl/4/6422/good-karma-theelicht-kaarsjes-stearine-4x2-cm.aspx,/products/good-karma-theelicht-kaarsjes-stearine
https://www.phoeniximport.com/nl/4/643/votief-geurkaarsje-3e-chakra-45x4-cm.aspx,/products/votief-geurkaarsje-3e-chakra
https://www.phoeniximport.com/nl/4/644/votief-geurkaarsje-4e-chakra-45x4-cm.aspx,/products/votief-geurkaarsje-4e-chakra
https://www.phoeniximport.com/nl/4/645/votief-geurkaarsje-5e-chakra-45x4-cm.aspx,/products/votief-geurkaarsje-5e-chakra
https://www.phoeniximport.com/nl/4/64583/dehn-al-oudh-agarhout-smeltkaarsjes-40g.aspx,/products/dehn-al-oudh-agarhout-smeltkaarsjes
https://www.phoeniximport.com/nl/4/64584/desi-gulab-roos-smeltkaarsjes-40g.aspx,/products/desi-gulab-roos-smeltkaarsjes
https://www.phoeniximport.com/nl/4/64585/madurai-jasmijn-smeltkaarsjes-40g.aspx,/products/madurai-jasmijn-smeltkaarsjes
https://www.phoeniximport.com/nl/4/64586/mysore-chandan-sandelhout-smeltkaarsjes-40g.aspx,/products/mysore-chandan-sandelhout-smeltkaarsjes
https://www.phoeniximport.com/nl/4/64587/nagpuri-narangi-sinaasappel-smeltkaarsjes-40-g.aspx,/products/nagpuri-narangi-sinaasappel-smeltkaarsjes
https://www.phoeniximport.com/nl/4/64588/patchouli-vanille-smeltkaarsjes-40g.aspx,/products/patchouli-vanille-smeltkaarsjes
https://www.phoeniximport.com/nl/4/646/votief-geurkaarsje-6e-chakra-45x4-cm.aspx,/products/votief-geurkaarsje-6e-chakra
https://www.phoeniximport.com/nl/4/64600/pitta-aqua-oud-ayurveda-geurkaars-200g.aspx,/products/pitta-aqua-oud-ayurveda-geurkaars
https://www.phoeniximport.com/nl/4/64601/vata-tuberoos-jasmijn-geurkaars-met-2-lonten-in-pot-200g.aspx,/products/vata-tuberoos-jasmijn-geurkaars-met-2-lonten-in-pot
https://www.phoeniximport.com/nl/4/64602/pitta-aqua-oud-geurkaars-met-2-lonten-in-pot-200-g.aspx,/products/pitta-aqua-oud-geurkaars-met-2-lonten-in-pot
https://www.phoeniximport.com/nl/4/64603/kapha-salie-munt-geurkaars-met-2-lonten-in-pot-200-g.aspx,/products/kapha-salie-munt-geurkaars-met-2-lonten-in-pot
https://www.phoeniximport.com/nl/4/64604/tridosha-lavendel-citroengras-geurkaars-met-2-lonten-in-pot.aspx,/products/tridosha-lavendel-citroengras-geurkaars-met-2-lonten-in-pot
https://www.phoeniximport.com/nl/4/64605/veda-geurkaarsen-in-pot-met-deksel-set-van-3-100-g.aspx,/products/veda-geurkaarsen-in-pot-met-deksel-set-van-3
https://www.phoeniximport.com/nl/4/64623/organic-goodness-soja-was-kaars-agarhout-200-g.aspx,/products/organic-goodness-soja-was-kaars-agarhout
https://www.phoeniximport.com/nl/4/64624/organic-goodness-soja-was-kaars-roos-200g.aspx,/products/organic-goodness-soja-was-kaars-roos
https://www.phoeniximport.com/nl/4/64625/organic-goodness-soja-was-kaars-jasmijn-200g.aspx,/products/organic-goodness-soja-was-kaars-jasmijn
https://www.phoeniximport.com/nl/4/64626/organic-goodness-soja-was-kaars-sandelhout-200-g.aspx,/products/organic-goodness-soja-was-kaars-sandelhout
https://www.phoeniximport.com/nl/4/64628/organic-goodness-soja-was-kaars-patchouli-vanille-200g.aspx,/products/organic-goodness-soja-was-kaars-patchouli-vanille
https://www.phoeniximport.com/nl/4/64632/tridosha-lavendel-citroengras-ayurveda-geurkaars-200g.aspx,/products/tridosha-lavendel-citroengras-ayurveda-geurkaars
https://www.phoeniximport.com/nl/4/64633/kapha-salie-munt-ayurveda-geurkaars-200g.aspx,/products/kapha-salie-munt-ayurveda-geurkaars
https://www.phoeniximport.com/nl/4/64634/vata-tuberoos-jasmijn-ayurveda-geurkaars-200-g.aspx,/products/vata-tuberoos-jasmijn-ayurveda-geurkaars
https://www.phoeniximport.com/nl/4/64665/organic-goodness-geurkaars-citroengras-spice-200g.aspx,/products/organic-goodness-geurkaars-citroengras-spice
https://www.phoeniximport.com/nl/4/64666/organic-goodness-geurkaars-mandarijn-laurierblad-200g.aspx,/products/organic-goodness-geurkaars-mandarijn-laurierblad
https://www.phoeniximport.com/nl/4/64667/organic-goodness-geurkaars-frankincense-mirre-200g.aspx,/products/organic-goodness-geurkaars-frankincense-mirre
https://www.phoeniximport.com/nl/4/64668/organic-goodness-geurkaars-palo-santo-cederhout-200g.aspx,/products/organic-goodness-geurkaars-palo-santo-cederhout
https://www.phoeniximport.com/nl/4/64669/organic-goodness-geurkaars-roos-geranium-200g.aspx,/products/organic-goodness-geurkaars-roos-geranium
https://www.phoeniximport.com/nl/4/64670/organic-goodness-geurkaars-salie-lavendel-200g.aspx,/products/organic-goodness-geurkaars-salie-lavendel
https://www.phoeniximport.com/nl/4/647/votief-geurkaarsje-7e-chakra-45x4-cm.aspx,/products/votief-geurkaarsje-7e-chakra
https://www.phoeniximport.com/nl/4/64716/manifestatiekaars-boho-dreams-in-glas-met-kwast-300g.aspx,/products/manifestatiekaars-boho-dreams-in-glas-met-kwast
https://www.phoeniximport.com/nl/4/64717/manifestatiekaars-divine-goddess-in-glas-met-kwast-300g.aspx,/products/manifestatiekaars-divine-goddess-in-glas-met-kwast
https://www.phoeniximport.com/nl/4/64718/manifestatiekaars-eye-of-providence-in-glas-met-kwast-300g.aspx,/products/manifestatiekaars-eye-of-providence-in-glas-met-kwast
https://www.phoeniximport.com/nl/4/64719/manifestatiekaars-good-fortune-in-glas-met-kwast-300g.aspx,/products/manifestatiekaars-good-fortune-in-glas-met-kwast
https://www.phoeniximport.com/nl/4/64720/manifestatiekaars-love-spell-in-glas-met-kwast-300g.aspx,/products/manifestatiekaars-love-spell-in-glas-met-kwast
https://www.phoeniximport.com/nl/4/64721/manifestatiekaars-purifying-moon-in-glas-met-kwast-300g.aspx,/products/manifestatiekaars-purifying-moon-in-glas-met-kwast
https://www.phoeniximport.com/nl/4/64722/manifestatiekaars-boho-dreams-in-glas-met-deksel-200g.aspx,/products/manifestatiekaars-boho-dreams-in-glas-met-deksel
https://www.phoeniximport.com/nl/4/64723/manifestatiekaars-divine-goddess-in-glas-met-deksel-200g.aspx,/products/manifestatiekaars-divine-goddess-in-glas-met-deksel
https://www.phoeniximport.com/nl/4/64724/manifestatiekaars-eye-of-providence-in-glas-met-deksel-200g.aspx,/products/manifestatiekaars-eye-of-providence-in-glas-met-deksel
https://www.phoeniximport.com/nl/4/64725/manifestatiekaars-good-fortune-in-glas-met-deksel-200g.aspx,/products/manifestatiekaars-good-fortune-in-glas-met-deksel
https://www.phoeniximport.com/nl/4/64726/manifestatiekaars-love-spell-in-glas-met-deksel-200g.aspx,/products/manifestatiekaars-love-spell-in-glas-met-deksel
https://www.phoeniximport.com/nl/4/64727/manifestatiekaars-purifying-moon-in-glas-met-deksel-200g.aspx,/products/manifestatiekaars-purifying-moon-in-glas-met-deksel
https://www.phoeniximport.com/nl/4/64728/manifestatiekaars-boho-dreams-in-glas-120g.aspx,/products/manifestatiekaars-boho-dreams-in-glas
https://www.phoeniximport.com/nl/4/64729/manifestatiekaars-divine-goddess-in-glas-120g.aspx,/products/manifestatiekaars-divine-goddess-in-glas
https://www.phoeniximport.com/nl/4/64730/manifestatiekaars-eye-of-providence-in-glas-120g.aspx,/products/manifestatiekaars-eye-of-providence-in-glas
https://www.phoeniximport.com/nl/4/64731/manifestatiekaars-good-fortune-in-glas-120g.aspx,/products/manifestatiekaars-good-fortune-in-glas
https://www.phoeniximport.com/nl/4/64732/manifestatiekaars-love-spell-in-glas-120g.aspx,/products/manifestatiekaars-love-spell-in-glas
https://www.phoeniximport.com/nl/4/64733/manifestatiekaars-purifying-moon-in-glas-120g.aspx,/products/manifestatiekaars-purifying-moon-in-glas
https://www.phoeniximport.com/nl/4/64740/song-of-india-soja-geurkaars-sleep-in-glas-200g.aspx,/products/song-of-india-soja-geurkaars-sleep-in-glas
https://www.phoeniximport.com/nl/4/64741/song-of-india-soja-geurkaars-sleep-in-blik-80g.aspx,/products/song-of-india-soja-geurkaars-sleep-in-blik
https://www.phoeniximport.com/nl/4/64750/song-of-india-soja-geurkaars-relax-in-glas-200g.aspx,/products/song-of-india-soja-geurkaars-relax-in-glas
https://www.phoeniximport.com/nl/4/64751/song-of-india-soja-geurkaars-relax-in-blik-80g.aspx,/products/song-of-india-soja-geurkaars-relax-in-blik
https://www.phoeniximport.com/nl/4/64759/moonshine-yoga-soja-geurkaars-aqua-zen-128g.aspx,/products/moonshine-yoga-soja-geurkaars-aqua-zen
https://www.phoeniximport.com/nl/4/64760/moonshine-yoga-soja-geurkaars-moonlit-jasmine-128g.aspx,/products/moonshine-yoga-soja-geurkaars-moonlit-jasmine
https://www.phoeniximport.com/nl/4/64761/moonshine-yoga-soja-geurkaars-tranquil-woods-128g.aspx,/products/moonshine-yoga-soja-geurkaars-tranquil-woods-1
https://www.phoeniximport.com/nl/4/64762/moonshine-yoga-soja-geurkaars-celestial-sage-128g.aspx,/products/moonshine-yoga-soja-geurkaars-celestial-sage-1
https://www.phoeniximport.com/nl/4/64763/moonshine-yoga-soja-geurkaars-aqua-zen-60g.aspx,/products/moonshine-yoga-soja-geurkaars-aqua-zen-1
https://www.phoeniximport.com/nl/4/64764/moonshine-yoga-sojawaskaars-moonlit-jasmine-60g.aspx,/products/moonshine-yoga-sojawaskaars-moonlit-jasmine
https://www.phoeniximport.com/nl/4/64765/moonshine-yoga-soja-geurkaars-tranquil-woods-60g.aspx,/products/moonshine-yoga-soja-geurkaars-tranquil-woods
https://www.phoeniximport.com/nl/4/64766/moonshine-yoga-soja-geurkaars-celestial-sage-60g.aspx,/products/moonshine-yoga-soja-geurkaars-celestial-sage
https://www.phoeniximport.com/nl/4/64779/celestial-magic-geurkaars-evil-eye-protection-120g.aspx,/products/celestial-magic-geurkaars-evil-eye-protection
https://www.phoeniximport.com/nl/4/64780/celestial-magic-geurkaars-love-potion-120g.aspx,/products/celestial-magic-geurkaars-love-potion
https://www.phoeniximport.com/nl/4/64781/celestial-magic-geurkaars-magical-vibes-120gr.aspx,/products/celestial-magic-geurkaars-magical-vibes
https://www.phoeniximport.com/nl/4/64782/celestial-magic-geurkaars-moondust-spell-120gr.aspx,/products/celestial-magic-geurkaars-moondust-spell
https://www.phoeniximport.com/nl/4/64799/celestial-magic-smeltwaskaarsjes-evil-eye-protection-40-g.aspx,/products/celestial-magic-smeltwaskaarsjes-evil-eye-protection
https://www.phoeniximport.com/nl/4/648/glaasje-voor-votief-kaarsjes-en-waxinelichtjes-6x5-cm.aspx,/products/glaasje-voor-votief-kaarsjes-en-waxinelichtjes
https://www.phoeniximport.com/nl/4/64800/celestial-magic-smeltwaskaarsjes-love-potion-40-g.aspx,/products/celestial-magic-smeltwaskaarsjes-love-potion
https://www.phoeniximport.com/nl/4/64801/celestial-magic-smeltwaskaarsjes-magical-vibes-40-g.aspx,/products/celestial-magic-smeltwaskaarsjes-magical-vibes
https://www.phoeniximport.com/nl/4/64802/celestial-magic-smeltwaskaarsjes-moondust-spell-40-g.aspx,/products/celestial-magic-smeltwaskaarsjes-moondust-spell
https://www.phoeniximport.com/nl/4/64860/carnatia-starry-spell-sojakaars-glas-celestial-renewal-200-g.aspx,/products/new-271
https://www.phoeniximport.com/nl/4/64861/carnatia-starry-spell-sojakaars-glas-cosmic-bloom-200-g.aspx,/products/new-264
https://www.phoeniximport.com/nl/4/64862/carnatia-starry-spell-sojakaars-glas-divine-goddess-200-g.aspx,/products/new-392
https://www.phoeniximport.com/nl/4/64863/carnatia-starry-spell-sojakaars-glas-lunar-magic-200-g.aspx,/products/new-385
https://www.phoeniximport.com/nl/4/64864/carnatia-starry-spell-sojakaars-glas-sacred-shield-200-g.aspx,/products/new-379
https://www.phoeniximport.com/nl/4/64865/carnatia-starry-spell-sojakaars-glas-timeless-cosmos-200-g.aspx,/products/new-372
https://www.phoeniximport.com/nl/4/656/kaars-stearine-regenboog-geurloos-21x65-cm.aspx,/products/kaars-stearine-regenboog-geurloos
https://www.phoeniximport.com/nl/4/657/geurkaars-engelen-lotus-angel-of-love-21x65-cm.aspx,/products/geurkaars-engelen-lotus-angel-of-love
https://www.phoeniximport.com/nl/4/658/geurkaars-engelen-healing-angel-energy-21x65-cm.aspx,/products/geurkaars-engelen-healing-angel-energy
https://www.phoeniximport.com/nl/4/659/geurkaars-engelen-great-angel-of-love-21x65-cm.aspx,/products/geurkaars-engelen-great-angel-of-love
https://www.phoeniximport.com/nl/4/6591/geurkaars-engel-3-x-21x65-cm.aspx,/products/geurkaars-engel-3-x
https://www.phoeniximport.com/nl/4/660/theelichtjes-chakra-geurkaarsjes-set-van-7-stuks-4x2-cm.aspx,/products/theelichtjes-chakra-geurkaarsjes-set-van-7-stuks
https://www.phoeniximport.com/nl/4/661/geurkaars-1e-chakra-20x37-cm.aspx,/products/geurkaars-1e-chakra
https://www.phoeniximport.com/nl/4/662/geurkaars-2e-chakra-20x37-cm.aspx,/products/geurkaars-2e-chakra
https://www.phoeniximport.com/nl/4/663/geurkaars-3e-chakra-20x37-cm.aspx,/products/geurkaars-3e-chakra
https://www.phoeniximport.com/nl/4/664/geurkaars-4e-chakra-20x37-cm.aspx,/products/geurkaars-4e-chakra
https://www.phoeniximport.com/nl/4/665/geurkaars-5e-chakra-20x37-cm.aspx,/products/geurkaars-5e-chakra
https://www.phoeniximport.com/nl/4/666/geurkaars-6e-chakra-20x37-cm.aspx,/products/geurkaars-6e-chakra
https://www.phoeniximport.com/nl/4/667/geurkaars-7e-chakra-20x37-cm.aspx,/products/geurkaars-7e-chakra
https://www.phoeniximport.com/nl/4/668/geurkaarsen-7-chakras-2-x-7-stuks-21x22-cm.aspx,/products/geurkaarsen-7-chakras-2-x-7-stuks
https://www.phoeniximport.com/nl/4/674/dinerkaarsen-wit-stearine-geurloos-21x22-cm.aspx,/products/dinerkaarsen-wit-stearine-geurloos
https://www.phoeniximport.com/nl/4/675/dinerkaars-regenboog-stearine-23x22-cm.aspx,/products/dinerkaars-regenboog-stearine
https://www.phoeniximport.com/nl/4/676/kaars-stearine-wit-geurloos-21x65-cm.aspx,/products/kaars-stearine-wit-geurloos
https://www.phoeniximport.com/nl/4/681/diner-geurkaars-1e-chakra-muladhara-21x22-cm.aspx,/products/diner-geurkaars-1e-chakra-muladhara
https://www.phoeniximport.com/nl/4/682/diner-geurkaars-2e-chakra-swadhistana-21x22-cm.aspx,/products/diner-geurkaars-2e-chakra-swadhistana
https://www.phoeniximport.com/nl/4/683/diner-geurkaars-3e-chakra-manipura-21x22-cm.aspx,/products/diner-geurkaars-3e-chakra-manipura
https://www.phoeniximport.com/nl/4/684/diner-geurkaars-4e-chakra-anahata-21x22-cm.aspx,/products/diner-geurkaars-4e-chakra-anahata
https://www.phoeniximport.com/nl/4/685/diner-geurkaars-5e-chakra-vishuddha-21x22-cm.aspx,/products/diner-geurkaars-5e-chakra-vishuddha
https://www.phoeniximport.com/nl/4/686/diner-geurkaars-6e-chakra-ajna-21x22-cm.aspx,/products/diner-geurkaars-6e-chakra-ajna
https://www.phoeniximport.com/nl/4/687/diner-geurkaars-7e-chakra-sahasrara-21x22-cm.aspx,/products/diner-geurkaars-7e-chakra-sahasrara
https://www.phoeniximport.com/nl/4/688/diner-geurkaarsen-chakra-7-stuks-21x22-cm.aspx,/products/diner-geurkaarsen-chakra-7-stuks
https://www.phoeniximport.com/nl/4/690/kaarsen-stearine-3-x-pureness-8x55-cm.aspx,/products/kaarsen-stearine-3-x-pureness
https://www.phoeniximport.com/nl/4/691/kaarsen-stearine-3-x-mindfulness-8x55-cm.aspx,/products/kaarsen-stearine-3-x-mindfulness
https://www.phoeniximport.com/nl/4/692/kaarsen-stearine-3-x-earth-8x55-cm.aspx,/products/kaarsen-stearine-3-x-earth
https://www.phoeniximport.com/nl/4/693/kaarsen-stearine-3-x-ocean-8x55-cm.aspx,/products/kaarsen-stearine-3-x-ocean
https://www.phoeniximport.com/nl/4/694/kaarsen-stearine-3-x-sunset-8x55-cm.aspx,/products/kaarsen-stearine-3-x-sunset
https://www.phoeniximport.com/nl/4/697/regenboogvallei-geurkaars-stearine-21x65-cm.aspx,/products/regenboogvallei-geurkaars-stearine
https://www.phoeniximport.com/nl/4/699/set-3x7-aartsengelen-votief-geurkaarsen-4662g.aspx,/products/set-3x7-aartsengelen-votief-geurkaarsen
https://www.phoeniximport.com/nl/4/700/set-van-7-aartsengelen-votief-geurkaarsen-774g.aspx,/products/set-van-7-aartsengelen-votief-geurkaarsen
https://www.phoeniximport.com/nl/4/701/votief-geurkaars-aartsengel-uril-chakra-1-45x4-cm.aspx,/products/votief-geurkaars-aartsengel-uriel-chakra-1
https://www.phoeniximport.com/nl/4/702/votief-geurkaars-aartsengel-chamul-chakra-2-45x4-cm.aspx,/products/votief-geurkaars-aartsengel-chamuel-chakra-2
https://www.phoeniximport.com/nl/4/703/votief-geurkaars-aartsengel-jophil-chakra-3-45x4-cm.aspx,/products/votief-geurkaars-aartsengel-jophiel-chakra-3
https://www.phoeniximport.com/nl/4/704/votief-geurkaars-aartsengel-raphal-chakra-4-45x4-cm.aspx,/products/votief-geurkaars-aartsengel-raphael-chakra-4
https://www.phoeniximport.com/nl/4/705/votief-geurkaars-aartsengel-michal-chakra-5-45x4-cm.aspx,/products/votief-geurkaars-aartsengel-michael-chakra-5
https://www.phoeniximport.com/nl/4/706/votief-geurkaars-aartsengel-razil-chakra-6-45x4-cm.aspx,/products/votief-geurkaars-aartsengel-raziel-chakra-6
https://www.phoeniximport.com/nl/4/707/votief-geurkaars-aartsengel-gabril-chakra-7-45x4-cm.aspx,/products/votief-geurkaars-aartsengel-gabriel-chakra-7
https://www.phoeniximport.com/nl/4/727/votief-kaars-kokoswas-geurloos-45x4-cm.aspx,/products/votief-kaars-kokoswas-geurloos
https://www.phoeniximport.com/nl/4/737/geurkaars-stearine-black-forest-21x65-cm.aspx,/products/geurkaars-stearine-black-forest
https://www.phoeniximport.com/nl/4/738/diner-geurkaars-black-forest-21x22-cm.aspx,/products/diner-geurkaars-black-forest
https://www.phoeniximport.com/nl/4/757/gedraaide-dinerkaars-wit-geurloos-23cm.aspx,/products/gedraaide-dinerkaars-wit-geurloos
https://www.phoeniximport.com/nl/4/758/gedraaide-dinerkaarsen-chakra-set-van-7-geurloos-23cm.aspx,/products/gedraaide-dinerkaarsen-chakra-set-van-7-geurloos
https://www.phoeniximport.com/nl/4/760/piramide-kaars-magenta-geurloos-21x6cm.aspx,/products/piramide-kaars-magenta-geurloos
https://www.phoeniximport.com/nl/4/761/piramide-kaars-oudroze-geurloos-21x6cm.aspx,/products/piramide-kaars-oudroze-geurloos
https://www.phoeniximport.com/nl/4/762/piramide-kaars-gebroken-wit-geurloos-21x6cm.aspx,/products/piramide-kaars-gebroken-wit-geurloos
https://www.phoeniximport.com/nl/4/763/piramide-kaars-groen-geurloos-21x6cm.aspx,/products/piramide-kaars-groen-geurloos
https://www.phoeniximport.com/nl/4/764/piramide-kaars-lichtblauw-geurloos-21x6cm.aspx,/products/piramide-kaars-lichtblauw-geurloos
https://www.phoeniximport.com/nl/4/765/piramide-kaars-geel-geurloos-21x6cm.aspx,/products/piramide-kaars-geel-geurloos
https://www.phoeniximport.com/nl/4/767/piramide-kaars-chakra-geurloos-21x6cm.aspx,/products/piramide-kaars-chakra-geurloos
https://www.phoeniximport.com/nl/4/768/kegelvormige-kaars-regenboog-geurloos-21x6cm.aspx,/products/kegelvormige-kaars-regenboog-geurloos
https://www.phoeniximport.com/nl/4/769/gerecyclede-dinerkaarsen-geurloos-set-van-24-19x22cm.aspx,/products/gerecyclede-dinerkaarsen-geurloos-set-van-24
https://www.phoeniximport.com/nl/4/771/bolkaars-beige-geurloos-75cm.aspx,/products/bolkaars-beige-geurloos
https://www.phoeniximport.com/nl/4/772/bolkaars-gebroken-wit-geurloos-75cm.aspx,/products/bolkaars-gebroken-wit-geurloos
https://www.phoeniximport.com/nl/4/773/bolkaars-grijs-geurloos-75cm.aspx,/products/bolkaars-grijs-geurloos
https://www.phoeniximport.com/nl/4/774/kegelvormige-kaars-gebroken-wit-geurloos-21x6cm.aspx,/products/kegelvormige-kaars-gebroken-wit-geurloos
https://www.phoeniximport.com/nl/4/775/dinerkaarsen-gebroken-wit-stearine-geurloos-21x22cm.aspx,/products/dinerkaarsen-gebroken-wit-stearine-geurloos
https://www.phoeniximport.com/nl/4/920/votief-kaars-bijenwas-45x4-cm.aspx,/products/votief-kaars-bijenwas
https://www.phoeniximport.com/nl/4/1790/lontenknipper-en-kaarsenlontdipper-zwart-20cm.aspx,/products/lontenknipper-en-kaarsenlontdipper-zwart
https://www.phoeniximport.com/nl/4/99952/kaarsendover-goudkleurig-25cm.aspx,/products/kaarsendover-goudkleurig
https://www.phoeniximport.com/nl/4/1941/kaarsendover-bloem-des-levens-28-cm.aspx,/products/kaarsendover-bloem-des-levens
https://www.phoeniximport.com/nl/4/13278/kaarsendover-7-chakras-28-cm.aspx,/products/kaarsendover-7-chakras
https://www.phoeniximport.com/nl/4/99953/kaarsendover-goudkleurig-bloem-des-levens-27cm.aspx,/products/kaarsendover-goudkleurig-bloem-des-levens
https://www.phoeniximport.com/nl/4/0115/boeddha-met-kaarshouder-steengrijs-394-g-175-cm.aspx,/products/boeddha-met-kaarshouder-steengrijs
https://www.phoeniximport.com/nl/4/0120/sfeerlicht-kaarshouder-mudra-21x8x10-cm.aspx,/products/sfeerlicht-kaarshouder-mudra
https://www.phoeniximport.com/nl/4/0123/meditatie-boeddha-met-kaarshouder-steengrijs-550-g-27-cm.aspx,/products/meditatie-boeddha-met-kaarshouder-steengrijs
https://www.phoeniximport.com/nl/4/0124/boeddha-met-kaarshouder-zilverkleurig-326-g-205-cm.aspx,/products/boeddha-met-kaarshouder-zilverkleurig
https://www.phoeniximport.com/nl/4/0150/boeddha-met-kaarshouder-1020-g-20x14x28-cm.aspx,/products/boeddha-met-kaarshouder
https://www.phoeniximport.com/nl/4/1141/sfeerlicht-matglasmetallic-boeddha-73x8-cm.aspx,/products/sfeerlicht-matglas-metallic-boeddha-1
https://www.phoeniximport.com/nl/4/1143/sfeerlicht-matglasmetallic-lotus-73x8-cm.aspx,/products/sfeerlicht-matglas-metallic-lotus-1
https://www.phoeniximport.com/nl/4/1147/sfeerlicht-slapende-maan-en-zon-73x8-cm.aspx,/products/sfeerlicht-slapende-maan-en-zon
https://www.phoeniximport.com/nl/4/1148/sfeerlicht-slapende-maan-en-zon-10x125-cm.aspx,/products/sfeerlicht-slapende-maan-en-zon-1
https://www.phoeniximport.com/nl/4/1149/sfeerlicht-sterrenbeelden-73x8-cm.aspx,/products/sfeerlicht-sterrenbeelden
https://www.phoeniximport.com/nl/4/1150/sfeerlicht-sterrenbeelden-10x125-cm.aspx,/products/sfeerlicht-sterrenbeelden-1
https://www.phoeniximport.com/nl/4/1151/sfeerlicht-maanfasen-73x8-cm.aspx,/products/sfeerlicht-maanfasen
https://www.phoeniximport.com/nl/4/1152/sfeerlicht-maanfasen-10x125-cm.aspx,/products/sfeerlicht-maanfasen-1
https://www.phoeniximport.com/nl/4/12040/lotus-sfeerlicht-naturel-groot-15x15-cm.aspx,/products/lotus-sfeerlicht-naturel-groot
https://www.phoeniximport.com/nl/4/12041/lotus-sfeerlicht-rozelichtroze-goudrand-groot-15x15-cm.aspx,/products/lotus-sfeerlicht-roze-lichtroze-goudrand-groot
https://www.phoeniximport.com/nl/4/12047/lotus-sfeerlicht-oranjegeel-2-kleurig-135-cm.aspx,/products/lotus-sfeerlicht-oranje-geel-2-kleurig
https://www.phoeniximport.com/nl/4/12048/lotus-sfeerlicht-2-kleurig-violet-blauw-135-cm.aspx,/products/lotus-sfeerlicht-2-kleurig-violet-blauw
https://www.phoeniximport.com/nl/4/12052/lotus-sfeerlicht-oranje-goudrand-groot-15x15-cm.aspx,/products/lotus-sfeerlicht-oranje-goudrand-groot
https://www.phoeniximport.com/nl/4/12069/lotus-sfeerlicht-smoked-goudrand-135-cm.aspx,/products/lotus-sfeerlicht-smoked-goudrand
https://www.phoeniximport.com/nl/4/12070/lotus-sfeerlicht-parelmoer-goudrand-135-cm.aspx,/products/lotus-sfeerlicht-parelmoer-goudrand
https://www.phoeniximport.com/nl/4/12071/lotus-sfeerlicht-zwart-goudrand-135-cm.aspx,/products/lotus-sfeerlicht-zwart-goudrand
https://www.phoeniximport.com/nl/4/12075/lotus-sfeerlicht-pastel-roze-goudrand-135-cm.aspx,/products/lotus-sfeerlicht-pastel-roze-goudrand
https://www.phoeniximport.com/nl/4/12076/lotus-sfeerlicht-3-kleurig-goudrand-135-cm.aspx,/products/lotus-sfeerlicht-3-kleurig-goudrand
https://www.phoeniximport.com/nl/4/12077/lotus-sfeerlicht-blauw-2-kleurig-135-cm.aspx,/products/lotus-sfeerlicht-blauw-2-kleurig
https://www.phoeniximport.com/nl/4/12078/lotus-sfeerlicht-2-kleurig-roze-oranje-135-cm.aspx,/products/lotus-sfeerlicht-2-kleurig-roze-oranje
https://www.phoeniximport.com/nl/4/12079/lotus-sfeerlicht-groenroze-2-kleurig-135-cm.aspx,/products/lotus-sfeerlicht-groen-roze-2-kleurig
https://www.phoeniximport.com/nl/4/12175/lotus-kaarshouder-kristal-m-45x11-cm.aspx,/products/lotus-kaarshouder-kristal-m
https://www.phoeniximport.com/nl/4/13125/lotus-kaarshouder-kristal-rood-45x11-cm.aspx,/products/lotus-kaarshouder-kristal-rood
https://www.phoeniximport.com/nl/4/13126/lotus-kaarshouder-kristal-groen-45x11-cm.aspx,/products/lotus-kaarshouder-kristal-groen
https://www.phoeniximport.com/nl/4/13127/lotus-kaarshouder-kristal-s-3x8-cm.aspx,/products/lotus-kaarshouder-kristal-s
https://www.phoeniximport.com/nl/4/13151/lotus-kaarshouder-kristal-l-95x20cm.aspx,/products/lotus-kaarshouder-kristal-l
https://www.phoeniximport.com/nl/4/14200/glazen-kaarshouder-voor-dinerkaars-8x10cm.aspx,/products/glazen-kaarshouder-voor-dinerkaars
https://www.phoeniximport.com/nl/4/14856/theelichthouder-lotus-handen-goudkleurig-115x94x48-cm.aspx,/products/new-419
https://www.phoeniximport.com/nl/4/14857/theelichthouder-lotus-hand-goudkleurig-161x81x55-cm.aspx,/products/new-418
https://www.phoeniximport.com/nl/4/14858/theelichthouder-biddende-boeddha-links-goudkleurig-13x63x11-cm.aspx,/products/new-417
https://www.phoeniximport.com/nl/4/14859/theelichthouder-meditatie-boeddha-rechts-goudkleurig-131x62x11cm.aspx,/products/new-416
https://www.phoeniximport.com/nl/4/14860/theelichthouder-varada-mudra-met-lotus-goudkleurig-9x84x184-cm.aspx,/products/new-415
https://www.phoeniximport.com/nl/4/14961/sfeerlicht-zeepsteen-waxinelichthouder-godin-11-cm.aspx,/products/sfeerlicht-zeepsteen-waxinelichthouder-godin
https://www.phoeniximport.com/nl/4/14963/sfeerlichthouder-pentagram-zwart-zeepsteen-25-cm.aspx,/products/sfeerlichthouder-pentagram-zwart-zeepsteen
https://www.phoeniximport.com/nl/4/15060/schaaltje-kaarsenplateau-vierkant-beige-zeepsteen-9x9cm.aspx,/products/schaaltje-kaarsenplateau-vierkant-beige-zeepsteen
https://www.phoeniximport.com/nl/4/15061/schaaltje-kaarsenplateau-rond-grijs-zeepsteen-95cm.aspx,/products/schaaltje-kaarsenplateau-rond-grijs-zeepsteen
https://www.phoeniximport.com/nl/4/15062/schaaltje-kaarsenplateau-rond-beige-zeepsteen-95cm.aspx,/products/schaaltje-kaarsenplateau-rond-beige-zeepsteen
https://www.phoeniximport.com/nl/4/16825/lotus-kaars-en-wierookhouder-zeepsteen-naturel-10-cm.aspx,/products/lotus-kaars-en-wierookhouder-zeepsteen-naturel
https://www.phoeniximport.com/nl/4/16826/lotus-kaars-en-wierookhouder-zeepsteen-grijs-10-cm.aspx,/products/lotus-kaars-en-wierookhouder-zeepsteen-grijs
https://www.phoeniximport.com/nl/4/16827/hartvorm-kaars-en-wierookhouder-zeepsteen-naturel-9x11cm.aspx,/products/hartvorm-kaars-en-wierookhouder-zeepsteen-naturel
https://www.phoeniximport.com/nl/4/17129/kaarsenhouder-roze-zandsteen-marmer-hart-15x14x25-cm.aspx,/products/kaarsenhouder-roze-zandsteen-marmer-hart
https://www.phoeniximport.com/nl/4/17603/sfeerlicht-bloem-des-levens-6x5-cm.aspx,/products/sfeerlicht-bloem-des-levens
https://www.phoeniximport.com/nl/4/17611/kaarshouder-bloem-des-levens-6x5-cm.aspx,/products/kaarshouder-bloem-des-levens
https://www.phoeniximport.com/nl/4/17686/sfeerlicht-oosterse-lantaarn-lotus-85x8x19-cm.aspx,/products/sfeerlicht-oosterse-lantaarn-lotus
https://www.phoeniximport.com/nl/4/17687/sfeerlicht-oosterse-lantaarn-mandala-9x9x155-cm.aspx,/products/sfeerlicht-oosterse-lantaarn-mandala
https://www.phoeniximport.com/nl/4/17689/sfeerlicht-oosterse-lantaarn-bloem-des-levens-95x23-cm.aspx,/products/sfeerlicht-oosterse-lantaarn-bloem-des-levens
https://www.phoeniximport.com/nl/4/17812/chakra-lotus-display-groen-49x32-cm.aspx,/products/chakra-lotus-display-groen
https://www.phoeniximport.com/nl/4/178121/chakra-lotus-display-groen-21-sfeerlichten-49x32-cm.aspx,/products/chakra-lotus-display-groen
https://www.phoeniximport.com/nl/4/178122/chakra-lotus-display-groen-21-sfeerlichten-49x32-cm.aspx,/products/chakra-lotus-display-groen
https://www.phoeniximport.com/nl/4/17820/chakra-lotus-display-metaal-57x35-cm.aspx,/products/chakra-lotus-display-metaal
https://www.phoeniximport.com/nl/4/17830/chakra-lotus-display-metaal-21-sfeerlichten-57x35-cm.aspx,/products/chakra-lotus-display-metaal-21-sfeerlichten-1
https://www.phoeniximport.com/nl/4/17831/chakra-lotus-display-metaal-21-sfeerlichten-57x35-cm.aspx,/products/chakra-lotus-display-metaal-21-sfeerlichten
https://www.phoeniximport.com/nl/4/1791/kaarshouder-engel-l-215cm.aspx,/products/kaarshouder-engel-l
https://www.phoeniximport.com/nl/4/1792/kaarshouder-engel-m-145cm.aspx,/products/kaarshouder-engel-m
https://www.phoeniximport.com/nl/4/18107/monnikje-met-2-waxinelichthouders-598-g-16x14x21-cm.aspx,/products/monnikje-met-2-waxinelichthouders
https://www.phoeniximport.com/nl/4/1814/engelenvleugels-waxinelichthouder-15-cm-230-g.aspx,/products/new-508
https://www.phoeniximport.com/nl/4/1935/mozaek-theelichthouder-roodgeel-10cm.aspx,/products/mozaiek-theelichthouder-rood-geel
https://www.phoeniximport.com/nl/4/1936/mozaek-theelichthouder-groengeel-10cm.aspx,/products/mozaiek-theelichthouder-groen-geel
https://www.phoeniximport.com/nl/4/1937/mozaek-theelichthouder-bloemen-7cm.aspx,/products/mozaiek-theelichthouder-bloemen
https://www.phoeniximport.com/nl/4/1938/mozaek-theelichthouder-multicolour-18cm.aspx,/products/mozaiek-theelichthouder-multicolour
https://www.phoeniximport.com/nl/4/1939/mozaek-theelichthouder-wit-18cm.aspx,/products/mozaiek-theelichthouder-wit
https://www.phoeniximport.com/nl/4/1947/mozaek-theelichthouder-blad-75cm.aspx,/products/mozaiek-theelichthouder-blad
https://www.phoeniximport.com/nl/4/1948/mozaek-theelichthouder-gekleurde-strepen-75cm.aspx,/products/mozaiek-theelichthouder-gekleurde-strepen
https://www.phoeniximport.com/nl/4/463/mozaek-theelichthouder-bladeren-9cm.aspx,/products/mozaiek-theelichthouder-bladeren
https://www.phoeniximport.com/nl/4/464/mozaek-theelichthouder-herfstkleuren-8cm.aspx,/products/mozaiek-theelichthouder-herfstkleuren
https://www.phoeniximport.com/nl/4/465/mozaek-theelichthouder-chakra-kleuren-8cm.aspx,/products/mozaiek-theelichthouder-chakra-kleuren
https://www.phoeniximport.com/nl/4/6256/waxinelichthouder-hart-amethist-92x9x32cm.aspx,/products/new-184
https://www.phoeniximport.com/nl/4/6257/waxinelichthouder-hart-rozenkwarts-92x9x32cm.aspx,/products/new-172
https://www.phoeniximport.com/nl/4/6258/waxinelichthouder-hart-bergkristal-92x9x32cm.aspx,/products/new-164
https://www.phoeniximport.com/nl/4/6260/waxinelichthouder-hart-gemixte-edelstenen-92x9x32cm.aspx,/products/new-147
https://www.phoeniximport.com/nl/4/9041/oosterse-kaarshouder-hartvorm-225-g-11x4-cm.aspx,/products/oosterse-kaarshouder-hartvorm
https://www.phoeniximport.com/nl/4/9043/oosterse-kaarshouder-ohm-290-g-12x4-cm.aspx,/products/oosterse-kaarshouder-ohm
https://www.phoeniximport.com/nl/4/99203/seleniet-hart-kaarshouder-8x7x5cm.aspx,/products/seleniet-hart-kaarshouder
https://www.phoeniximport.com/nl/4/99211/seleniet-theelichthouder-rond-7x7x7cm.aspx,/products/seleniet-theelichthouder-rond
https://www.phoeniximport.com/nl/4/99212/seleniet-theelichthouder-rond-7x10cm.aspx,/products/seleniet-theelichthouder-rond
https://www.phoeniximport.com/nl/4/99218/seleniet-ijsberg-theelichthouder-8x8cm.aspx,/products/seleniet-ijsberg-theelichthouder
https://www.phoeniximport.com/nl/4/99221/seleniet-hartvorm-theelichthouder-9x10x3cm.aspx,/products/seleniet-hartvorm-theelichthouder
https://www.phoeniximport.com/nl/4/99222/seleniet-kegelvorm-theelichthouder-6cm.aspx,/products/seleniet-kegelvorm-theelichthouder-1
https://www.phoeniximport.com/nl/4/99223/seleniet-kegelvorm-theelichthouder-8cm.aspx,/products/seleniet-kegelvorm-theelichthouder
https://www.phoeniximport.com/nl/4/99224/seleniet-kegelvorm-theelichthouder-11cm.aspx,/products/seleniet-kegelvorm-theelichthouder-2
https://www.phoeniximport.com/nl/4/99225/seleniet-bol-theelichthouder-7x45cm.aspx,/products/seleniet-bol-theelichthouder
https://www.phoeniximport.com/nl/4/99236/seleniet-vierkante-theelichthouder-6x6cm.aspx,/products/seleniet-vierkante-theelichthouder
https://www.phoeniximport.com/nl/4/99239/seleniet-sneeuwbal-kaarshouder-6x6cm.aspx,/products/seleniet-sneeuwbal-kaarshouder
https://www.phoeniximport.com/nl/4/99241/seleniet-sneeuwbal-kaarshouder-10x10cm.aspx,/products/seleniet-sneeuwbal-kaarshouder-1
https://www.phoeniximport.com/nl/4/99242/seleniet-bol-theelichthouder-7x45cm.aspx,/products/seleniet-bol-theelichthouder-1
https://www.phoeniximport.com/nl/4/99273/seleniet-theelichthouder-yin-yang-10cm.aspx,/products/seleniet-theelichthouder-ying-yang
https://www.phoeniximport.com/nl/4/6216/zoutkristal-sfeerlicht-800-1200gr.aspx,/products/zoutkristal-sfeerlicht
https://www.phoeniximport.com/nl/4/6217/zoutkristal-sfeerlicht-2-waxinelichtjes-2000-3000g.aspx,/products/zoutkristal-sfeerlicht-2-waxinelichtjes
https://www.phoeniximport.com/nl/4/6215/zoutkristal-sfeerlicht-grijs-800-1200-g.aspx,/products/zoutkristal-sfeerlicht-grijs
https://www.phoeniximport.com/nl/4/6331/zoutkristal-sfeerlicht-hart-800g.aspx,/products/zoutkristal-sfeerlicht-hart
https://www.phoeniximport.com/nl/4/6338/zoutkristal-sfeerlicht-yin-yang-1600-1800g.aspx,/products/zoutkristal-sfeerlicht-yin-yang
https://www.phoeniximport.com/nl/4/23306/zoutkristal-sfeerlicht-wit-800-1200g.aspx,/products/zoutkristal-sfeerlicht-wit
https://www.phoeniximport.com/nl/4/633/geurkaars-stearine-3e-chakra-100-uur-21x65-cm.aspx,/products/geurkaars-stearine-3e-chakra-100-uur
https://www.phoeniximport.com/nl/4/12006/lotus-sfeerlicht-naturel-goudrand-135-cm.aspx,/products/lotus-sfeerlicht-naturel-goudrand
https://www.phoeniximport.com/nl/4/12009/lotus-sfeerlicht-rozerood-zilverrand-135-cm.aspx,/products/lotus-sfeerlicht-roze-rood-zilverrand
https://www.phoeniximport.com/nl/4/12012/lotus-sfeerlicht-oranje-2e-chakra-goudrand-135-cm.aspx,/products/lotus-sfeerlicht-oranje-2e-chakra-goudrand
https://www.phoeniximport.com/nl/4/12013/lotus-sfeerlicht-geel-3e-chakra-goudrand-135-cm.aspx,/products/lotus-sfeerlicht-geel-3e-chakra-goudrand
https://www.phoeniximport.com/nl/4/12014/lotus-sfeerlicht-groen-4e-chakra-goudrand-135-cm.aspx,/products/lotus-sfeerlicht-groen-4e-chakra-goudrand
https://www.phoeniximport.com/nl/4/12015/lotus-sfeerlicht-blauw-5e-chakra-goudrand-135-cm.aspx,/products/lotus-sfeerlicht-blauw-5e-chakra-goudrand
https://www.phoeniximport.com/nl/4/11993/set-van-7-lotus-sfeerlicht-klein-chakra-goudrand-8-cm.aspx,/products/set-van-7-lotus-sfeerlicht-klein-chakra-goudrand
https://www.phoeniximport.com/nl/4/12031/lotus-sfeerlicht-rood-1e-chakra-zilverrand-135-cm.aspx,/products/lotus-sfeerlicht-rood-1e-chakra-zilverrand
https://www.phoeniximport.com/nl/4/11992/set-van-7-lotus-sfeerlicht-klein-chakra-zilverrand-8-cm.aspx,/products/set-van-7-lotus-sfeerlicht-klein-chakra-zilverrand
https://www.phoeniximport.com/nl/4/12001/lotus-sfeerlicht-blauwwit-2-kleurig-goudrand-135-cm.aspx,/products/lotus-sfeerlicht-blauw-wit-2-kleurig-goudrand
https://www.phoeniximport.com/nl/4/12002/lotus-sfeerlicht-rozelichtroze-goudrand-135-cm.aspx,/products/lotus-sfeerlicht-roze-lichtroze-goudrand
https://www.phoeniximport.com/nl/4/12003/lotus-sfeerlicht-roodroze-goudrand-135-cm.aspx,/products/lotus-sfeerlicht-rood-roze-goudrand
https://www.phoeniximport.com/nl/4/12004/lotus-sfeerlicht-violet-goudrand-135-cm.aspx,/products/lotus-sfeerlicht-violet-goudrand
https://www.phoeniximport.com/nl/4/12008/lotus-sfeerlicht-roze-zilverrand-135-cm.aspx,/products/lotus-sfeerlicht-roze-zilverrand
https://www.phoeniximport.com/nl/4/12011/lotus-sfeerlicht-rood-1e-chakra-goudrand-135-cm.aspx,/products/lotus-sfeerlicht-rood-1e-chakra-goudrand
https://www.phoeniximport.com/nl/4/12016/lotus-sfeerlicht-indigo-6e-chakra-goudrand-135-cm.aspx,/products/lotus-sfeerlicht-indigo-6e-chakra-goudrand
https://www.phoeniximport.com/nl/4/12017/lotus-sfeerlicht-violet-7e-chakra-goudrand-135-cm.aspx,/products/lotus-sfeerlicht-violet-7e-chakra-goudrand
https://www.phoeniximport.com/nl/4/12010/set-van-7-lotus-sfeerlichten-chakras-met-goudrand-135cm.aspx,/products/set-van-7-lotus-sfeerlichten-chakras-met-goudrand
https://www.phoeniximport.com/nl/4/12033/lotus-sfeerlicht-geel-3e-chakra-zilverrand-135-cm.aspx,/products/lotus-sfeerlicht-geel-3e-chakra-zilverrand
https://www.phoeniximport.com/nl/4/12034/lotus-sfeerlicht-groen-4e-chakra-zilverrand-135-cm.aspx,/products/lotus-sfeerlicht-groen-4e-chakra-zilverrand
https://www.phoeniximport.com/nl/4/12035/lotus-sfeerlicht-blauw-5e-chakra-zilverrand-135-cm.aspx,/products/lotus-sfeerlicht-blauw-5e-chakra-zilverrand
https://www.phoeniximport.com/nl/4/12036/lotus-sfeerlicht-indigo-6e-chakra-zilverrand-135-cm.aspx,/products/lotus-sfeerlicht-indigo-6e-chakra-zilverrand
https://www.phoeniximport.com/nl/4/12037/lotus-sfeerlicht-violet-7e-chakra-zilverrand-135-cm.aspx,/products/lotus-sfeerlicht-violet-7e-chakra-zilverrand
https://www.phoeniximport.com/nl/4/12030/set-van-7-lotus-sfeerlichten-chakras-met-zilverrand-135cm.aspx,/products/set-van-7-lotus-sfeerlichten-chakras-met-zilverrand
https://www.phoeniximport.com/nl/4/12082/lotus-sfeerlicht-lila-goudrand-135-cm.aspx,/products/lotus-sfeerlicht-lila-goudrand
https://www.phoeniximport.com/nl/4/12520/lotus-sfeerlicht-bladvorm-naturel-goudrand-135-cm.aspx,/products/lotus-sfeerlicht-bladvorm-naturel-goudrand
https://www.phoeniximport.com/nl/4/12521/lotus-sfeerlicht-bladvorm-roze-goudrand-135-cm.aspx,/products/lotus-sfeerlicht-bladvorm-roze-goudrand
https://www.phoeniximport.com/nl/4/12523/lotus-sfeerlicht-bladvorm-smokedbeige-goudrand-135-cm.aspx,/products/lotus-sfeerlicht-bladvorm-smoked-beige-goudrand
https://www.phoeniximport.com/nl/4/12032/lotus-sfeerlicht-oranje-2e-chakra-zilverrand-135-cm.aspx,/products/lotus-sfeerlicht-oranje-2e-chakra-zilverrand
https://www.phoeniximport.com/nl/4/12530/lotus-sfeerlicht-7-chakras-goudrand-135-cm.aspx,/products/new-171
https://www.phoeniximport.com/nl/4/64555/aromabrander-voor-smeltkaarsjes-hart-beige-8x65-cm.aspx,/products/aromabrander-voor-smeltkaarsjes-hart-beige
https://www.phoeniximport.com/nl/4/64556/aromabrander-voor-smeltkaarsjes-hart-groen-8x65-cm.aspx,/products/aromabrander-voor-smeltkaarsjes-hart-groen
https://www.phoeniximport.com/nl/4/64557/olieverdamper-aromabrander-olifant-naturel-125x9x9cm.aspx,/products/olieverdamper-aromabrander-olifant-naturel
https://www.phoeniximport.com/nl/4/64558/olieverdamper-aromabrander-olifant-turquoise-125x9x9cm.aspx,/products/olieverdamper-aromabrander-olifant-turquoise
https://www.phoeniximport.com/nl/4/64746/theelichtjes-maanstanden-4x2cm.aspx,/products/theelichtjes-maanstanden
https://www.phoeniximport.com/nl/4/784/theelichtjes-bloem-des-levens-jasmijn-4x2-cm.aspx,/products/theelichtjes-bloem-des-levens-jasmijn
https://www.phoeniximport.com/nl/4/785/theelichtjes-bloem-des-levens-roos-4x2-cm.aspx,/products/theelichtjes-bloem-des-levens-roos
https://www.phoeniximport.com/nl/4/786/theelichtjes-bloem-des-levens-lavendel-4x2-cm.aspx,/products/theelichtjes-bloem-des-levens-lavendel
https://www.phoeniximport.com/nl/4/17946/aromafume-essentile-olie-eucalyptus-10-ml.aspx,/products/aromafume-essentiele-olie-eucalyptus
https://www.phoeniximport.com/nl/4/17947/aromafume-essentile-olie-frankincense-10ml.aspx,/products/aromafume-essentiele-olie-frankincense
https://www.phoeniximport.com/nl/4/17948/aromafume-essentile-olie-citroengras-10ml.aspx,/products/aromafume-essentiele-olie-citroengras
https://www.phoeniximport.com/nl/4/17949/aromafume-essentile-olie-lavendel-10ml.aspx,/products/aromafume-essentiele-olie-lavendel
https://www.phoeniximport.com/nl/4/17950/aromafume-essentile-olie-sinaasappel-10ml.aspx,/products/aromafume-essentiele-olie-sinaasappel
https://www.phoeniximport.com/nl/4/17951/aromafume-essentile-olie-pepermunt-10ml.aspx,/products/aromafume-essentiele-olie-pepermunt
https://www.phoeniximport.com/nl/4/17952/aromafume-essentile-olie-rozemarijn-10-ml.aspx,/products/aromafume-essentiele-olie-rozemarijn
https://www.phoeniximport.com/nl/4/17953/aromafume-essentile-olie-tea-tree-10ml.aspx,/products/aromafume-essentiele-olie-tea-tree
https://www.phoeniximport.com/nl/4/17958/aromafume-essentile-olie-ylang-ylang-10-ml.aspx,/products/aromafume-essentiele-olie-ylang-ylang
https://www.phoeniximport.com/nl/4/17959/aromafume-essentile-olie-citroen-10-ml.aspx,/products/aromafume-essentiele-olie-citroen
https://www.phoeniximport.com/nl/4/17964/witte-salie-essentile-olie-mix-aromafume-10-ml.aspx,/products/witte-salie-essentiele-olie-mix-aromafume
https://www.phoeniximport.com/nl/4/17965/witte-salie-roos-essentile-olie-mix-aromafume-10-ml.aspx,/products/witte-salie-roos-essentiele-olie-mix-aromafume
https://www.phoeniximport.com/nl/4/17966/witte-salie-lavendel-essentile-olie-mix-aromafume-10ml.aspx,/products/witte-salie-lavendel-essentiele-olie-mix-aromafume
https://www.phoeniximport.com/nl/4/17967/witte-salie-palo-santo-essentile-olie-aromafume-10ml.aspx,/products/witte-salie-palo-santo-essentiele-olie-aromafume
https://www.phoeniximport.com/nl/4/17968/witte-salie-sandelhout-essentile-olie-aromafume-10ml.aspx,/products/witte-salie-sandelhout-essentiele-olie-aromafume
https://www.phoeniximport.com/nl/4/17969/witte-salie-frankincense-essentile-olie-aromafume-10ml.aspx,/products/witte-salie-frankincense-essentiele-olie-aromafume
https://www.phoeniximport.com/nl/4/17970/witte-salie-essentile-oliemix-set-van-6-aromafume-6x10ml.aspx,/products/witte-salie-essentiele-oliemix-set-van-6-aromafume
https://www.phoeniximport.com/nl/4/17971/muladhara-chakra-essentile-olie-mix-aromafume-10-ml.aspx,/products/muladhara-chakra-essentiele-olie-mix-aromafume
https://www.phoeniximport.com/nl/4/17972/swadishtana-chakra-essentile-olie-mix-aromafume-10ml.aspx,/products/swadishtana-chakra-essentiele-olie-mix-aromafume
https://www.phoeniximport.com/nl/4/17973/manipura-chakra-essentile-olie-mix-aromafume-10-ml.aspx,/products/manipura-chakra-essentiele-olie-mix-aromafume
https://www.phoeniximport.com/nl/4/17974/anahata-chakra-essentile-olie-mix-aromafume-10-ml.aspx,/products/anahata-chakra-essentiele-olie-mix-aromafume
https://www.phoeniximport.com/nl/4/17975/vishuddha-chakra-essentile-olie-mix-aromafume-10ml.aspx,/products/vishuddha-chakra-essentiele-olie-mix-aromafume
https://www.phoeniximport.com/nl/4/17976/ajna-chakra-essentile-olie-mix-aromafume-10-ml.aspx,/products/ajna-chakra-essentiele-olie-mix-aromafume
https://www.phoeniximport.com/nl/4/17977/sahasrara-chakra-essentile-olie-mix-aromafume-10-ml.aspx,/products/sahasrara-chakra-essentiele-olie-mix-aromafume
https://www.phoeniximport.com/nl/4/17978/chakra-essentile-olie-mix-set-van-7-aromafume-7x10ml.aspx,/products/chakra-essentiele-olie-mix-set-van-7-aromafume
https://www.phoeniximport.com/nl/4/17979/frankincensehars-essentile-olie-mix-aromafume-10-ml.aspx,/products/frankincensehars-essentiele-olie-mix-aromafume
https://www.phoeniximport.com/nl/4/17980/copalhars-essentile-olie-mix-aromafume-10ml.aspx,/products/copalhars-essentiele-olie-mix-aromafume
https://www.phoeniximport.com/nl/4/17981/mirrehars-essentile-olie-mix-aromafume-10ml.aspx,/products/mirrehars-essentiele-olie-mix-aromafume
https://www.phoeniximport.com/nl/4/17982/frankincense-mirre-essentile-olie-mix-aromafume-10ml.aspx,/products/frankincense-mirre-essentiele-olie-mix-aromafume
https://www.phoeniximport.com/nl/4/17983/benzohars-essentile-olie-mix-aromafume-10-ml.aspx,/products/benzoehars-essentiele-olie-mix-aromafume
https://www.phoeniximport.com/nl/4/17984/wierookhars-essentile-oliemix-set-van-5-aromafume-5x10ml.aspx,/products/wierookhars-essentiele-oliemix-set-van-5-aromafume
https://www.phoeniximport.com/nl/4/18214/feng-shui-metaal-essentile-olie-mix-aromafume-10ml.aspx,/products/feng-shui-metaal-essentiele-olie-mix-aromafume
https://www.phoeniximport.com/nl/4/18227/aromafume-essentile-olie-kaneelschors-10ml.aspx,/products/aromafume-essentiele-olie-kaneelschors
https://www.phoeniximport.com/nl/4/18228/aromafume-essentile-olie-kaneelblad-10ml.aspx,/products/aromafume-essentiele-olie-kaneelblad
https://www.phoeniximport.com/nl/4/18229/aromafume-essentile-olie-kruidnagel-10ml.aspx,/products/aromafume-essentiele-olie-kruidnagel
https://www.phoeniximport.com/nl/4/18230/aromafume-essentile-olie-basilicum-10ml.aspx,/products/aromafume-essentiele-olie-basilicum
https://www.phoeniximport.com/nl/4/18231/aromafume-essentile-olie-geranium-10ml.aspx,/products/aromafume-essentiele-olie-geranium
https://www.phoeniximport.com/nl/4/18232/aromafume-essentile-olie-bergamot-10ml.aspx,/products/aromafume-essentiele-olie-bergamot
https://www.phoeniximport.com/nl/4/18233/set-1-aromafume-essentile-olin-feel-good-8x10-ml.aspx,/products/set-1-aromafume-essentiele-olien-feel-good
https://www.phoeniximport.com/nl/4/33610/fiore-doriente-etherische-olie-zoete-sinaasappel-bio-10m.aspx,/products/fiore-doriente-etherische-olie-zoete-sinaasappel-bio
https://www.phoeniximport.com/nl/4/33611/fiore-doriente-etherische-olie-bergamot-bio-10-ml.aspx,/products/fiore-doriente-etherische-olie-bergamot-bio
https://www.phoeniximport.com/nl/4/33612/fiore-doriente-etherische-olie-kamille-bio-5-ml.aspx,/products/fiore-doriente-etherische-olie-kamille-bio
https://www.phoeniximport.com/nl/4/33613/fiore-doriente-etherische-olie-kaneel-bio-10-ml.aspx,/products/fiore-doriente-etherische-olie-kaneel-bio
https://www.phoeniximport.com/nl/4/33614/fiore-doriente-etherische-olie-citronella-10-ml.aspx,/products/fiore-doriente-etherische-olie-citronella
https://www.phoeniximport.com/nl/4/33615/fiore-doriente-etherische-olie-eucalyptus-bio-10-ml.aspx,/products/fiore-doriente-etherische-olie-eucalyptus-bio
https://www.phoeniximport.com/nl/4/33616/fiore-doriente-etherische-olie-olibanum-india-10-ml.aspx,/products/fiore-doriente-etherische-olie-olibanum-india
https://www.phoeniximport.com/nl/4/33617/fiore-doriente-etherische-olie-lavendel-bio-10-ml.aspx,/products/fiore-doriente-etherische-olie-lavendel-bio
https://www.phoeniximport.com/nl/4/33618/fiore-doriente-etherische-olie-lavandin-bio-10-ml.aspx,/products/fiore-doriente-etherische-olie-lavandin-bio
https://www.phoeniximport.com/nl/4/33619/fiore-doriente-etherische-olie-citroengras-bio-10-ml.aspx,/products/fiore-doriente-etherische-olie-citroengras-bio
https://www.phoeniximport.com/nl/4/33620/fiore-doriente-etherische-olie-mandarijn-bio-10-ml.aspx,/products/fiore-doriente-etherische-olie-mandarijn-bio
https://www.phoeniximport.com/nl/4/33621/fiore-doriente-etherische-olie-pepermunt-bio-10-ml.aspx,/products/fiore-doriente-etherische-olie-pepermunt-bio
https://www.phoeniximport.com/nl/4/33622/fiore-doriente-etherische-olie-palo-santo-3-ml.aspx,/products/fiore-doriente-etherische-olie-palo-santo
https://www.phoeniximport.com/nl/4/33623/fiore-doriente-etherische-olie-patchouli-10-ml.aspx,/products/fiore-doriente-etherische-olie-patchouli
https://www.phoeniximport.com/nl/4/33624/fiore-doriente-etherische-olie-grove-den-bio-10-ml.aspx,/products/fiore-doriente-etherische-olie-grove-den-bio
https://www.phoeniximport.com/nl/4/33625/fiore-doriente-etherische-olie-salie-bio-10-ml.aspx,/products/fiore-doriente-etherische-olie-salie-bio
https://www.phoeniximport.com/nl/4/33626/fiore-doriente-etherische-olie-tea-tree-bio-10-ml.aspx,/products/fiore-doriente-etherische-olie-tea-tree-bio
https://www.phoeniximport.com/nl/4/33627/fiore-doriente-etherische-olie-tijm-bio-10-ml.aspx,/products/fiore-doriente-etherische-olie-tijm-bio
https://www.phoeniximport.com/nl/4/33628/fiore-doriente-etherische-olie-ylang-ylang-10-ml.aspx,/products/fiore-doriente-etherische-olie-ylang-ylang
https://www.phoeniximport.com/nl/4/33629/fiore-doriente-etherische-olie-mix-anti-stress-10-ml.aspx,/products/fiore-doriente-etherische-olie-mix-anti-stress
https://www.phoeniximport.com/nl/4/33630/fiore-doriente-etherische-olie-mix-energie-10-ml.aspx,/products/fiore-doriente-etherische-olie-mix-energie
https://www.phoeniximport.com/nl/4/33631/fiore-doriente-etherische-olie-mix-nachtrust-10-ml.aspx,/products/fiore-doriente-etherische-olie-mix-nachtrust
https://www.phoeniximport.com/nl/4/33632/fiore-doriente-etherische-olie-mix-verfrissing-10-ml.aspx,/products/fiore-doriente-etherische-olie-mix-verfrissing
https://www.phoeniximport.com/nl/4/33633/fiore-doriente-etherische-olie-mix-zuivering-10-ml.aspx,/products/fiore-doriente-etherische-olie-mix-zuivering
https://www.phoeniximport.com/nl/4/33635/fiore-doriente-etherische-olie-mix-ontspannen-10-ml.aspx,/products/fiore-doriente-etherische-olie-mix-ontspannen
https://www.phoeniximport.com/nl/4/33636/fiore-doriente-etherische-olie-mix-ademen-10-ml.aspx,/products/fiore-doriente-etherische-olie-mix-ademen
https://www.phoeniximport.com/nl/4/3380/set-van-7-essentile-chakra-olin-10ml.aspx,/products/set-van-7-essentiele-chakra-olien
https://www.phoeniximport.com/nl/4/3381/essentile-olie-1e-chakra-muladhara-10-ml.aspx,/products/essentiele-olie-1e-chakra-muladhara
https://www.phoeniximport.com/nl/4/3382/essentile-olie-2e-chakra-swadhistana-10-ml.aspx,/products/essentiele-olie-2e-chakra-swadhistana
https://www.phoeniximport.com/nl/4/3383/essentile-olie-3e-chakra-manipura-10-ml.aspx,/products/essentiele-olie-3e-chakra-manipura
https://www.phoeniximport.com/nl/4/3384/essentile-olie-4e-chakra-anahata-10-ml.aspx,/products/essentiele-olie-4e-chakra-anahata
https://www.phoeniximport.com/nl/4/3385/essentile-olie-5e-chakra-vishuddha-10-ml.aspx,/products/essentiele-olie-5e-chakra-vishuddha
https://www.phoeniximport.com/nl/4/3386/essentile-olie-6e-chakra-ajna-10-ml.aspx,/products/essentiele-olie-6e-chakra-ajna
https://www.phoeniximport.com/nl/4/3387/essentile-olie-7e-chakra-sahasrara-10-ml.aspx,/products/essentiele-olie-7e-chakra-sahasrara
https://www.phoeniximport.com/nl/4/64617/organic-goodness-aroma-olie-agarhout-10ml.aspx,/products/organic-goodness-aroma-olie-agarhout
https://www.phoeniximport.com/nl/4/64618/organic-goodness-aroma-olie-roos-10ml.aspx,/products/organic-goodness-aroma-olie-roos
https://www.phoeniximport.com/nl/4/64619/organic-goodness-aroma-olie-jasmijn-10ml.aspx,/products/organic-goodness-aroma-olie-jasmijn
https://www.phoeniximport.com/nl/4/64620/organic-goodness-aroma-olie-sandelhout-10ml.aspx,/products/organic-goodness-aroma-olie-sandelhout
https://www.phoeniximport.com/nl/4/64622/organic-goodness-aroma-olie-patchouli-vanille-10-ml.aspx,/products/organic-goodness-aroma-olie-patchouli-vanille
https://www.phoeniximport.com/nl/4/64635/etherische-olie-bergamot-song-of-india-10ml.aspx,/products/etherische-olie-bergamot-song-of-india
https://www.phoeniximport.com/nl/4/64636/etherische-olie-kaneel-song-of-india-10ml.aspx,/products/etherische-olie-kaneel-song-of-india
https://www.phoeniximport.com/nl/4/64637/etherische-eucalyptus-olie-song-of-india-10-ml.aspx,/products/etherische-eucalyptus-olie-song-of-india
https://www.phoeniximport.com/nl/4/64638/etherische-olie-frankincense-song-of-india-10-ml.aspx,/products/etherische-olie-frankincense-song-of-india
https://www.phoeniximport.com/nl/4/64639/etherische-olie-geranium-song-of-india-10ml.aspx,/products/etherische-olie-geranium-song-of-india
https://www.phoeniximport.com/nl/4/64640/etherische-olie-citroengras-song-of-india-10-ml.aspx,/products/etherische-olie-citroengras-song-of-india
https://www.phoeniximport.com/nl/4/64641/etherische-olie-citroen-song-of-india-10ml.aspx,/products/etherische-olie-citroen-song-of-india
https://www.phoeniximport.com/nl/4/64642/etherische-olie-lavendel-song-of-india-10ml.aspx,/products/etherische-olie-lavendel-song-of-india
https://www.phoeniximport.com/nl/4/64643/etherische-olie-neroli-song-of-india-10ml.aspx,/products/etherische-olie-neroli-song-of-india
https://www.phoeniximport.com/nl/4/64644/etherische-olie-zoete-sinaasappel-song-of-india-10-ml.aspx,/products/etherische-olie-zoete-sinaasappel-song-of-india
https://www.phoeniximport.com/nl/4/64645/etherische-olie-patchouli-song-of-india-10ml.aspx,/products/etherische-olie-patchouli-song-of-india
https://www.phoeniximport.com/nl/4/64646/etherische-olie-pepermunt-song-of-india-10ml.aspx,/products/etherische-olie-pepermunt-song-of-india
https://www.phoeniximport.com/nl/4/64647/etherische-olie-rozemarijn-song-of-india-10-ml.aspx,/products/etherische-olie-rozemarijn-song-of-india
https://www.phoeniximport.com/nl/4/64648/etherische-olie-tea-tree-song-of-india-10ml.aspx,/products/etherische-olie-tea-tree-song-of-india
https://www.phoeniximport.com/nl/4/64649/etherische-olie-vanille-song-of-india-10ml.aspx,/products/etherische-olie-vanille-song-of-india
https://www.phoeniximport.com/nl/4/64650/etherische-olie-ylang-ylang-song-of-india-10-ml.aspx,/products/etherische-olie-ylang-ylang-song-of-india
https://www.phoeniximport.com/nl/4/64651/etherische-olie-aromatherapie-set-citrus-blast-3x5-ml.aspx,/products/etherische-olie-aromatherapie-set-citrus-blast
https://www.phoeniximport.com/nl/4/64652/etherische-olie-aromatherapie-set-happiness-3x5-ml.aspx,/products/etherische-olie-aromatherapie-set-happiness
https://www.phoeniximport.com/nl/4/64653/etherische-olie-aromatherapie-set-sleep-3x5-ml.aspx,/products/etherische-olie-aromatherapie-set-sleep
https://www.phoeniximport.com/nl/4/64654/etherische-olie-aromatherapie-set-wellness-3x5-ml.aspx,/products/etherische-olie-aromatherapie-set-wellness
https://www.phoeniximport.com/nl/4/64655/etherische-olie-aromatherapie-set-breathe-3x5-ml.aspx,/products/etherische-olie-aromatherapie-set-breathe
https://www.phoeniximport.com/nl/4/64656/etherische-olie-aromatherapie-set-woodsy-3x5-ml.aspx,/products/etherische-olie-aromatherapie-set-woodsy
https://www.phoeniximport.com/nl/4/64657/etherische-olie-mix-cool-breeze-song-of-india-10-ml.aspx,/products/etherische-olie-mix-cool-breeze-song-of-india
https://www.phoeniximport.com/nl/4/64658/etherische-olie-mix-keep-calm-song-of-india-10-ml.aspx,/products/etherische-olie-mix-keep-calm-song-of-india
https://www.phoeniximport.com/nl/4/64659/etherische-olie-mix-sweet-dreams-song-of-india-10-ml.aspx,/products/etherische-olie-mix-sweet-dreams-song-of-india
https://www.phoeniximport.com/nl/4/64660/etherische-olie-mix-be-energized-song-of-india-10-ml.aspx,/products/etherische-olie-mix-be-energized-song-of-india
https://www.phoeniximport.com/nl/4/64661/etherische-olie-mix-whiff-of-happiness-song-of-india-10-ml.aspx,/products/etherische-olie-mix-whiff-of-happiness-song-of-india
https://www.phoeniximport.com/nl/4/64662/etherische-olie-mix-love-notes-song-of-india-10-ml.aspx,/products/etherische-olie-mix-love-notes-song-of-india
https://www.phoeniximport.com/nl/4/64663/etherische-olie-mix-rejuvenate-song-of-india-10-ml.aspx,/products/etherische-olie-mix-rejuvenate-song-of-india
https://www.phoeniximport.com/nl/4/64664/etherische-olie-mix-de-stress-unwind-song-of-india-10-ml.aspx,/products/etherische-olie-mix-de-stress-unwind-song-of-india
https://www.phoeniximport.com/nl/4/64748/essentile-olie-sleep-collection-sleep-10ml.aspx,/products/essentiele-olie-sleep-collection-sleep
https://www.phoeniximport.com/nl/4/64749/essentile-olie-sleep-collection-relax-10ml.aspx,/products/essentiele-olie-sleep-collection-relax
https://www.phoeniximport.com/nl/4/64752/geurolie-esoteric-collection-boho-dreams-10ml.aspx,/products/geurolie-esoteric-collection-boho-dreams
https://www.phoeniximport.com/nl/4/64753/geurolie-esoteric-collection-divine-goddess-10ml.aspx,/products/geurolie-esoteric-collection-divine-goddess
https://www.phoeniximport.com/nl/4/64754/geurolie-esoteric-collection-eye-of-providence-10ml.aspx,/products/geurolie-esoteric-collection-eye-of-providence
https://www.phoeniximport.com/nl/4/64755/geurolie-esoteric-collection-good-fortune-10ml.aspx,/products/geurolie-esoteric-collection-good-fortune
https://www.phoeniximport.com/nl/4/64756/geurolie-esoteric-collection-love-spell-10ml.aspx,/products/geurolie-esoteric-collection-love-spell
https://www.phoeniximport.com/nl/4/64757/geurolie-esoteric-collection-purifying-moon-10ml.aspx,/products/geurolie-esoteric-collection-purifying-moon
https://www.phoeniximport.com/nl/4/64758/geurolie-esoteric-collection-tarot-spell-geschenkdoos-3x5ml.aspx,/products/geurolie-esoteric-collection-tarot-spell-geschenkdoos
https://www.phoeniximport.com/nl/4/64775/geurolie-celestial-magic-evil-eye-protection-10ml.aspx,/products/geurolie-celestial-magic-evil-eye-protection
https://www.phoeniximport.com/nl/4/64776/geurolie-celestial-magic-love-potion-10ml.aspx,/products/geurolie-celestial-magic-love-potion
https://www.phoeniximport.com/nl/4/64777/geurolie-celestial-magic-magical-vibes-10ml.aspx,/products/geurolie-celestial-magic-magical-vibes
https://www.phoeniximport.com/nl/4/64778/geurolie-celestial-magic-moondust-spell-10ml.aspx,/products/geurolie-celestial-magic-moondust-spell
https://www.phoeniximport.com/nl/4/64847/carnatia-starry-spell-premium-geurolie-set-6x10-ml.aspx,/products/new-360
https://www.phoeniximport.com/nl/4/64872/carnatia-starry-spell-geurolie-celestial-renewal-10-ml.aspx,/products/new-326
https://www.phoeniximport.com/nl/4/64873/carnatia-starry-spell-geurolie-cosmic-bloom-10-ml.aspx,/products/new-319
https://www.phoeniximport.com/nl/4/64874/carnatia-starry-spell-geurolie-divine-goddess-10-ml.aspx,/products/new-313
https://www.phoeniximport.com/nl/4/64875/carnatia-starry-spell-geurolie-lunar-magic-10-ml.aspx,/products/new-305
https://www.phoeniximport.com/nl/4/64876/carnatia-starry-spell-geurolie-sacred-shield-10-ml.aspx,/products/new-298
https://www.phoeniximport.com/nl/4/64877/carnatia-starry-spell-geurolie-timeless-cosmos-10-ml.aspx,/products/new-290
https://www.phoeniximport.com/nl/4/17916/smudge-spray-palo-santo-aromafume-100ml.aspx,/products/smudge-spray-palo-santo-aromafume
https://www.phoeniximport.com/nl/4/18240/luchtverfrisser-spray-frankincense-mirre-aromafume-100m.aspx,/products/luchtverfrisser-spray-frankincense-mirre-aromafume
https://www.phoeniximport.com/nl/4/18241/luchtverfrisser-spray-frankincense-aromafume-100-ml.aspx,/products/luchtverfrisser-spray-frankincense-aromafume
https://www.phoeniximport.com/nl/4/18242/luchtverfrisser-spray-mirre-aromafume-100ml.aspx,/products/luchtverfrisser-spray-mirre-aromafume
https://www.phoeniximport.com/nl/4/18243/luchtverfrisser-spray-benzo-aromafume-100ml.aspx,/products/luchtverfrisser-spray-benzoe-aromafume
https://www.phoeniximport.com/nl/4/18244/luchtverfrisser-spray-copal-aromafume-100ml.aspx,/products/luchtverfrisser-spray-copal-aromafume
https://www.phoeniximport.com/nl/4/17961/smudge-spray-witte-salie-palo-santo-aromafume-100ml.aspx,/products/smudge-spray-witte-salie-palo-santo-aromafume
https://www.phoeniximport.com/nl/4/17985/spiritueel-bewustzijn-luchtverfrisser-set-van-5-aromafume-.aspx,/products/spiritueel-bewustzijn-luchtverfrisser-set-van-5-aromafume
https://www.phoeniximport.com/nl/4/17986/witte-salie-smudge-spray-set-van-6-aromafume-6x50-ml.aspx,/products/witte-salie-smudge-spray-set-van-6-aromafume
https://www.phoeniximport.com/nl/4/17931/luchtverfrisser-ajna-6e-chakra-spray-aromafume-100-ml.aspx,/products/luchtverfrisser-ajna-6e-chakra-spray-aromafume
https://www.phoeniximport.com/nl/4/17932/luchtverfrisser-vishuddha-5e-chakra-spray-aromafume-100-ml.aspx,/products/luchtverfrisser-vishuddha-5e-chakra-spray-aromafume
https://www.phoeniximport.com/nl/4/17930/luchtverfrisser-sahasrara-7e-chakra-spray-aromafume-100ml.aspx,/products/luchtverfrisser-sahasrara-7e-chakra-spray-aromafume
https://www.phoeniximport.com/nl/4/17933/luchtverfrisser-anahata-4e-chakra-spray-aromafume-100-ml.aspx,/products/luchtverfrisser-anahata-4e-chakra-spray-aromafume
https://www.phoeniximport.com/nl/4/17934/luchtverfrisser-swadhistana-2e-chakra-spray-aromafume-100-ml.aspx,/products/luchtverfrisser-swadhistana-2e-chakra-spray-aromafume
https://www.phoeniximport.com/nl/4/17935/luchtverfrisser-manipura-3e-chakra-spray-aromafume-100-ml.aspx,/products/luchtverfrisser-manipura-3e-chakra-spray-aromafume
https://www.phoeniximport.com/nl/4/17936/luchtverfrisser-muladhara-1e-chakra-spray-aromafume-100-ml.aspx,/products/luchtverfrisser-muladhara-1e-chakra-spray-aromafume
https://www.phoeniximport.com/nl/4/17913/smudge-spray-witte-salie-aromafume-100ml.aspx,/products/smudge-spray-witte-salie-aromafume
https://www.phoeniximport.com/nl/4/17914/smudge-spray-witte-salie-lavendel-aromafume-100-ml.aspx,/products/smudge-spray-witte-salie-lavendel-aromafume
https://www.phoeniximport.com/nl/4/17915/smudge-spray-witte-salie-roos-aromafume-100-ml.aspx,/products/smudge-spray-witte-salie-roos-aromafume
https://www.phoeniximport.com/nl/4/17960/aromafume-essentile-olie-patchouli-10-ml.aspx,/products/aromafume-essentiele-olie-patchouli
https://www.phoeniximport.com/nl/4/17917/luchtverfrisser-spray-nag-champa-aromafume-100-ml.aspx,/products/luchtverfrisser-spray-nag-champa-aromafume
https://www.phoeniximport.com/nl/4/17918/luchtverfrisser-spray-dragons-blood-aromafume-100-ml.aspx,/products/luchtverfrisser-spray-dragons-blood-aromafume
https://www.phoeniximport.com/nl/4/17962/smudge-spray-witte-salie-sandelhout-aromafume-100ml.aspx,/products/smudge-spray-witte-salie-sandelhout-aromafume
https://www.phoeniximport.com/nl/4/17963/smudge-spray-witte-salie-frankincense-aromafume-100ml.aspx,/products/smudge-spray-witte-salie-frankincense-aromafume
https://www.phoeniximport.com/nl/4/18246/luchtverfrisser-spray-feng-shui-metaal-aromafume-100ml.aspx,/products/luchtverfrisser-spray-feng-shui-metaal-aromafume
https://www.phoeniximport.com/nl/4/18268/aromafume-kamer-textielspray-pepermunt-100ml.aspx,/products/aromafume-kamer-textielspray-pepermunt
https://www.phoeniximport.com/nl/4/18269/aromafume-kamer-textielspray-rozen-100ml.aspx,/products/aromafume-kamer-textielspray-rozen
https://www.phoeniximport.com/nl/4/18270/aromafume-kamer-textielspray-vanille-100ml.aspx,/products/aromafume-kamer-textielspray-ylang-ylang-100-ml
https://www.phoeniximport.com/nl/4/18271/aromafume-kamer-textielspray-ylang-ylang-100ml.aspx,/products/aromafume-kamer-textielspray-ylang-ylang
https://www.phoeniximport.com/nl/4/18272/aromafume-kamer-textielspray-bergamot-100ml.aspx,/products/aromafume-kamer-textielspray-bergamot
https://www.phoeniximport.com/nl/4/18273/aromafume-kamer-textielspray-kokos-100ml.aspx,/products/aromafume-kamer-textielspray-kokos
https://www.phoeniximport.com/nl/4/18274/aromafume-kamer-textielspray-eucalyptus-munt-100ml.aspx,/products/aromafume-kamer-textielspray-eucalyptus-munt
https://www.phoeniximport.com/nl/4/18275/aromafume-kamer-textielspray-eucalyptus-100ml.aspx,/products/aromafume-kamer-textielspray-eucalyptus
https://www.phoeniximport.com/nl/4/18276/aromafume-kamer-textielspray-lavendel-100ml.aspx,/products/aromafume-kamer-textielspray-lavendel
https://www.phoeniximport.com/nl/4/18278/aromafume-kamer-textielspray-sinaasappel-100ml.aspx,/products/aromafume-kamer-textielspray-sinaasappel
https://www.phoeniximport.com/nl/4/18277/aromafume-kamer-textielspray-citroengras-100ml.aspx,/products/aromafume-kamer-textielspray-citroengras
https://www.phoeniximport.com/nl/4/14119/aroma-diffuser-zen-breeze-naturel-200-ml-250-g.aspx,/products/aroma-diffuser-zen-breeze-naturel
https://www.phoeniximport.com/nl/4/14121/aroma-diffuser-zazen-naturel-200-ml-250-g.aspx,/products/aroma-diffuser-zazen-naturel
https://www.phoeniximport.com/nl/4/14123/aroma-diffuser-zen-forest-naturel-200-ml-250-g.aspx,/products/aroma-diffuser-zen-forest-naturel
https://www.phoeniximport.com/nl/4/14125/aroma-diffuser-gaia-naturel-400ml-480g.aspx,/products/aroma-diffuser-gaia-naturel
https://www.phoeniximport.com/nl/4/14129/aroma-diffuser-pure-white-500ml-380g.aspx,/products/aroma-diffuser-pure-white
https://www.phoeniximport.com/nl/4/14210/aroma-diffuser-oval-white-naturel-usb-200ml.aspx,/products/aroma-diffuser-oval-white-naturel-usb
https://www.phoeniximport.com/nl/4/14211/aroma-diffuser-round-white-naturel-300ml.aspx,/products/aroma-diffuser-round-white-naturel
https://www.phoeniximport.com/nl/4/14212/aroma-diffuser-deco-round-naturel-usb-180ml.aspx,/products/aroma-diffuser-deco-round-naturel-usb
https://www.phoeniximport.com/nl/4/14213/aroma-diffuser-nebula-rond-wit-houtmotief-300ml.aspx,/products/aroma-diffuser-nebula-rond-wit-houtmotief
https://www.phoeniximport.com/nl/4/14214/aroma-diffuser-starlight-houtmotief-200ml.aspx,/products/aroma-diffuser-starlight-houtmotief
https://www.phoeniximport.com/nl/4/14215/aroma-diffuser-bloem-des-levens-keramiek-usb-100-ml.aspx,/products/new-440
https://www.phoeniximport.com/nl/4/14216/aroma-diffuser-starlight-rond-houtmotief-400-ml.aspx,/products/new-439
https://www.phoeniximport.com/nl/4/1357/wierook-lavendel-hexagram-pak-20-g.aspx,/products/wierook-lavendel-hexagram-pak
https://www.phoeniximport.com/nl/4/98712/wierook-morning-star-lavendel-20-g.aspx,/products/wierook-morning-star-lavendel
https://www.phoeniximport.com/nl/4/3308/oogkussen-lavendel-biologisch-blauw-140-g-22x8-cm.aspx,/products/oogkussen-lavendel-biologisch-blauw
https://www.phoeniximport.com/nl/4/3310/oogkussen-lavendel-bio-donkerpaars-140-g-22x8-cm.aspx,/products/oogkussen-lavendel-bio-donkerpaars
https://www.phoeniximport.com/nl/4/3318/oogkussen-lavendel-biologisch-olijfgroen-140-g-22x8-cm.aspx,/products/oogkussen-lavendel-biologisch-olijfgroen
https://www.phoeniximport.com/nl/4/27404/wierook-ka-fuh-lavendel-10-g.aspx,/products/wierook-ka-fuh-lavendel
https://www.phoeniximport.com/nl/4/348/lavendel-wierookkruid-4-g-30-ml.aspx,/products/lavendel-wierookkruid
https://www.phoeniximport.com/nl/4/989/wierook-satya-lavender-15-g.aspx,/products/wierook-satya-lavender
https://www.phoeniximport.com/nl/4/3314/nekkussen-lavendel-bio-donkerpaars-25x20x3cm-440g.aspx,/products/nekkussen-lavendel-bio-donkerpaars
https://www.phoeniximport.com/nl/4/33101/oog-en-nekkussen-bio-lavendel-donkerpaars-25x20x3cm-580g.aspx,/products/oog-en-nekkussen-bio-lavendel-donkerpaars
https://www.phoeniximport.com/nl/4/3320/oogkussen-lavendel-biologisch-lichtblauw-140-g-22x8-cm.aspx,/products/oogkussen-lavendel-biologisch-lichtblauw
https://www.phoeniximport.com/nl/4/3322/lavendel-geurzakje-biologisch-naturel-55x17-cm.aspx,/products/lavendel-geurzakje-biologisch-naturel
https://www.phoeniximport.com/nl/4/3324/lavendel-geurzakje-biologisch-donkerpaars-55x17-cm.aspx,/products/lavendel-geurzakje-biologisch-donkerpaars
https://www.phoeniximport.com/nl/4/3319/oogkussen-lavendel-biologisch-naturel-140-g-22x8-cm.aspx,/products/oogkussen-lavendel-biologisch-naturel
https://www.phoeniximport.com/nl/4/3317/nekkussen-lavendel-biologisch-naturel-25x20x3cm-440g.aspx,/products/nekkussen-lavendel-biologisch-naturel
https://www.phoeniximport.com/nl/4/33191/oog-en-nekkussen-biologisch-lavendel-naturel-25x20x3cm-580g.aspx,/products/oog-en-nekkussen-biologisch-lavendel-naturel
https://www.phoeniximport.com/nl/4/3325/oogkussen-lavendel-biologisch-taupe-140-g-22x8-cm.aspx,/products/oogkussen-lavendel-biologisch-taupe
https://www.phoeniximport.com/nl/4/02513/lavandin-lavendel-bloemen-in-cellofaan-zakje-100-g.aspx,/products/lavandin-lavendel-bloemen-in-cellofaan-zakje
https://www.phoeniximport.com/nl/4/02514/lavendel-lavandin-lila-zakjes-in-display-18-g.aspx,/products/lavendel-lavandin-lila-zakjes-in-display
https://www.phoeniximport.com/nl/4/38460/scentsual-brilliant-blauw-lavendel-wierook-11-g.aspx,/products/scentsual-brilliant-blauw-lavendel-wierook
https://www.phoeniximport.com/nl/4/11459/lavendel-lavandin-zakjes-chic-in-display-18-g.aspx,/products/lavendel-lavandin-zakjes-chic-in-display
https://www.phoeniximport.com/nl/4/64616/tridosha-lavendel-citroengras-luchtverfrisser-kamerspray-.aspx,/products/tridosha-lavendel-citroengras-luchtverfrisser-kamerspray
https://www.phoeniximport.com/nl/4/12515/lavendel-lavandin-zakjes-parijs-in-display-18-g.aspx,/products/lavendel-lavandin-zakjes-parijs-in-display
https://www.phoeniximport.com/nl/4/98768/nippon-kodo-wierook-lavendel-herb-earth-8-g.aspx,/products/nippon-kodo-wierook-lavendel-herb-earth
https://www.phoeniximport.com/nl/4/7143/sagrada-madre-botanische-wierook-lavendel-rozen-20g.aspx,/products/sagrada-madre-botanische-wierook-lavendel-rozen
https://www.phoeniximport.com/nl/4/5268/witte-salie-smudge-met-lavendel-s-per-24-in-mandje-11x35cm-30-40g.aspx,/products/witte-salie-smudge-met-lavendel-s-per-24-in-mandje
https://www.phoeniximport.com/nl/4/5264/witte-salie-smudge-met-lavendel-s-set-van-2-11x35cm-30-40g.aspx,/products/witte-salie-smudge-met-lavendel-s-set-van-2
https://www.phoeniximport.com/nl/4/6306/masala-wierook-lavendel-15-g.aspx,/products/masala-wierook-lavendel
https://www.phoeniximport.com/nl/4/64593/salie-lavendel-smudge-wierookkruid-25g.aspx,/products/salie-lavendel-smudge-wierookkruid
https://www.phoeniximport.com/nl/4/12693/himalaya-incense-engelse-lavendel-12x15g.aspx,/products/himalaya-incense-engelse-lavendel
https://www.phoeniximport.com/nl/4/19846/ispalla-wierook-palo-santo-lavendel-13g.aspx,/products/ispalla-wierook-palo-santo-lavendel
https://www.phoeniximport.com/nl/4/64686/lavendel-natuurlijke-backflow-wierookkegels-24-g.aspx,/products/lavendel-natuurlijke-backflow-wierookkegels
https://www.phoeniximport.com/nl/4/64630/organic-goodness-lavendel-wierookkegels-houder-72-g.aspx,/products/organic-goodness-lavendel-wierookkegels-houder
https://www.phoeniximport.com/nl/4/64739/kamerspray-purifying-moon-palo-santo-lavendel-100ml.aspx,/products/kamerspray-purifying-moon-palo-santo-lavendel
https://www.phoeniximport.com/nl/4/7174/sagrada-madre-kruidenwierook-lavendel-en-olibanum-38g.aspx,/products/sagrada-madre-kruidenwierook-lavendel-en-olibanum
https://www.phoeniximport.com/nl/4/7156/sagrada-madre-yagra-wierook-viooltjes-lavendel-20g.aspx,/products/sagrada-madre-yagra-wierook-viooltjes-lavendel
https://www.phoeniximport.com/nl/4/17987/aromafume-wierookblokjes-witte-salie-lavendel-40-g.aspx,/products/aromafume-wierookblokjes-witte-salie-lavendel
https://www.phoeniximport.com/nl/4/7111/sagrada-madre-palo-santo-wierook-met-lavendel-30g.aspx,/products/sagrada-madre-palo-santo-wierook-met-lavendel
https://www.phoeniximport.com/nl/4/17906/aromafume-wierookblokjes-magic-lavender-40-g.aspx,/products/aromafume-wierookblokjes-magic-lavender
https://www.phoeniximport.com/nl/4/64596/lavendelknoppen-ayurveda-geurolie-10ml.aspx,/products/lavendelknoppen-ayurveda-geurolie
https://www.phoeniximport.com/nl/4/1058/geurcrme-jasmijn-4-g.aspx,/products/geurcreme-jasmijn
https://www.phoeniximport.com/nl/4/1060/geurcrme-lelietje-van-dalen-4-g.aspx,/products/geurcreme-lelietje-van-dalen
https://www.phoeniximport.com/nl/4/1061/geurcrme-orchidee-4-g.aspx,/products/geurcreme-orchidee
https://www.phoeniximport.com/nl/4/1062/geurcrme-patchouli-4-g.aspx,/products/geurcreme-patchouli
https://www.phoeniximport.com/nl/4/1063/geurcrme-sandelhout-4-g.aspx,/products/geurcreme-sandelhout
https://www.phoeniximport.com/nl/4/1064/geurcrme-rozen-4-g.aspx,/products/geurcreme-rozen
https://www.phoeniximport.com/nl/4/1065/geurcrme-kamperfoelie-4-g.aspx,/products/geurcreme-kamperfoelie
https://www.phoeniximport.com/nl/4/12461/bach-kamerspray-nood-bio-30-ml.aspx,/products/bach-kamerspray-nood-bio
https://www.phoeniximport.com/nl/4/12464/bach-kamerspray-energie-bio-30ml.aspx,/products/bach-kamerspray-energie-bio
https://www.phoeniximport.com/nl/4/12466/bach-kamerspray-kinderen-bio-30-ml.aspx,/products/bach-kamerspray-kinderen-bio
https://www.phoeniximport.com/nl/4/12468/bach-kamerspray-stress-l-bio-100-ml.aspx,/products/bach-kamerspray-stress-l-bio
https://www.phoeniximport.com/nl/4/12470/bach-kamerspray-energie-l-bio-100-ml.aspx,/products/bach-kamerspray-energie-l-bio
https://www.phoeniximport.com/nl/4/12471/bach-kamerspray-nachtrust-l-bio-100-ml.aspx,/products/bach-kamerspray-nachtrust-l-bio
https://www.phoeniximport.com/nl/4/12518/bach-kamerspray-zuivering-bio-100ml.aspx,/products/bach-kamerspray-zuivering-bio
https://www.phoeniximport.com/nl/4/170261/wierookhars-vanilleamber-in-houten-doosje-6x4-cm.aspx,/products/wierookhars-vanille-amber-in-houten-doosje
https://www.phoeniximport.com/nl/4/170262/wierookhars-nag-champaamber-in-houten-doosje-6x4-cm.aspx,/products/wierookhars-nag-champa-amber-in-houten-doosje
https://www.phoeniximport.com/nl/4/170263/wierookhars-roosamber-in-houten-doosje-6x4-cm.aspx,/products/wierookhars-roos-amber-in-houten-doosje
https://www.phoeniximport.com/nl/4/170265/wierookhars-mirre-in-houten-doosje-6x4-cm.aspx,/products/wierookhars-mirre-in-houten-doosje
https://www.phoeniximport.com/nl/4/170266/wierookhars-amber-in-houten-doosje-6x4-cm.aspx,/products/wierookhars-amber-in-houten-doosje
https://www.phoeniximport.com/nl/4/17541/geurolie-in-handgeblazen-flesje-aphrodesia-5-ml.aspx,/products/geurolie-in-handgeblazen-flesje-aphrodesia
https://www.phoeniximport.com/nl/4/17542/geurolie-in-handgeblazen-flesje-buddha-delight-5-ml.aspx,/products/geurolie-in-handgeblazen-flesje-buddha-delight
https://www.phoeniximport.com/nl/4/17543/geurolie-in-handgeblazen-flesje-lily-of-the-valley-5-ml.aspx,/products/geurolie-in-handgeblazen-flesje-lily-of-the-valley
https://www.phoeniximport.com/nl/4/17544/geurolie-in-handgeblazen-flesje-jasmijn-5-ml.aspx,/products/geurolie-in-handgeblazen-flesje-jasmijn
https://www.phoeniximport.com/nl/4/17545/geurolie-in-handgeblazen-flesje-kamperfoelie-5-ml.aspx,/products/geurolie-in-handgeblazen-flesje-kamperfoelie
https://www.phoeniximport.com/nl/4/17546/geurolie-in-handgeblazen-flesje-rozen-5-ml.aspx,/products/geurolie-in-handgeblazen-flesje-rozen
https://www.phoeniximport.com/nl/4/17547/geurolie-in-handgeblazen-flesje-sandelhout-vetiver-5-ml.aspx,/products/geurolie-in-handgeblazen-flesje-sandelhout-vetiver
https://www.phoeniximport.com/nl/4/17548/geurolie-in-handgeblazen-flesje-patchouli-5-ml.aspx,/products/geurolie-in-handgeblazen-flesje-patchouli
https://www.phoeniximport.com/nl/4/17549/geurolie-in-handgeblazen-flesje-neroli-5-ml.aspx,/products/geurolie-in-handgeblazen-flesje-neroli
https://www.phoeniximport.com/nl/4/64595/zeezout-en-salie-ayurveda-geurolie-10ml.aspx,/products/zeezout-en-salie-ayurveda-geurolie
https://www.phoeniximport.com/nl/4/64597/oud-bergamot-ayurveda-geurolie-10ml.aspx,/products/oud-bergamot-ayurveda-geurolie-10ml
https://www.phoeniximport.com/nl/4/64598/krishna-musk-ayurveda-geurolie-10ml.aspx,/products/krishna-musk-ayurveda-geurolie
https://www.phoeniximport.com/nl/4/64599/lotus-ayurveda-geurolie-10ml.aspx,/products/lotus-ayurveda-geurolie
https://www.phoeniximport.com/nl/4/64613/vata-tuberoos-jasmijn-luchtverfrisser-kamerspray-50ml.aspx,/products/vata-tuberoos-jasmijn-luchtverfrisser-kamerspray
https://www.phoeniximport.com/nl/4/64614/pitta-aqua-oud-luchtverfrisser-kamerspray-50-ml.aspx,/products/pitta-aqua-oud-luchtverfrisser-kamerspray
https://www.phoeniximport.com/nl/4/64615/kapha-salie-munt-luchtverfrisser-kamerspray-50-ml.aspx,/products/kapha-salie-munt-luchtverfrisser-kamerspray
https://www.phoeniximport.com/nl/4/64677/mysore-chandan-sandelhout-kamerspray-12ml.aspx,/products/mysore-chandan-sandelhout-kamerspray
https://www.phoeniximport.com/nl/4/64678/desi-gulab-roos-kamerspray-12ml.aspx,/products/desi-gulab-roos-kamerspray
https://www.phoeniximport.com/nl/4/64682/patchouli-vanille-kamerspray-12ml.aspx,/products/patchouli-vanille-kamerspray
https://www.phoeniximport.com/nl/4/64693/oranjebloesem-jasmijn-kamerspray-12ml.aspx,/products/oranjebloesem-jasmijn-kamerspray
https://www.phoeniximport.com/nl/4/64695/amberbalsem-smoky-oud-kamerspray-12ml.aspx,/products/amberbalsem-smoky-oud-kamerspray
https://www.phoeniximport.com/nl/4/64696/frisse-bergamot-zeezout-kamerspray-12ml.aspx,/products/frisse-bergamot-zeezout-kamerspray
https://www.phoeniximport.com/nl/4/64698/kamperfoelie-ayurveda-geurolie-10ml.aspx,/products/kamperfoelie-ayurveda-geurolie
https://www.phoeniximport.com/nl/4/64699/orientaalse-jasmijn-ayurveda-geurolie-10ml.aspx,/products/orientaalse-jasmijn-ayurveda-geurolie
https://www.phoeniximport.com/nl/4/64700/liefde-ayurveda-geurolie-10-ml.aspx,/products/liefde-ayurveda-geurolie
https://www.phoeniximport.com/nl/4/64701/lelietje-van-dalen-ayurveda-geurolie-10ml.aspx,/products/lelietje-van-dalen-ayurveda-geurolie
https://www.phoeniximport.com/nl/4/64702/neroli-bergamot-ayurveda-geurolie-10ml.aspx,/products/neroli-bergamot-ayurveda-geurolie
https://www.phoeniximport.com/nl/4/64703/patchouli-noir-ayurveda-geurolie-10ml.aspx,/products/patchouli-noir-ayurveda-geurolie
https://www.phoeniximport.com/nl/4/64704/relax-ayurveda-geurolie-10ml.aspx,/products/relax-ayurveda-geurolie
https://www.phoeniximport.com/nl/4/64705/sandelhout-vetiver-ayurveda-geurolie-10ml.aspx,/products/sandelhout-vetiver-ayurveda-geurolie
https://www.phoeniximport.com/nl/4/64706/wilde-roos-ayurveda-geurolie-10ml.aspx,/products/wilde-roos-ayurveda-geurolie
https://www.phoeniximport.com/nl/4/64707/nag-champa-ayurveda-geurolie-10ml.aspx,/products/nag-champa-ayurveda-geurolie
https://www.phoeniximport.com/nl/4/64708/geurcrme-amber-in-rozenhout-potje-6g.aspx,/products/geurcreme-amber-in-rozenhout-potje
https://www.phoeniximport.com/nl/4/64709/geurcrme-kamperfoelie-in-rozenhout-potje-6g.aspx,/products/geurcreme-kamperfoelie-in-rozenhout-potje
https://www.phoeniximport.com/nl/4/64710/geurcrme-jasmijn-in-rozenhout-potje-6g.aspx,/products/geurcreme-jasmijn-in-rozenhout-potje
https://www.phoeniximport.com/nl/4/64711/geurcrme-lelietje-van-dalen-in-rozenhout-potje-6g.aspx,/products/geurcreme-lelietje-van-dalen-in-rozenhout-potje
https://www.phoeniximport.com/nl/4/64712/geurcrme-orchidee-in-rozenhout-potje-6g.aspx,/products/geurcreme-orchidee-in-rozenhout-potje
https://www.phoeniximport.com/nl/4/64713/geurcrme-patchouli-in-rozenhout-potje-6g.aspx,/products/geurcreme-patchouli-in-rozenhout-potje
https://www.phoeniximport.com/nl/4/64714/geurcrme-roos-in-rozenhout-potje-6g.aspx,/products/geurcreme-roos-in-rozenhout-potje
https://www.phoeniximport.com/nl/4/64715/geurcrme-sandelhout-in-rozenhout-potje-6g.aspx,/products/geurcreme-sandelhout-in-rozenhout-potje
https://www.phoeniximport.com/nl/4/64734/kamerspray-boho-dreams-mirre-sandelhout-100ml.aspx,/products/kamerspray-boho-dreams-mirre-sandelhout
https://www.phoeniximport.com/nl/4/64735/kamerspray-divine-goddess-jasmijn-oud-100ml.aspx,/products/kamerspray-divine-goddess-jasmijn-oud
https://www.phoeniximport.com/nl/4/64736/kamerspray-eye-of-providence-salie-witte-thee-100ml.aspx,/products/kamerspray-eye-of-providence-salie-witte-thee-100ml
https://www.phoeniximport.com/nl/4/64737/kamerspray-good-fortune-patchouli-sinaasappel-100ml.aspx,/products/kamerspray-good-fortune-patchouli-sinaasappel
https://www.phoeniximport.com/nl/4/64738/kamerspray-love-spell-roos-pioenroos-100ml.aspx,/products/kamerspray-love-spell-roos-pioenroos
https://www.phoeniximport.com/nl/4/64742/song-of-india-kussenspray-sleep-100ml.aspx,/products/song-of-india-kussenspray-sleep
https://www.phoeniximport.com/nl/4/64747/kussenspray-sleep-collection-relax-100ml.aspx,/products/kussenspray-sleep-collection-relax
https://www.phoeniximport.com/nl/4/64771/moonshine-yoga-geurstokjes-aqua-zen-30-ml.aspx,/products/moonshine-yoga-geurstokjes-aqua-zen
https://www.phoeniximport.com/nl/4/64772/moonshine-yoga-geurstokjes-moonlit-jasmine-30-ml.aspx,/products/moonshine-yoga-geurstokjes-moonlit-jasmine
https://www.phoeniximport.com/nl/4/64773/moonshine-yoga-geurstokjes-tranquil-woods-30-ml.aspx,/products/moonshine-yoga-geurstokjes-tranquil-woods
https://www.phoeniximport.com/nl/4/64774/moonshine-yoga-geurstokjes-celestial-sage-30-ml.aspx,/products/moonshine-yoga-geurstokjes-celestial-sage
https://www.phoeniximport.com/nl/4/64783/celestial-magic-botanische-diffuser-evil-eye-protection-150ml.aspx,/products/new-222
https://www.phoeniximport.com/nl/4/64784/celestial-magic-botanische-diffuser-love-potion-150ml.aspx,/products/new-212
https://www.phoeniximport.com/nl/4/64785/celestial-magic-botanische-diffuser-magical-vibes-150ml.aspx,/products/new-199
https://www.phoeniximport.com/nl/4/64786/celestial-magic-botanische-diffuser-moondust-spell-150ml.aspx,/products/new-188
https://www.phoeniximport.com/nl/4/64803/celestial-magic-geurstokjes-evil-eye-protection-50ml.aspx,/products/new-140
https://www.phoeniximport.com/nl/4/64804/celestial-magic-geurstokjes-love-potion-50ml.aspx,/products/new-244
https://www.phoeniximport.com/nl/4/64805/celestial-magic-geurstokjes-magical-vibes-50ml.aspx,/products/new-123
https://www.phoeniximport.com/nl/4/64806/celestial-magic-geurstokjes-moondust-spell-50ml.aspx,/products/new-112
https://www.phoeniximport.com/nl/4/64848/carnatia-starry-spell-smudge-spray-celestial-renewal-100-ml.aspx,/products/new-354
https://www.phoeniximport.com/nl/4/64849/carnatia-starry-spell-smudge-spray-cosmic-bloom-100-ml.aspx,/products/new-347
https://www.phoeniximport.com/nl/4/64850/carnatia-starry-spell-smudge-spray-divine-goddess-100-ml.aspx,/products/new-341
https://www.phoeniximport.com/nl/4/64851/carnatia-starry-spell-smudge-spray-lunar-magic-100-ml.aspx,/products/new-334
https://www.phoeniximport.com/nl/4/64852/carnatia-starry-spell-smudge-spray-sacred-shield-100-ml.aspx,/products/new-328
https://www.phoeniximport.com/nl/4/64853/carnatia-starry-spell-smudge-spray-timeless-cosmos-100-ml.aspx,/products/new-321
https://www.phoeniximport.com/nl/4/64866/carnatia-starry-spell-geurdiffuser-celestial-renewal-200-ml.aspx,/products/new-365
https://www.phoeniximport.com/nl/4/64867/carnatia-starry-spell-geurdiffuser-cosmic-bloom-200-ml.aspx,/products/new-359
https://www.phoeniximport.com/nl/4/64868/carnatia-starry-spell-geurdiffuser-divine-goddess-200-ml.aspx,/products/new-353
https://www.phoeniximport.com/nl/4/64869/carnatia-starry-spell-geurdiffuser-lunar-magic-200-ml.aspx,/products/new-346
https://www.phoeniximport.com/nl/4/64870/carnatia-starry-spell-geurdiffuser-sacred-shield-200-ml.aspx,/products/new-340
https://www.phoeniximport.com/nl/4/64871/carnatia-starry-spell-geurdiffuser-timeless-cosmos-200-ml.aspx,/products/new-333
https://www.phoeniximport.com/nl/4/15005/wierookbrander-olieverdamper-zeepsteen-1500-g-14-cm.aspx,/products/wierookbrander-olieverdamper-zeepsteen
https://www.phoeniximport.com/nl/4/15026/olieverdamper-lotus-zwart-zeepsteen-11x8-cm.aspx,/products/olieverdamper-lotus-zwart-zeepsteen
https://www.phoeniximport.com/nl/4/79100/aromalamp-wierookbrander-bloem-des-levens-16x11-cm.aspx,/products/aromalamp-wierookbrander-bloem-des-levens
https://www.phoeniximport.com/nl/4/15009/wierookbrander-olieverdamper-zeepsteen-zwart-600-g.aspx,/products/wierookbrander-olieverdamper-zeepsteen-zwart
https://www.phoeniximport.com/nl/4/15027/olieverdamper-druppel-zeepsteen-10x75-cm.aspx,/products/olieverdamper-druppel-zeepsteen
https://www.phoeniximport.com/nl/4/15045/olieverdamper-keltische-knoop-zwart-zeepsteen-12-cm.aspx,/products/olieverdamper-keltische-knoop-zwart-zeepsteen
https://www.phoeniximport.com/nl/4/15077/olieverdamper-flowers-zwart-zeepsteen-10x8-cm.aspx,/products/olieverdamper-flowers-zwart-zeepsteen
https://www.phoeniximport.com/nl/4/15079/kruikje-voor-etherische-olie-35x2-cm.aspx,/products/kruikje-voor-etherische-olie
https://www.phoeniximport.com/nl/4/1930/geursteen-bloem-des-levens-zwart-75cm.aspx,/products/geursteen-bloem-des-levens-zwart
https://www.phoeniximport.com/nl/4/1931/geursteen-levensboom-groen-75cm.aspx,/products/geursteen-levensboom-groen
https://www.phoeniximport.com/nl/4/1932/geursteen-ohm-zwart-75cm.aspx,/products/geursteen-ohm-zwart
https://www.phoeniximport.com/nl/4/1933/geursteen-lotus-wit-75cm.aspx,/products/geursteen-lotus-wit
https://www.phoeniximport.com/nl/4/1934/geursteen-lotus-zwart-75cm.aspx,/products/geursteen-lotus-zwart
https://www.phoeniximport.com/nl/4/64553/olieverdamper-levensboom-turquoise-keramiek-11x95-cm.aspx,/products/olieverdamper-levensboom-turquoise-keramiek
https://www.phoeniximport.com/nl/4/64554/olieverdamper-levensboom-naturel-keramiek-11x95-cm.aspx,/products/olieverdamper-levensboom-naturel-keramiek
https://www.phoeniximport.com/nl/4/17955/aromafume-olieverdamper-levensboom-8x9-cm-120-g.aspx,/products/aromafume-olieverdamper-levensboom
https://www.phoeniximport.com/nl/4/17954/aromafume-olieverdamper-bloem-des-levens-8x9cm-120g.aspx,/products/aromafume-olieverdamper-bloem-des-levens
https://www.phoeniximport.com/nl/4/17929/aromafume-olieverdamper-ohm-9x85cm-125g.aspx,/products/aromafume-olieverdamper-ohm
https://www.phoeniximport.com/nl/4/17993/aromafume-olieverdamper-original-9x8cm-120g.aspx,/products/aromafume-olieverdamper-original
https://www.phoeniximport.com/nl/4/17994/aromafume-olieverdamper-regenboog-9x8cm-120g.aspx,/products/aromafume-olieverdamper-regenboog
https://www.phoeniximport.com/nl/4/15020/multifunctionele-brander-grijze-zeepsteen-10x125cm.aspx,/products/multifunctionele-brander-grijze-zeepsteen
https://www.phoeniximport.com/nl/4/15021/multifunctionele-brander-gemarmerd-zeepsteen-bloemmotief-11x11cm.aspx,/products/multifunctionele-brander-gemarmerd-zeepsteen-bloemmotief
https://www.phoeniximport.com/nl/4/73036/olieverdamper-hartjes-zeepsteen-10x75-cm.aspx,/products/olieverdamper-hartjes-zeepsteen
https://www.phoeniximport.com/nl/4/73055/olieverdamper-pentagram-zeepsteen-11x9-cm.aspx,/products/olieverdamper-pentagram-zeepsteen
https://www.phoeniximport.com/nl/4/12424/bach-combi-elixer-woede-bio-20-ml.aspx,/products/bach-combi-elixer-woede-bio
https://www.phoeniximport.com/nl/4/12426/bach-combi-elixer-concentratie-bio-20-ml.aspx,/products/bach-combi-elixer-concentratie-bio
https://www.phoeniximport.com/nl/4/12428/bach-combi-elixer-afhankelijkheid-bio-20-ml.aspx,/products/bach-combi-elixer-afhankelijkheid-bio
https://www.phoeniximport.com/nl/4/12425/bach-combi-elixer-vertrouwen-bio-20-ml.aspx,/products/bach-combi-elixer-vertrouwen-bio
https://www.phoeniximport.com/nl/4/12430/bach-combi-elixer-detox-bio-20-ml.aspx,/products/bach-combi-elixer-detox-bio
https://www.phoeniximport.com/nl/4/12431/bach-combi-elixer-energie-bio-20-ml.aspx,/products/bach-combi-elixer-energie-bio
https://www.phoeniximport.com/nl/4/12429/bach-combi-elixer-verdriet-bio-20-ml.aspx,/products/bach-combi-elixer-verdriet-bio
https://www.phoeniximport.com/nl/4/12433/bach-combi-elixer-vrouw-bio-20-ml.aspx,/products/bach-combi-elixer-vrouw-bio
https://www.phoeniximport.com/nl/4/12432/bach-combi-elixer-examens-bio-20-ml.aspx,/products/bach-combi-elixer-examens-bio
https://www.phoeniximport.com/nl/4/12436/bach-combi-elixer-meno-zen-bio-20-ml.aspx,/products/bach-combi-elixer-meno-zen-bio
https://www.phoeniximport.com/nl/4/12437/bach-combi-elixer-motivatie-bio-20-ml.aspx,/products/bach-combi-elixer-motivatie-bio
https://www.phoeniximport.com/nl/4/12439/bach-combi-elixer-nachtrust-bio-20-ml.aspx,/products/bach-combi-elixer-nachtrust-bio
https://www.phoeniximport.com/nl/4/12440/bach-combi-elixer-zonder-tabak-bio-20-ml.aspx,/products/bach-combi-elixer-zonder-tabak-bio
https://www.phoeniximport.com/nl/4/12438/bach-combi-elixer-angst-bio-20-ml.aspx,/products/bach-combi-elixer-angst-bio
https://www.phoeniximport.com/nl/4/12442/bach-combi-elixer-nood-bio-20-ml.aspx,/products/bach-combi-elixer-nood-bio
https://www.phoeniximport.com/nl/4/12444/bach-elixer-voor-angstige-huisdieren-bio-10-ml.aspx,/products/bach-elixer-voor-angstige-huisdieren-bio
https://www.phoeniximport.com/nl/4/12446/bach-elixer-voor-gestreste-huisdieren-bio-10-ml.aspx,/products/bach-elixer-voor-gestreste-huisdieren-bio
https://www.phoeniximport.com/nl/4/12448/bach-kamerspray-voor-huisdieren-bio-50ml.aspx,/products/bach-kamerspray-voor-huisdieren-bio
https://www.phoeniximport.com/nl/4/12451/bach-bloesems-voor-gestreste-huisdieren-set-bio-1020ml.aspx,/products/bach-bloesems-voor-gestreste-huisdieren-set-bio
https://www.phoeniximport.com/nl/4/12456/bach-roll-on-urgency-bio-10ml.aspx,/products/bach-roll-on-urgency-bio
https://www.phoeniximport.com/nl/4/12525/bach-elixer-voor-transport-huisdieren-bio-10ml.aspx,/products/bach-elixer-voor-transport-huisdieren-bio
https://www.phoeniximport.com/nl/4/12524/bach-elixer-voor-comfort-huisdieren-bio-10ml.aspx,/products/bach-elixer-voor-comfort-huisdieren-bio
https://www.phoeniximport.com/nl/4/2020/bach-rescue-druppels-klein-10-ml.aspx,/products/bach-rescue-druppels-klein
https://www.phoeniximport.com/nl/4/2021/bach-rescue-druppels-groot-20-ml.aspx,/products/bach-rescue-druppels-groot
https://www.phoeniximport.com/nl/4/3071/bach-rescue-spray-groot-20-ml.aspx,/products/bach-rescue-spray-groot
https://www.phoeniximport.com/nl/4/3401/bach-flower-remedie-set-in-kartonnen-doos-20-ml.aspx,/products/bach-flower-remedie-set-in-kartonnen-doos
https://www.phoeniximport.com/nl/4/3525/pipetflesje-30ml.aspx,/products/pipetflesje
https://www.phoeniximport.com/nl/4/3526/sprayflesje-30ml.aspx,/products/sprayflesje
https://www.phoeniximport.com/nl/4/3761/bach-rescue-spray-klein-7-ml.aspx,/products/bach-rescue-spray-klein
https://www.phoeniximport.com/nl/4/4541/bach-rescue-druppels-kids-10-ml.aspx,/products/bach-rescue-druppels-kids
https://www.phoeniximport.com/nl/4/6470090/lichaamskaarsen-chakra-26cm-179g.aspx,/products/lichaamskaarsen-chakra
https://www.phoeniximport.com/nl/4/12128/bloem-des-levens-onderzetters-set-van-6-150g.aspx,/products/bloem-des-levens-onderzetters-set-van-6
https://www.phoeniximport.com/nl/4/12156/theemok-set-maanfasen--400-ml.aspx,/products/theemok-set-maanfasen
https://www.phoeniximport.com/nl/4/12127/theemok-set-bloem-des-levens--400-ml.aspx,/products/theemok-met-zeef-bloem-des-levens
https://www.phoeniximport.com/nl/4/12129/tea-for-one-bloem-des-levens-974g.aspx,/products/tea-for-one-bloem-des-levens
https://www.phoeniximport.com/nl/4/2280/bloem-des-levens-onderzetters-kurk-set-van-6-8x05-cm.aspx,/products/bloem-des-levens-onderzetters-kurk-set-van-6
https://www.phoeniximport.com/nl/4/78116/thee-en-koffiemok-bloem-des-levens-350-ml.aspx,/products/thee-en-koffiemok-bloem-des-levens
https://www.phoeniximport.com/nl/4/12121/mandala-onderzetters-groen-set-van-6-184g.aspx,/products/mandala-onderzetters-groen-set-van-6
https://www.phoeniximport.com/nl/4/12126/rvs-theezeef-set-van-6-115g.aspx,/products/rvs-theezeef-set-van-6
https://www.phoeniximport.com/nl/4/11602/theemok-set-levensboom--400-ml.aspx,/products/theemok-set-levensboom
https://www.phoeniximport.com/nl/4/11604/theeglas-dubbelwandig-bloem-des-levens-400ml.aspx,/products/theeglas-dubbelwandig-bloem-des-levens
https://www.phoeniximport.com/nl/4/11605/theeglas-dubbelwandig-levensboom-400-ml.aspx,/products/theeglas-dubbelwandig-levensboom
https://www.phoeniximport.com/nl/4/11609/rvs-bloem-des-levens-theezeef-55x75cm.aspx,/products/rvs-bloem-des-levens-theezeef
https://www.phoeniximport.com/nl/4/11611/olifant-onderzetters-set-van-6-152g.aspx,/products/olifant-onderzetters-set-van-6
https://www.phoeniximport.com/nl/4/11613/indiase-olifant-onderzetters-set-van-6-152g.aspx,/products/indiase-olifant-onderzetters-set-van-6
https://www.phoeniximport.com/nl/4/11615/mandala-onderzetters-donkerblauw-set-van-6-152g.aspx,/products/mandala-onderzetters-donkerblauw-set-van-6
https://www.phoeniximport.com/nl/4/11616/theemok-set-mandala-wit--400-ml.aspx,/products/theemok-set-mandala-wit
https://www.phoeniximport.com/nl/4/11618/boeddha-paradijs-onderzetters-set-van-6-152g.aspx,/products/boeddha-paradijs-onderzetters-set-van-6
https://www.phoeniximport.com/nl/4/64563/tetsubin-gietijzeren-06-liter-theepot-zwart-zonder-coating-600ml-1100g.aspx,/products/tetsubin-gietijzeren-0-6-liter-theepot-zwart-zonder-coating
https://www.phoeniximport.com/nl/4/64564/tetsubin-gietijzeren-12-liter-theepot-zwart-zonder-coating-1200ml-1700g.aspx,/products/tetsubin-gietijzeren-1-2-liter-theepot-zwart-zonder-coating
https://www.phoeniximport.com/nl/4/64527/japanse-stijl-gemailleerde-theekopjes-set-van-2-120ml-55x8cm.aspx,/products/japanse-stijl-geemailleerde-theekopjes-set-van-2
https://www.phoeniximport.com/nl/4/64530/tetsukyusu-gemailleerde-06-liter-theepot-groen-600-ml.aspx,/products/tetsukyusu-geemailleerde-0-6-liter-theepot-groen
https://www.phoeniximport.com/nl/4/64531/tetsukyusu-gemailleerde-06-liter-theepot-zwart.aspx,/products/tetsukyusu-geemailleerde-0-6-liter-theepot-zwart
https://www.phoeniximport.com/nl/4/64532/tetsukyusu-gemailleerde-12-liter-theepot-zwart.aspx,/products/tetsukyusu-geemailleerde-1-2-liter-theepot-zwart
https://www.phoeniximport.com/nl/4/64533/tetsukyusu-gemailleerde-10-liter-theepot-zwart.aspx,/products/tetsukyusu-geemailleerde-1-0-liter-theepot-zwart
https://www.phoeniximport.com/nl/4/64534/japanse-stijl-gemailleerde-theekopjes-set-van-4-65ml-5x65cm.aspx,/products/japanse-stijl-geemailleerde-theekopjes-set-van-4
https://www.phoeniximport.com/nl/4/64535/theepotwarmer-gietijzer-1069-g.aspx,/products/theepotwarmer-gietijzer
https://www.phoeniximport.com/nl/4/64536/theepotbord-gietijzer-1-25-cm.aspx,/products/theepotbord-gietijzer
https://www.phoeniximport.com/nl/4/64540/theepot-dekselhouder-30g.aspx,/products/theepot-dekselhouder
https://www.phoeniximport.com/nl/4/6289/onderzetter-hout-chakras-bloem-des-levens-10cm.aspx,/products/onderzetter-hout-chakras-bloem-des-levens
https://www.phoeniximport.com/nl/4/6290/onderzetter-hout-levensboom-aventurijn-tijgeroog-10cm.aspx,/products/onderzetter-hout-levensboom-aventurijn-tijgeroog
https://www.phoeniximport.com/nl/4/6291/onderzetter-hout-lotus-rozenkwarts-amethist-10cm.aspx,/products/onderzetter-hout-lotus-rozenkwarts-amethist
https://www.phoeniximport.com/nl/4/6292/onderzetter-hout-godin-amethist-lapis-lazuli-10cm.aspx,/products/onderzetter-hout-godin-amethist-lapis-lazuli
https://www.phoeniximport.com/nl/4/11620/theezakjeshouder-levensboom-115x10x2cm.aspx,/products/theezakjeshouder-levensboom
https://www.phoeniximport.com/nl/4/11621/theezakjeshouder-bloem-des-levens-115x10x2cm.aspx,/products/theezakjeshouder-bloem-des-levens
https://www.phoeniximport.com/nl/4/11622/theezakjeshouder-maanfasen-115x10x2cm.aspx,/products/theezakjeshouder-maanfasen
https://www.phoeniximport.com/nl/4/11623/theezakjeshouder-mandala-wit-115x10x2.aspx,/products/theezakjeshouder-mandala-wit
https://www.phoeniximport.com/nl/4/78331/seleniet-onderzetter-bloem-des-levens-75g.aspx,/products/seleniet-onderzetter-bloem-des-levens
https://www.phoeniximport.com/nl/4/78333/seleniet-onderzetter-64-sterren-tetrader-75g.aspx,/products/seleniet-onderzetter-64-sterren-tetraeder
https://www.phoeniximport.com/nl/4/78332/seleniet-onderzetter-levensboom-75g.aspx,/products/seleniet-onderzetter-levensboom
https://www.phoeniximport.com/nl/4/11624/theemok-met-zeef-sterrenbeelden--400-ml.aspx,/products/theemok-met-zeef-sterrenbeelden
https://www.phoeniximport.com/nl/4/11626/theemok-met-zeef-levensboom--400-ml.aspx,/products/theemok-met-zeef-levensboom
https://www.phoeniximport.com/nl/4/11627/theemok-met-zeef-boeddha-paradijs--400-ml.aspx,/products/theemok-met-zeef-boeddha-paradijs
https://www.phoeniximport.com/nl/4/11628/theemok-met-zeef-indiase-olifant--400-ml.aspx,/products/theemok-met-zeef-indiase-olifant
https://www.phoeniximport.com/nl/4/11629/theemok-met-zeef-boeddha-blauw--400-ml.aspx,/products/theemok-met-zeef-boeddha-blauw
https://www.phoeniximport.com/nl/4/11630/theemok-met-zeef-mandala-wit--400-ml.aspx,/products/theemok-met-zeef-mandala-wit
https://www.phoeniximport.com/nl/4/11631/theemok-met-zeef-mandala-groen--400-ml.aspx,/products/theemok-met-zeef-mandala-groen
https://www.phoeniximport.com/nl/4/11632/theemok-met-zeef-mandala-paars--400-ml.aspx,/products/theemok-met-zeef-mandala-paars
https://www.phoeniximport.com/nl/4/11633/theemok-met-zeef-bloem-des-levens--400-ml.aspx,/products/theemok-met-zeef-bloem-des-levens
https://www.phoeniximport.com/nl/4/11634/theemok-met-zeef-maanfasen--400-ml.aspx,/products/theemok-met-zeef-maanfasen
https://www.phoeniximport.com/nl/4/11635/theemok-met-zeef-mandala-turquoise--400-ml.aspx,/products/theemok-met-zeef-mandala-turquoise
https://www.phoeniximport.com/nl/4/11636/theemok-met-zeef-patchwork--400-ml.aspx,/products/theemok-met-zeef-patchwork
https://www.phoeniximport.com/nl/4/11637/theemok-met-zeef-oriental--400-ml.aspx,/products/theemok-met-zeef-oriental
https://www.phoeniximport.com/nl/4/11638/theemok-met-zeef-moment-of-zen--400-ml.aspx,/products/theemok-met-zeef-moment-of-zen
https://www.phoeniximport.com/nl/4/11639/theemok-met-zeef-lovebirds-400ml.aspx,/products/theemok-set-lovebirds
https://www.phoeniximport.com/nl/4/11625/koffiekop-flower-of-life-witgoud-250-ml.aspx,/products/new-248
https://www.phoeniximport.com/nl/4/11640/theemok-met-zeef-astrologie-400-ml.aspx,/products/new-theemok-met-zeef-astrology
https://www.phoeniximport.com/nl/4/11641/theemok-met-zeef-mystieke-symbolen-400-ml.aspx,/products/new-theemok-met-zeef-spiritueel
https://www.phoeniximport.com/nl/4/2071/dienblad-bloem-des-levens-mangohout-30x5cm.aspx,/products/new-93
https://www.phoeniximport.com/nl/4/11646/mok-oog-blauw-400-ml.aspx,/products/new-mok-oog-blauw-400ml
https://www.phoeniximport.com/nl/4/11642/mok-dromenvanger-groen-400-ml.aspx,/products/new-mok-dromenvanger-mintgroen-400ml
https://www.phoeniximport.com/nl/4/11645/mok-lotus-paars-400-ml.aspx,/products/new-mok-lotus-paars-400ml
https://www.phoeniximport.com/nl/4/11643/mok-regenboog-rood-400-ml.aspx,/products/new-mok-regenboog-rood-400ml
https://www.phoeniximport.com/nl/4/11647/mok-zon-maan-400-ml.aspx,/products/new-theemok-zwart-zon-en-maan-zonder-zeef-400ml
https://www.phoeniximport.com/nl/4/11644/mok-hart-roze-400-ml.aspx,/products/new-mok-hart-roze-400ml
https://www.phoeniximport.com/nl/4/2274/shoti-maa-dreamland-kruidenthee-bio-32-g.aspx,/products/shoti-maa-dreamland-kruidenthee-bio
https://www.phoeniximport.com/nl/4/2330/hari-tea-lightness-honeybush-kaneel-rozemarijn-bio-20-g.aspx,/products/hari-tea-lightness-honeybush-kaneel-rozemarijn-bio
https://www.phoeniximport.com/nl/4/2331/hari-tea-face-the-moment-roos-hibiscus-bio-20-g.aspx,/products/hari-tea-face-the-moment-roos-hibiscus-bio
https://www.phoeniximport.com/nl/4/2275/shoti-maa-love-for-life-kruidenthee-bio-32-g.aspx,/products/shoti-maa-love-for-life-kruidenthee-bio
https://www.phoeniximport.com/nl/4/2334/hari-tea-buddha-box-alle-soorten-bio-22g.aspx,/products/hari-tea-buddha-box-alle-soorten-bio
https://www.phoeniximport.com/nl/4/2606/natural-temptation-thanks-a-lot-kruidenthee-bio-27-g.aspx,/products/natural-temptation-thanks-a-lot-kruidenthee-bio
https://www.phoeniximport.com/nl/4/2607/natural-temptation-happy-birthday-kruidenthee-bio-27-g.aspx,/products/natural-temptation-happy-birthday-kruidenthee-bio
https://www.phoeniximport.com/nl/4/2304/hari-tea-new-sensation-hibiscus-munt-bio-20-g.aspx,/products/hari-tea-new-sensation-hibiscus-munt-bio
https://www.phoeniximport.com/nl/4/2609/natural-temptation-dreams-come-true-kruidenthee-bio-27-g.aspx,/products/natural-temptation-dreams-come-true-kruidenthee-bio
https://www.phoeniximport.com/nl/4/2251/shoti-maa-magic-box-12-theesoorten-bio-242-g.aspx,/products/shoti-maa-magic-box-12-theesoorten-bio
https://www.phoeniximport.com/nl/4/2253/shoti-maa-in-the-mood-kruidenthee-bio-32-g.aspx,/products/shoti-maa-in-the-mood-kruidenthee-bio
https://www.phoeniximport.com/nl/4/2272/shoti-maa-lifespring-kruidenthee-bio-32-g.aspx,/products/shoti-maa-lifespring-kruidenthee-bio
https://www.phoeniximport.com/nl/4/2300/hari-tea-mindscape-gember-citroen-kurkuma-bio-20-g.aspx,/products/hari-tea-mindscape-gember-citroen-kurkuma-bio
https://www.phoeniximport.com/nl/4/2260/shoti-maa-touch-the-ground-kruidenthee-bio-32-g.aspx,/products/shoti-maa-touch-the-ground-kruidenthee-bio
https://www.phoeniximport.com/nl/4/2264/shoti-maa-joyful-silence-kruidenthee-bio-32-g.aspx,/products/shoti-maa-joyful-silence-kruidenthee-bio
https://www.phoeniximport.com/nl/4/2608/natural-temptation-hug-in-a-cup-kruidenthee-bio-27-g.aspx,/products/natural-temptation-hug-in-a-cup-kruidenthee-bio
https://www.phoeniximport.com/nl/4/2605/natural-temptation-lots-of-love-kruidenthee-bio-27-g.aspx,/products/natural-temptation-lots-of-love-kruidenthee-bio
https://www.phoeniximport.com/nl/4/2610/natural-temptation-welcome-little-baby-kruidenthee-bio-27-g.aspx,/products/natural-temptation-welcome-little-baby-kruidenthee-bio
https://www.phoeniximport.com/nl/4/2252/shoti-maa-i-am-kruidenthee-bio-32-g.aspx,/products/shoti-maa-i-am-kruidenthee-bio
https://www.phoeniximport.com/nl/4/2261/shoti-maa-emotional-detox-kruidenthee-bio-32-g.aspx,/products/shoti-maa-emotional-detox-kruidenthee-bio
https://www.phoeniximport.com/nl/4/2254/shoti-maa-sanctify-kruidenthee-bio-32-g.aspx,/products/shoti-maa-sanctify-kruidenthee-bio
https://www.phoeniximport.com/nl/4/2611/natural-temptation-happy-easter-kruidenthee-bio-27-g.aspx,/products/natural-temptation-happy-easter-kruidenthee-bio
https://www.phoeniximport.com/nl/4/2257/shoti-maa-vision-kruidenthee-bio-32-g.aspx,/products/shoti-maa-vision-kruidenthee-bio
https://www.phoeniximport.com/nl/4/2256/shoti-maa-talk-to-me-kruidenthee-bio-32-g.aspx,/products/shoti-maa-talk-to-me-kruidenthee-bio
https://www.phoeniximport.com/nl/4/2262/shoti-maa-purity-flame-kruidenthee-bio-32-g.aspx,/products/shoti-maa-purity-flame-kruidenthee-bio
https://www.phoeniximport.com/nl/4/2263/shoti-maa-life-on-wings-kruidenthee-bio-32-g.aspx,/products/shoti-maa-life-on-wings-kruidenthee-bio
https://www.phoeniximport.com/nl/4/2270/shoti-maa-unwind-kruidenthee-bio-32-g.aspx,/products/shoti-maa-unwind-kruidenthee-bio
https://www.phoeniximport.com/nl/4/2255/shoti-maa-loving-kruidenthee-bio-32-g.aspx,/products/shoti-maa-loving-kruidenthee-bio
https://www.phoeniximport.com/nl/4/2266/shoti-maa-rise-kruidenthee-bio-32-g.aspx,/products/shoti-maa-rise-kruidenthee-bio
https://www.phoeniximport.com/nl/4/2258/shoti-maa-harmony-chai-thee-bio-32-g.aspx,/products/shoti-maa-harmony-chai-thee-bio
https://www.phoeniximport.com/nl/4/17709/vitajuwel-via-wellness-500-ml.aspx,/products/vitajuwel-via-wellness
https://www.phoeniximport.com/nl/4/10130/omwater-fles-dankbaarheid-1200-ml.aspx,/products/omwater-fles-dankbaarheid
https://www.phoeniximport.com/nl/4/17719/vitajuwel-via-love-500-ml.aspx,/products/vitajuwel-via-love
https://www.phoeniximport.com/nl/4/777/soulbottle-bloem-des-levens-drinkfles-600-ml.aspx,/products/soulbottle-bloem-des-levens-drinkfles
https://www.phoeniximport.com/nl/4/778/soulbottle-just-breathe-drinkfles-600-ml.aspx,/products/soulbottle-just-breathe-drinkfles
https://www.phoeniximport.com/nl/4/77210/vitaalwaterkaraf-golden-alladin-family-2300-ml.aspx,/products/vitaalwaterkaraf-golden-alladin-family
https://www.phoeniximport.com/nl/4/77110/vitaalwaterkaraf-golden-alladin-met-bdl-goud-1300-ml.aspx,/products/vitaalwaterkaraf-golden-alladin-met-bdl-goud
https://www.phoeniximport.com/nl/4/77120/vitaalwaterkaraf-happy-alladin-met-bdl-kleur-1300-ml.aspx,/products/vitaalwaterkaraf-happy-alladin-met-bdl-kleur
https://www.phoeniximport.com/nl/4/77130/vitaalwaterkaraf-white-alladin-met-bdl-wit-1300-ml.aspx,/products/vitaalwaterkaraf-white-alladin-met-bdl-wit
https://www.phoeniximport.com/nl/4/77100/vitaalwaterkaraf-basic-alladin-1300-ml.aspx,/products/vitaalwaterkaraf-basic-alladin
https://www.phoeniximport.com/nl/4/77710/vitaalwaterkaraf-golden-delicate-met-bdl-goud-500-ml.aspx,/products/vitaalwaterkaraf-golden-delicate-met-bdl-goud
https://www.phoeniximport.com/nl/4/771141/vitaalwaterkaraf-4-mythos-glazen-goud-1300-ml.aspx,/products/vitaalwaterkaraf-4-mythos-glazen-goud
https://www.phoeniximport.com/nl/4/76110/drinkglas-jasmina-met-bloem-des-levens-goud-300-ml.aspx,/products/drinkglas-jasmina-met-bloem-des-levens-goud
https://www.phoeniximport.com/nl/4/76210/drinkglas-mythos-met-bloem-des-levens-goud-250-ml.aspx,/products/drinkglas-mythos-met-bloem-des-levens-goud
https://www.phoeniximport.com/nl/4/76220/drinkglas-mythos-met-bloem-des-levens-veelkleurig-250-ml.aspx,/products/drinkglas-mythos-met-bloem-des-levens-veelkleurig
https://www.phoeniximport.com/nl/4/76230/drinkglas-mythos-met-bloem-des-levens-wit-gegraveerd-250ml.aspx,/products/drinkglas-mythos-met-bloem-des-levens-wit-gegraveerd
https://www.phoeniximport.com/nl/4/75110/energieplaat-met-bloem-des-levens-goud-klein-9-cm.aspx,/products/energieplaat-met-bloem-des-levens-goud-klein
https://www.phoeniximport.com/nl/4/78900/vitaalwaterkaraf-cadus-voor-edelstenen-1000-ml.aspx,/products/vitaalwaterkaraf-cadus-voor-edelstenen
https://www.phoeniximport.com/nl/4/77101/reserve-stop-karaf-alladin-68g.aspx,/products/reserve-stop-karaf-alladin
https://www.phoeniximport.com/nl/4/77201/reserve-stop-karaf-alladin-family-30g.aspx,/products/reserve-stop-karaf-alladin-family
https://www.phoeniximport.com/nl/4/78830/vitaalwater-drinkfles-lagoena-natures-design-500-ml.aspx,/products/vitaalwater-drinkfles-lagoena-natures-design-1
https://www.phoeniximport.com/nl/4/76216/drinkglas-mythos-met-bloem-des-levens-platina-250-ml.aspx,/products/drinkglas-mythos-met-bloem-des-levens-platina
https://www.phoeniximport.com/nl/4/76290/chakra-drinkglazen-set-nature-design-7x250-ml.aspx,/products/chakra-drinkglazen-set-nature-design
https://www.phoeniximport.com/nl/4/78831/vervanging-houten-dop-lagoena-27g.aspx,/products/vervanging-houten-dop-lagoena
https://www.phoeniximport.com/nl/4/17700/vitajuwel-wellness-33-cm.aspx,/products/vitajuwel-wellness
https://www.phoeniximport.com/nl/4/17701/vitajuwel-five-elements-33-cm.aspx,/products/vitajuwel-five-elements
https://www.phoeniximport.com/nl/4/17704/vitajuwel-diamond-33-cm.aspx,/products/vitajuwel-diamond
https://www.phoeniximport.com/nl/4/77116/vitaalwaterkaraf-alladin-met-bdl-platina-1300-ml.aspx,/products/vitaalwaterkaraf-alladin-met-bdl-platina
https://www.phoeniximport.com/nl/4/17715/vitajuwel-via-five-elements-500-ml.aspx,/products/vitajuwel-via-five-elements
https://www.phoeniximport.com/nl/4/78840/vitaalwater-drinkfles-lagoena-natures-design-700-ml.aspx,/products/vitaalwater-drinkfles-lagoena-natures-design
https://www.phoeniximport.com/nl/4/17717/vitajuwel-karaf-era-1300-ml.aspx,/products/vitajuwel-karaf-era
https://www.phoeniximport.com/nl/4/799/koperen-drinkfles-bloem-des-levens-geprint-750-ml.aspx,/products/koperen-drinkfles-bloem-des-levens-geprint
https://www.phoeniximport.com/nl/4/804/koperen-drinkfles-gehamerd-500ml.aspx,/products/koperen-drinkfles-gehamerd
https://www.phoeniximport.com/nl/4/805/koperen-drinkfles-bloempatroon-getst-500ml.aspx,/products/koperen-drinkfles-bloempatroon-geetst
https://www.phoeniximport.com/nl/4/17753/vitajuwel-via-vitality-500-ml.aspx,/products/vitajuwel-via-vitality
https://www.phoeniximport.com/nl/4/78902/vitaalwaterkaraf-alladin-met-edelstenen-1200-ml.aspx,/products/vitaalwaterkaraf-alladin-met-edelstenen
https://www.phoeniximport.com/nl/4/10131/omwater-mini-drinkfles-500-ml.aspx,/products/omwater-mini-drinkfles
https://www.phoeniximport.com/nl/4/810/koperen-fles-bloem-des-levens-lasergegraveerd-500-ml.aspx,/products/koperen-fles-bloem-des-levens-lasergegraveerd
https://www.phoeniximport.com/nl/4/811/koperen-drinkfles-levensboom-lasergegraveerd-500ml.aspx,/products/koperen-drinkfles-levensboom-lasergegraveerd
https://www.phoeniximport.com/nl/4/812/koperen-drinkfles-gepolijst-500-ml.aspx,/products/koperen-drinkfles-gepolijst
https://www.phoeniximport.com/nl/4/806/koperen-drinkbeker-bloempatroon-getst-250ml.aspx,/products/koperen-drinkbeker-bloempatroon-geetst
https://www.phoeniximport.com/nl/4/807/koperen-drinkbeker-gehamerd-250ml.aspx,/products/koperen-drinkbeker-gehamerd
https://www.phoeniximport.com/nl/4/814/koperen-drinkbeker-bloem-des-levens-350-ml.aspx,/products/new-koperen-drinkbeker-bloem-des-levens
https://www.phoeniximport.com/nl/4/815/koperen-drinkbeker-levensboom-350-ml.aspx,/products/new-koperen-drinkbeker-levensboom
https://www.phoeniximport.com/nl/4/8796/koperen-drinkfles-gepolijst-900-ml.aspx,/products/new-452
https://www.phoeniximport.com/nl/4/8798/koperen-drinkfles-mandala-getst-500-ml.aspx,/products/new-450
https://www.phoeniximport.com/nl/4/8799/koperen-drinkfles-gehamerd-900-ml.aspx,/products/new-449
https://www.phoeniximport.com/nl/4/17875/vitajuwel-via-prana-zwart-500-ml.aspx,/products/new-vitajuwel-via-prana-zwart
https://www.phoeniximport.com/nl/4/17876/vitajuwel-via-prana-wit-500-ml.aspx,/products/new-vitajuwel-via-prana-wit
https://www.phoeniximport.com/nl/4/17877/vitajuwel-via-prana-paars-500-ml.aspx,/products/new-vitajuwel-via-prana-paars
https://www.phoeniximport.com/nl/4/17878/vitajuwel-via-prana-roze-500-ml.aspx,/products/new-vitajuwel-via-prana-roze
https://www.phoeniximport.com/nl/4/8797/koperen-mok-mandala-getst-450-ml.aspx,/products/new-451
https://www.phoeniximport.com/nl/4/70007/catalogus-natures-design-frans.aspx,/products/catalogus-natures-design-frans
https://www.phoeniximport.com/nl/4/70013/brochure-thank-you-flessen-duits-21x10cm.aspx,/products/brochure-thank-you-flessen-duits
https://www.phoeniximport.com/nl/4/17945/aromafume-wierookblokjes-witte-salie-40g.aspx,/products/aromafume-wierookblokjes-witte-salie
https://www.phoeniximport.com/nl/4/17920/aromafume-chakra-probeerset-diffuser-wierookblokjes-180-g.aspx,/products/aromafume-chakra-probeerset-diffuser-wierookblokjes
https://www.phoeniximport.com/nl/4/17892/aromafume-aura-reiniging-wierookset-180g.aspx,/products/aromafume-aura-reiniging-wierookset
https://www.phoeniximport.com/nl/4/18220/aromafume-feng-shui-wierookblokjes-hout-40g.aspx,/products/aromafume-feng-shui-wierookblokjes-hout
https://www.phoeniximport.com/nl/4/18225/aromafume-feng-shui-set-diffuser-wierookblokjes-160g.aspx,/products/aromafume-feng-shui-set-diffuser-wierookblokjes
https://www.phoeniximport.com/nl/4/18235/aromafume-wierookblokjes-frankincense-40-g.aspx,/products/aromafume-wierookblokjes-frankincense
https://www.phoeniximport.com/nl/4/18236/aromafume-wierookblokjes-mirre-40-g.aspx,/products/aromafume-wierookblokjes-mirre
https://www.phoeniximport.com/nl/4/18238/aromafume-wierookblokjes-copal-40-g.aspx,/products/aromafume-wierookblokjes-copal
https://www.phoeniximport.com/nl/4/18239/aromafume-spiritueel-bewustzijn-wierookset-180g.aspx,/products/aromafume-spiritueel-bewustzijn-wierookset
https://www.phoeniximport.com/nl/4/18237/aromafume-wierookblokjes-benzo-40-g.aspx,/products/aromafume-wierookblokjes-benzoe
https://www.phoeniximport.com/nl/4/17988/aromafume-wierookblokjes-witte-salie-roos-40-g.aspx,/products/aromafume-wierookblokjes-witte-salie-roos
https://www.phoeniximport.com/nl/4/17989/aromafume-wierookblokjes-witte-salie-sandelhout-40g.aspx,/products/aromafume-wierookblokjes-witte-salie-sandelhout
https://www.phoeniximport.com/nl/4/17991/aromafume-wierookblokjes-witte-salie-frankincense-40g.aspx,/products/aromafume-wierookblokjes-witte-salie-frankincense
https://www.phoeniximport.com/nl/4/17992/aromafume-smudge-wierookset-160g.aspx,/products/aromafume-smudge-wierookset
https://www.phoeniximport.com/nl/4/17940/aromafume-wierookblokjes-nag-champa-40-g.aspx,/products/aromafume-wierookblokjes-nag-champa
https://www.phoeniximport.com/nl/4/17941/aromafume-wierookblokjes-3-dosha-combipak-40-g.aspx,/products/aromafume-wierookblokjes-3-dosha-combipak
https://www.phoeniximport.com/nl/4/17942/aromafume-wierookblokjes-palo-santo-40g.aspx,/products/aromafume-wierookblokjes-palo-santo
https://www.phoeniximport.com/nl/4/17893/aromafume-exotic-incense-diffuser-bloem-des-levens-100g.aspx,/products/aromafume-exotic-incense-diffuser-bloem-des-levens
https://www.phoeniximport.com/nl/4/17928/aromafume-wierookblokjes-dragons-blood-40g.aspx,/products/aromafume-wierookblokjes-dragons-blood
https://www.phoeniximport.com/nl/4/17900/aromafume-probeerset-diffuser-wierookblokjes-160-gr.aspx,/products/aromafume-probeerset-diffuser-wierookblokjes
https://www.phoeniximport.com/nl/4/17907/aromafume-wierookblokjes-orchid-karma-40-g.aspx,/products/aromafume-wierookblokjes-orchid-karma
https://www.phoeniximport.com/nl/4/17909/aromafume-wierookblokjes-royal-sandal-40-g.aspx,/products/aromafume-wierookblokjes-royal-sandal
https://www.phoeniximport.com/nl/4/17910/aromafume-wierookblokjes-oriental-pearl-40-g.aspx,/products/aromafume-wierookblokjes-oriental-pearl
https://www.phoeniximport.com/nl/4/17911/aromafume-wierookblokjes-forest-dew-40-g.aspx,/products/aromafume-wierookblokjes-forest-dew
https://www.phoeniximport.com/nl/4/17912/aromafume-wierookblokjes-mystery-40g.aspx,/products/aromafume-wierookblokjes-mystery
https://www.phoeniximport.com/nl/4/17899/aromafume-exotic-incense-diffuser-120-g.aspx,/products/aromafume-exotic-incense-diffuser
https://www.phoeniximport.com/nl/4/17898/aromafume-exotic-incense-diffuser-ohm-100-g-65x7-cm.aspx,/products/aromafume-exotic-incense-diffuser-ohm
https://www.phoeniximport.com/nl/4/17896/aromafume-exotic-incense-diffuser-regenboog-100-g-65x7-cm.aspx,/products/aromafume-exotic-incense-diffuser-regenboog
https://www.phoeniximport.com/nl/4/17921/aromafume-chakra-wierookblokjes-1e-chakra-40-g.aspx,/products/aromafume-chakra-wierookblokjes-1e-chakra
https://www.phoeniximport.com/nl/4/17922/aromafume-chakra-wierookblokjes-2e-chakra-40-g.aspx,/products/aromafume-chakra-wierookblokjes-2e-chakra
https://www.phoeniximport.com/nl/4/17923/aromafume-chakra-wierookblokjes-3e-chakra-40-g.aspx,/products/aromafume-chakra-wierookblokjes-3e-chakra
https://www.phoeniximport.com/nl/4/17924/aromafume-chakra-wierookblokjes-4e-chakra-40-g.aspx,/products/aromafume-chakra-wierookblokjes-4e-chakra
https://www.phoeniximport.com/nl/4/17925/aromafume-chakra-wierookblokjes-5e-chakra-40-g.aspx,/products/aromafume-chakra-wierookblokjes-5e-chakra
https://www.phoeniximport.com/nl/4/17926/aromafume-chakra-wierookblokjes-6e-chakra-40-g.aspx,/products/aromafume-chakra-wierookblokjes-6e-chakra
https://www.phoeniximport.com/nl/4/17927/aromafume-chakra-wierookblokjes-7e-chakra-40-g.aspx,/products/aromafume-chakra-wierookblokjes-7e-chakra
https://www.phoeniximport.com/nl/4/17894/aromafume-exotic-incense-diffuser-levensboom-100-g.aspx,/products/aromafume-exotic-incense-diffuser-levensboom
https://www.phoeniximport.com/nl/4/17990/aromafume-wierookblokjes-witte-salie-palo-santo-40g.aspx,/products/aromafume-wierookblokjes-witte-salie-palo-santo
https://www.phoeniximport.com/nl/4/0180/engel-met-hartvormig-regenboogkristal-30-cm.aspx,/products/engel-met-hartvormig-regenboogkristal
https://www.phoeniximport.com/nl/4/16558/feng-shui-lotus-hanger-20-cm.aspx,/products/feng-shui-lotus-hanger
https://www.phoeniximport.com/nl/4/16590/feng-shui-bloem-des-levens-raamdecoratie-champagne-20-cm.aspx,/products/feng-shui-bloem-des-levens-raamdecoratie-champagne
https://www.phoeniximport.com/nl/4/14182/transparante-standaard-voor-edelsteenbollen-15x06cm.aspx,/products/transparante-standaard-voor-edelsteenbollen-1
https://www.phoeniximport.com/nl/4/16601/kristal-laser-klavertjevier-aa-8x5x5-cm.aspx,/products/kristal-laser-klavertjevier-aa
https://www.phoeniximport.com/nl/4/16610/regenboogkristal-hartvorm-5-cm.aspx,/products/regenboogkristal-hartvorm
https://www.phoeniximport.com/nl/4/78265/hangende-merkaba-met-chakra-kristal-125-cm.aspx,/products/hangende-merkaba-met-chakra-kristal
https://www.phoeniximport.com/nl/4/0184/kristaldruppel-wit-met-chakra-bloem-des-levens-29-cm.aspx,/products/kristaldruppel-wit-met-chakra-bloem-des-levens
https://www.phoeniximport.com/nl/4/16500/regenboogkristal-bladvorm-aaa-kwaliteit-43x63-cm.aspx,/products/regenboogkristal-bladvorm-aaa-kwaliteit
https://www.phoeniximport.com/nl/4/16502/regenboogkristal-druppelvorm-aaa-kwaliteit-29x5-cm.aspx,/products/regenboogkristal-druppelvorm
https://www.phoeniximport.com/nl/4/16503/regenboogkristal-pegel-16x76-cm.aspx,/products/regenboogkristal-pegel
https://www.phoeniximport.com/nl/4/16507/regenboogkristal-druppelvorm-5x76-cm.aspx,/products/regenboogkristal-druppelvorm
https://www.phoeniximport.com/nl/4/16513/regenboogkristal-cirkel-aaa-kwaliteit-45-cm.aspx,/products/regenboogkristal-cirkel-aaa-kwaliteit
https://www.phoeniximport.com/nl/4/16514/regenboogkristal-bol-transparant-aaa-kwaliteit-klein-2cm.aspx,/products/regenboogkristal-bol-transparant-aaa-kwaliteit-klein
https://www.phoeniximport.com/nl/4/16515/regenboogkristal-bol-transparant-aaa-kwaliteit-middel-3cm.aspx,/products/regenboogkristal-bol-transparant-aaa-kwaliteit-middel
https://www.phoeniximport.com/nl/4/16516/regenboogkristal-bol-transparant-aaa-kwaliteit-groter-4cm.aspx,/products/regenboogkristal-bol-transparant-aaa-kwaliteit-groter
https://www.phoeniximport.com/nl/4/16520/feng-shui-ohm-kruinchakra-decoratie-hanger-20-cm.aspx,/products/feng-shui-ohm-kruinchakra-decoratie-hanger
https://www.phoeniximport.com/nl/4/16525/oneness-feng-shui-chakrakristallen-20-cm.aspx,/products/oneness-feng-shui-chakrakristallen
https://www.phoeniximport.com/nl/4/16526/amrita-feng-shui-chakrakristallen-20-cm.aspx,/products/amrita-feng-shui-chakrakristallen
https://www.phoeniximport.com/nl/4/16527/harmony-feng-shui-chakrakristallen-20-cm.aspx,/products/harmony-feng-shui-chakrakristallen
https://www.phoeniximport.com/nl/4/16528/metta-feng-shui-chakrakristallen-20-cm.aspx,/products/metta-feng-shui-chakrakristallen
https://www.phoeniximport.com/nl/4/16530/feng-shui-vajra-bescherming-decoratie-hanger-20-cm.aspx,/products/feng-shui-vajra-bescherming-decoratie-hanger
https://www.phoeniximport.com/nl/4/16531/set-4-feng-shui-chakrakristallen-20-cm.aspx,/products/set-4-feng-shui-chakrakristallen
https://www.phoeniximport.com/nl/4/16522/regenboogkristal-bol-transp-aaa-kwaliteit-grootst-5-cm.aspx,/products/regenboogkristal-bol-transp-aaa-kwaliteit-grootst
https://www.phoeniximport.com/nl/4/0181/engel-met-hartvormig-regenboogkristal-lang-37-cm.aspx,/products/engel-met-hartvormig-regenboogkristal-lang
https://www.phoeniximport.com/nl/4/16499/nylondraad-transparant-100-meter-02mm.aspx,/products/nylondraad-transparant-100-meter
https://www.phoeniximport.com/nl/4/16533/regenboogkristal-facet-panorama-37x5-cm.aspx,/products/regenboogkristal-facet-panorama
https://www.phoeniximport.com/nl/4/16534/regenboogkristal-facet-bindi-aaa-kwaliteit-32x5-cm.aspx,/products/regenboogkristal-facet-bindi-aaa-kwaliteit
https://www.phoeniximport.com/nl/4/16535/regenboogkristal-kegel-aaa-kwaliteit-42x53-cm.aspx,/products/regenboogkristal-kegel-aaa-kwaliteit
https://www.phoeniximport.com/nl/4/16536/regenboogkristal-facet-druppel-aaa-kwaliteit-32x5-cm.aspx,/products/regenboogkristal-druppelvorm
https://www.phoeniximport.com/nl/4/16542/kristallen-bol-voetje-glas-5-cm.aspx,/products/kristallen-bol-voetje-glas-4
https://www.phoeniximport.com/nl/4/16543/kristallen-bol-voetje-glas-6-cm.aspx,/products/kristallen-bol-voetje-glas-3
https://www.phoeniximport.com/nl/4/16547/kristallen-bol-voet-glas-15-cm.aspx,/products/kristallen-bol-voet-glas-1
https://www.phoeniximport.com/nl/4/16548/kristallen-bol-voet-glas-19-20-cm.aspx,/products/kristallen-bol-voet-glas
https://www.phoeniximport.com/nl/4/0182/kristaldruppel-wit-met-levensboom-30-cm.aspx,/products/kristaldruppel-wit-met-levensboom
https://www.phoeniximport.com/nl/4/0183/kristaldruppel-violet-met-levensboom-30-cm.aspx,/products/kristaldruppel-violet-met-levensboom
https://www.phoeniximport.com/nl/4/1771/aurora-sphere-feng-shui-chakrakristallen-20-cm.aspx,/products/aurora-sphere-feng-shui-chakrakristallen
https://www.phoeniximport.com/nl/4/1772/aurora-hart-feng-shui-chakrakristallen-20-cm.aspx,/products/aurora-hart-feng-shui-chakrakristallen
https://www.phoeniximport.com/nl/4/1773/aurora-amrita-feng-shui-chakrakristallen-20-cm.aspx,/products/aurora-amrita-feng-shui-chakrakristallen
https://www.phoeniximport.com/nl/4/165291/feng-shui-bloem-des-levens-hanger-goudkleurig-20-cm.aspx,/products/feng-shui-bloem-des-levens-hanger-goudkleurig
https://www.phoeniximport.com/nl/4/165131/regenboogkristal-cirkel-parelmoer-aaa-kwaliteit-45-cm.aspx,/products/regenboogkristal-cirkel-parelmoer-aaa-kwaliteit
https://www.phoeniximport.com/nl/4/165161/regenboogkristal-bol-parelmoer-aaa-kwaliteit-4-cm.aspx,/products/regenboogkristal-bol-parelmoer-aaa-kwaliteit
https://www.phoeniximport.com/nl/4/165162/regenboogkristal-bol-violet-aaa-kwaliteit-4-cm.aspx,/products/regenboogkristal-bol-violet-aaa-kwaliteit-1
https://www.phoeniximport.com/nl/4/165221/regenboogkristal-bol-parelmoer-aaa-kwaliteit-5-cm.aspx,/products/regenboogkristal-bol-parelmoer-aaa-kwaliteit-1
https://www.phoeniximport.com/nl/4/165222/regenboogkristal-bol-violet-aaa-kwaliteit-5-cm.aspx,/products/regenboogkristal-bol-violet-aaa-kwaliteit
https://www.phoeniximport.com/nl/4/165351/regenboogkristal-kegel-parelmoer-aaa-kwaliteit-42x53cm.aspx,/products/regenboogkristal-kegel-parelmoer-aaa-kwaliteit
https://www.phoeniximport.com/nl/4/165134/regenboogkristal-cirkel-multicolor-aaa-kwaliteit-45-cm.aspx,/products/regenboogkristal-cirkel-multicolor-aaa-kwaliteit
https://www.phoeniximport.com/nl/4/165163/regenboogkristal-bol-donker-parelmoer-aaa-kwaliteit-4-cm.aspx,/products/regenboogkristal-bol-donker-parelmoer-aaa-kwaliteit-1
https://www.phoeniximport.com/nl/4/165164/regenboogkristal-bol-multicolor-aaa-kwaliteit-4-cm.aspx,/products/regenboogkristal-bol-multicolor-aaa-kwaliteit-1
https://www.phoeniximport.com/nl/4/165223/regenboogkristal-bol-donker-parelmoer-aaa-kwaliteit-5-cm.aspx,/products/regenboogkristal-bol-donker-parelmoer-aaa-kwaliteit
https://www.phoeniximport.com/nl/4/165224/regenboogkristal-bol-multicolor-aaa-kwaliteit-5-cm.aspx,/products/regenboogkristal-bol-multicolor-aaa-kwaliteit
https://www.phoeniximport.com/nl/4/165354/regenboogkristal-kegel-multicolor-aaa-kwaliteit-42x53-c.aspx,/products/regenboogkristal-kegel-multicolor-aaa-kwaliteit
https://www.phoeniximport.com/nl/4/16567/kristallen-bol-voetje-glas-8-cm.aspx,/products/kristallen-bol-voetje-glas-2
https://www.phoeniximport.com/nl/4/16568/kristallen-bol-voetje-glas-10-cm.aspx,/products/kristallen-bol-voetje-glas-1
https://www.phoeniximport.com/nl/4/16569/kristallen-bol-voetje-glas-12-cm.aspx,/products/kristallen-bol-voetje-glas
https://www.phoeniximport.com/nl/4/16597/stars-and-unity-feng-shui-kristal-raamdecoratie-235-cm.aspx,/products/stars-and-unity-feng-shui-kristal-raamdecoratie
https://www.phoeniximport.com/nl/4/16598/aurora-hart-feng-shui-chakrakristallen-20-cm.aspx,/products/aurora-hart-feng-shui-chakrakristallen-1
https://www.phoeniximport.com/nl/4/78128/feng-shui-decoratie-engelenvleugels-en-kristallen-bal-22cm.aspx,/products/feng-shui-decoratie-engelenvleugels-en-kristallen-bal
https://www.phoeniximport.com/nl/4/78167/feng-shui-kristallen-lotus-bol-31cm.aspx,/products/feng-shui-kristallen-lotus-bol
https://www.phoeniximport.com/nl/4/78168/kristaldruppel-wit-met-lotus-30cm.aspx,/products/kristaldruppel-wit-met-lotus
https://www.phoeniximport.com/nl/4/78169/engelenvleugels-met-kristal-regenboogketting-30-cm.aspx,/products/engelenvleugels-met-kristal-regenboogketting
https://www.phoeniximport.com/nl/4/12684/cobra-standaard-driepoot-klein-natuurlijk-10cm.aspx,/products/cobra-standaard-driepoot-klein-natuurlijk
https://www.phoeniximport.com/nl/4/12685/cobra-standaard-driepoot-middel-natuurlijk-15cm.aspx,/products/cobra-standaard-driepoot-middel-natuurlijk
https://www.phoeniximport.com/nl/4/78432/orgoniet-edelsteenbol-houder-zwarte-toermalijn-6cm.aspx,/products/orgoniet-edelsteenbol-houder-zwarte-toermalijn
https://www.phoeniximport.com/nl/4/78433/orgoniet-edelsteenbol-houder-amethist-6cm.aspx,/products/orgoniet-edelsteenbol-houder-amethist
https://www.phoeniximport.com/nl/4/78434/edelsteenbol-houder-bloem-des-levens-7cm.aspx,/products/edelsteenbol-houder-bloem-des-levens
https://www.phoeniximport.com/nl/4/78435/edelsteenbol-houder-seed-of-life-7cm.aspx,/products/edelsteenbol-houder-seed-of-life
https://www.phoeniximport.com/nl/4/78436/edelsteenbol-houder-metatrons-kubus-7cm.aspx,/products/edelsteenbol-houder-metatrons-kubus
https://www.phoeniximport.com/nl/4/1793/halve-maan-zonnevanger-met-amethist-25x10cm.aspx,/products/halve-maan-zonnevanger-met-amethist
https://www.phoeniximport.com/nl/4/16580/suncatcher-kristal-hartjes-rond-40cm.aspx,/products/suncatcher-kristal-hartjes-rond
https://www.phoeniximport.com/nl/4/16581/suncatcher-met-amethist-stenen-en-ruiten-50cm.aspx,/products/suncatcher-met-amethist-stenen-en-ruiten
https://www.phoeniximport.com/nl/4/16584/suncatcher-met-maan-en-rozenkwarts-35-40cm.aspx,/products/suncatcher-met-maan-en-rozenkwarts
https://www.phoeniximport.com/nl/4/16586/suncatcher-met-ster-kristal-en-citrien-36cm.aspx,/products/suncatcher-met-ster-kristal-en-citrien
https://www.phoeniximport.com/nl/4/16587/suncatcher-met-flower-of-life-goud-en-amethist-38-39cm.aspx,/products/suncatcher-met-flower-of-life-goud-en-amethist
https://www.phoeniximport.com/nl/4/99220/seleniet-oplaadplaat-bloem-des-levens-8cm.aspx,/products/seleniet-oplaadplaat-bloem-des-levens
https://www.phoeniximport.com/nl/4/99226/seleniet-oplaadplaat-bloem-des-levens-8cm.aspx,/products/seleniet-oplaadplaat-bloem-des-levens-1
https://www.phoeniximport.com/nl/4/99290/seleniet-oplaad-balk-10cm.aspx,/products/seleniet-oplaad-balk
https://www.phoeniximport.com/nl/4/99292/seleniet-oplaad-balk-20cm.aspx,/products/seleniet-oplaad-balk-1
https://www.phoeniximport.com/nl/4/16582/suncatcher-met-lotus-amethist-en-kristallen-33cm.aspx,/products/suncatcher-met-lotus-amethist-en-kristallen
https://www.phoeniximport.com/nl/4/16583/suncatcher-met-amethist-maan-en-kristallen-bol-35cm.aspx,/products/suncatcher-met-amethist-maan-en-kristallen-bol
https://www.phoeniximport.com/nl/4/16585/suncatcher-met-levensboom-en-rozenkwarts-30cm.aspx,/products/suncatcher-met-levensboom-en-rozenkwarts
https://www.phoeniximport.com/nl/4/14100/feng-shui-rozenkwarts-bol-4-cm.aspx,/products/feng-shui-rozenkwarts-bol-1
https://www.phoeniximport.com/nl/4/14101/feng-shui-rozenkwarts-bol-5-cm.aspx,/products/feng-shui-rozenkwarts-bol
https://www.phoeniximport.com/nl/4/14103/feng-shui-amethist-bol-25-cm.aspx,/products/feng-shui-amethist-bol
https://www.phoeniximport.com/nl/4/14104/feng-shui-lapis-lazuli-bol-4-cm.aspx,/products/feng-shui-lapis-lazuli-bol
https://www.phoeniximport.com/nl/4/14105/feng-shui-bergkristal-bol-3-cm.aspx,/products/feng-shui-bergkristal-bol-1
https://www.phoeniximport.com/nl/4/14106/feng-shui-bergkristal-bol-4-cm.aspx,/products/feng-shui-bergkristal-bol
https://www.phoeniximport.com/nl/4/14108/feng-shui-7-chakra-edelsteenbollen-2-cm.aspx,/products/feng-shui-7-chakra-edelsteenbollen
https://www.phoeniximport.com/nl/4/4178/suncatcher-ster-met-amethist-12x34-cm.aspx,/products/new-267
https://www.phoeniximport.com/nl/4/4179/suncatcher-ster-met-rozenkwarts-12x34-cm.aspx,/products/new-388
https://www.phoeniximport.com/nl/4/4180/suncatcher-zon-en-halve-maan-met-kristalglas-44x8-cm.aspx,/products/new-400
https://www.phoeniximport.com/nl/4/4183/suncatcher-lotus-en-vlinders-met-bergkristal-9x51-cm.aspx,/products/new-363
https://www.phoeniximport.com/nl/4/4181/suncatcher-maan-met-roze-maansteen-8x37-cm.aspx,/products/new-377
https://www.phoeniximport.com/nl/4/4182/suncatcher-maan-met-lapis-lazuli-8x37-cm.aspx,/products/new-370
https://www.phoeniximport.com/nl/4/4184/suncatcher-maan-levensboom-en-chakra-stenen-285x165-cm.aspx,/products/new-357
https://www.phoeniximport.com/nl/4/4185/suncatcher-maan-met-amethist-en-levensboom-285x165-cm.aspx,/products/new-350
https://www.phoeniximport.com/nl/4/4186/suncatcher-levensboom-met-chakra-stenen-43x165-cm.aspx,/products/new-399
https://www.phoeniximport.com/nl/4/4187/suncatcher-bloem-des-levens-zilverkleurig-met-amethist-40x95-cm.aspx,/products/new-339
https://www.phoeniximport.com/nl/4/16517/feng-shui-kristallen-lotus-met-paarse-ketting-10-cm.aspx,/products/feng-shui-kristallen-lotus-met-paarse-ketting
https://www.phoeniximport.com/nl/4/13375/seleniet-edelsteen-oplaadplaat-chakra-chips-17x3cm.aspx,/products/seleniet-oplaadplaat
https://www.phoeniximport.com/nl/4/13374/seleniet-edelsteen-oplaadplaat-chakra-kralen-17x3cm.aspx,/products/seleniet-oplaadplaat
https://www.phoeniximport.com/nl/4/16600/minibeeldje-feng-shui-kikker-goudkleur-5-x-35-cm.aspx,/products/minibeeldje-feng-shui-kikker-goudkleur
https://www.phoeniximport.com/nl/4/16891/bagua-spiegel-hol-13x13-cm.aspx,/products/bagua-spiegel-hol
https://www.phoeniximport.com/nl/4/0253/windorgel-vierkant-vijf-staafjes-en-kristal-windvanger-48-cm.aspx,/products/windorgel-vierkant-vijf-staafjes-en-kristal-windvanger
https://www.phoeniximport.com/nl/4/0254/windorgel-rond-vijf-staafjes-hout-kristal-windvanger-48cm.aspx,/products/windorgel-rond-vijf-staafjes-hout-kristal-windvanger
https://www.phoeniximport.com/nl/4/0207/windgong-zen-zwart-58-cm.aspx,/products/windgong-zen-zwart
https://www.phoeniximport.com/nl/4/0208/windorgel-vijf-buizen-en-hout-64-cm.aspx,/products/windorgel-vijf-buizen-en-hout
https://www.phoeniximport.com/nl/4/0210/windorgel-vijf-staafjes-met-hout-45-cm.aspx,/products/windorgel-vijf-staafjes-met-hout
https://www.phoeniximport.com/nl/4/0220/windorgel-met-12-buizen-en-drie-windvangers-70-cm.aspx,/products/windorgel-met-12-buizen-en-drie-windvangers
https://www.phoeniximport.com/nl/4/0221/windgong-feng-shui-70-cm.aspx,/products/windgong-feng-shui
https://www.phoeniximport.com/nl/4/0225/windgong-zen-65-cm.aspx,/products/windgong-zen
https://www.phoeniximport.com/nl/4/16816/bellenkoord-met-rudraksha-en-ohm-symbolen-50-cm.aspx,/products/bellenkoord-met-rudraksha-en-ohm-symbolen
https://www.phoeniximport.com/nl/4/0240/windorgel-yin-yang-vijf-buizen-35-cm.aspx,/products/windorgel-yin-yang-vijf-buizen
https://www.phoeniximport.com/nl/4/16895/bagua-spiegel-bol-13x13-cm.aspx,/products/bagua-spiegel-bol
https://www.phoeniximport.com/nl/4/0234/windorgel-vier-staafjes-en-hout-14-cm.aspx,/products/windorgel-vier-staafjes-en-hout
https://www.phoeniximport.com/nl/4/0238/windorgel-22-staafjes-en-hout-25-cm.aspx,/products/windorgel-22-staafjes-en-hout
https://www.phoeniximport.com/nl/4/11126/feng-shui-ohm-decoratie-40x8-cm.aspx,/products/feng-shui-ohm-decoratie
https://www.phoeniximport.com/nl/4/11127/feng-shui-bloem-des-levens-decoratie-40x8-cm.aspx,/products/feng-shui-bloem-des-levens-decoratie
https://www.phoeniximport.com/nl/4/0250/windorgel-pure-sound-toonladder-zwart-95-cm.aspx,/products/windorgel-pure-sound-toonladder-zwart
https://www.phoeniximport.com/nl/4/0252/windorgel-zes-staafjes-en-hout-50-cm.aspx,/products/windorgel-zes-staafjes-en-hout
https://www.phoeniximport.com/nl/4/0255/windorgel-vier-staafjes-met-hart-windvanger-35-cm.aspx,/products/windorgel-vier-staafjes-met-hart-windvanger
https://www.phoeniximport.com/nl/4/0256/windorgel-vier-staafjes-met-yin-yang-windvanger-35-cm.aspx,/products/windorgel-vier-staafjes-met-yin-yang-windvanger
https://www.phoeniximport.com/nl/4/0259/windbellen-met-vijf-engelen-65-cm.aspx,/products/windbellen-met-vijf-engelen
https://www.phoeniximport.com/nl/4/64552/chinese-feng-shui-geluksmunten-set-van-10-23-cm.aspx,/products/chinese-feng-shui-geluksmunten-set-van-10
https://www.phoeniximport.com/nl/4/6154/mini-edelsteenboom-display-met-32-stuks--45-cm-20-g.aspx,/products/mini-edelsteenboom-display-met-32-stuks
https://www.phoeniximport.com/nl/4/6158/edelsteenboom-amethist-55x55x7cm-163g.aspx,/products/edelsteenboom-amethist
https://www.phoeniximport.com/nl/4/6159/edelsteenboom-rozenkwarts-55x55x7cm-163g.aspx,/products/edelsteenboom-rozenkwarts
https://www.phoeniximport.com/nl/4/99946/bellenkoord-met-4-olifantjes-80cm.aspx,/products/bellenkoord-met-4-olifantjes
https://www.phoeniximport.com/nl/4/99947/bellenkoord-met-bloem-des-levens--63cm.aspx,/products/bellenkoord-met-bloem-des-levens
https://www.phoeniximport.com/nl/4/99948/bellenkoord-met-ohm-53cm.aspx,/products/bellenkoord-met-ohm
https://www.phoeniximport.com/nl/4/78371/edelsteenboom-bergkristal-18-cm.aspx,/products/edelsteenboom-bergkristal-3
https://www.phoeniximport.com/nl/4/78372/edelsteenboom-rozenkwarts-18-cm.aspx,/products/edelsteenboom-rozenkwarts-2
https://www.phoeniximport.com/nl/4/78374/edelsteenboom-citrien-18cm.aspx,/products/edelsteenboom-citrien
https://www.phoeniximport.com/nl/4/78375/edelsteenboom-groene-aventurijn-18cm.aspx,/products/edelsteenboom-groene-aventurijn-1
https://www.phoeniximport.com/nl/4/78376/edelsteenboom-sodaliet-18cm.aspx,/products/edelsteenboom-sodaliet
https://www.phoeniximport.com/nl/4/78377/edelsteenboom-amethist-18cm.aspx,/products/edelsteenboom-amethist-2
https://www.phoeniximport.com/nl/4/78378/edelsteenboom-tijgeroog-18cm.aspx,/products/edelsteenboom-tijgeroog
https://www.phoeniximport.com/nl/4/78379/edelsteenboom-carneool-18cm.aspx,/products/edelsteenboom-carneool-1
https://www.phoeniximport.com/nl/4/78380/edelsteenboom-zwarte-agaat-18cm.aspx,/products/edelsteenboom-zwarte-agaat
https://www.phoeniximport.com/nl/4/6301/moon-stones-12-stuks-in-pop-up-display-box-69g.aspx,/products/moon-stones-12-stuks-in-pop-up-display-box
https://www.phoeniximport.com/nl/4/6302/healing-stones-12-stuks-in-pop-up-display-box-69g.aspx,/products/healing-stones-12-stuks-in-pop-up-display-box
https://www.phoeniximport.com/nl/4/6303/prosperity-stones-12-stuks-in-pop-up-display-box-69g.aspx,/products/prosperity-stones-12-stuks-in-pop-up-display-box
https://www.phoeniximport.com/nl/4/6147/mini-geldboom-display-met-32-stuks--45-cm-20-g.aspx,/products/mini-geldboom-display-met-32-stuks
https://www.phoeniximport.com/nl/4/78382/edelsteenboom-rozenkwarts-8cm.aspx,/products/edelsteenboom-rozenkwarts-3
https://www.phoeniximport.com/nl/4/78383/edelsteenboom-bergkristal-8cm.aspx,/products/edelsteenboom-bergkristal-2
https://www.phoeniximport.com/nl/4/78384/edelsteenboom-amethist-8cm.aspx,/products/edelsteenboom-amethist-3
https://www.phoeniximport.com/nl/4/78385/edelsteenboom-tijgeroog-8cm.aspx,/products/edelsteenboom-tijgeroog-1
https://www.phoeniximport.com/nl/4/78386/edelsteenboom-zwarte-agaat-8cm.aspx,/products/edelsteenboom-zwarte-agaat-1
https://www.phoeniximport.com/nl/4/78387/edelsteenboom-sodaliet-8cm.aspx,/products/edelsteenboom-sodaliet-1
https://www.phoeniximport.com/nl/4/78388/edelsteenboom-groene-aventurijn-8cm.aspx,/products/edelsteenboom-groene-aventurijn
https://www.phoeniximport.com/nl/4/78389/edelsteenboom-carneool-8cm.aspx,/products/edelsteenboom-carneool
https://www.phoeniximport.com/nl/4/78390/edelsteenboom-golden-healer-limoniet-kwarts-8cm.aspx,/products/edelsteenboom-golden-healer-limoniet-kwarts
https://www.phoeniximport.com/nl/4/78391/edelsteenboom-7-chakras-8cm.aspx,/products/edelsteenboom-7-chakras-1
https://www.phoeniximport.com/nl/4/78392/edelsteenboom-rozenkwarts-23cm.aspx,/products/edelsteenboom-rozenkwarts-1
https://www.phoeniximport.com/nl/4/78393/edelsteenboom-bergkristal-23cm.aspx,/products/edelsteenboom-bergkristal
https://www.phoeniximport.com/nl/4/78394/edelsteenboom-amethist-23cm.aspx,/products/edelsteenboom-amethist-1
https://www.phoeniximport.com/nl/4/78395/edelsteenboom-7-chakras-23cm.aspx,/products/edelsteenboom-7-chakras
https://www.phoeniximport.com/nl/4/15502/compassie-mudra-waterfontein-133x133x20cm.aspx,/products/compassie-mudra-waterfontein
https://www.phoeniximport.com/nl/4/15508/rots-waterfontein-m-133x133x18cm.aspx,/products/rots-waterfontein-m
https://www.phoeniximport.com/nl/4/15501/ganesha-waterfontein-133x133x195cm.aspx,/products/ganesha-waterfontein
https://www.phoeniximport.com/nl/4/15516/waterfontein-engel-l-21x183x27-cm.aspx,/products/waterfontein-engel-l
https://www.phoeniximport.com/nl/4/15510/mediterende-boeddha-waterfontein-133x133x175cm.aspx,/products/mediterende-boeddha-waterfontein
https://www.phoeniximport.com/nl/4/15504/kleine-boeddha-waterfontein-14x14x215cm.aspx,/products/kleine-boeddha-waterfontein
https://www.phoeniximport.com/nl/4/15509/rots-waterfontein-l-215x188x29cm.aspx,/products/rots-waterfontein-l
https://www.phoeniximport.com/nl/4/15513/waterfontein-hart-21x183x265-cm.aspx,/products/waterfontein-hart
https://www.phoeniximport.com/nl/4/15515/waterfontein-maan-133x133x195-cm.aspx,/products/waterfontein-maan
https://www.phoeniximport.com/nl/4/15500/compassie-boeddha-waterfontein-133x133x173-cm.aspx,/products/compassie-boeddha-waterfontein
https://www.phoeniximport.com/nl/4/15514/waterfontein-engel-m-133x133x20-cm.aspx,/products/waterfontein-engel-m
https://www.phoeniximport.com/nl/4/15511/mediterende-boeddha-met-lotus-waterfontein-195x195x27cm.aspx,/products/mediterende-boeddha-met-lotus-waterfontein
https://www.phoeniximport.com/nl/4/6163/edelsteenboom-bergkristal-8x5cm-85g.aspx,/products/edelsteenboom-bergkristal
https://www.phoeniximport.com/nl/4/6358/raamhanger-feng-shui-kristal-seleniet-35x95cm.aspx,/products/raamhanger-feng-shui-kristal-seleniet
https://www.phoeniximport.com/nl/4/13363/feng-shui-decoratie-bloem-des-levens-46x105-cm.aspx,/products/feng-shui-bloem-des-levens-decoratie
https://www.phoeniximport.com/nl/4/15512/water-offerende-boeddha-fontein-195x195x29cm.aspx,/products/water-offerende-boeddha-fontein
https://www.phoeniximport.com/nl/4/15001/tarotdoos-pentagram-zeepsteen-15x10-cm.aspx,/products/tarotdoos-pentagram-zeepsteen
https://www.phoeniximport.com/nl/4/17623/tarotdoos-levensboom-gegraveerd-175x13x65-cm.aspx,/products/tarotdoos-levensboom-gegraveerd
https://www.phoeniximport.com/nl/4/17783/sieradendoosje-lotus-6x6x4-cm.aspx,/products/sieradendoosje-lotus
https://www.phoeniximport.com/nl/4/78183/sieradendoosje-levensboom--65x65x35-cm.aspx,/products/sieradendoosje-levensboom
https://www.phoeniximport.com/nl/4/78184/sieradendoosje-ohm--65x65x35-cm.aspx,/products/sieradendoosje-ohm
https://www.phoeniximport.com/nl/4/78185/sieradendoosje-bloem-des-levens-65x65x35-cm.aspx,/products/sieradendoosje-bloem-des-levens
https://www.phoeniximport.com/nl/4/17621/tarotdoos-lotus-gegraveerd-175x13x65-cm.aspx,/products/tarotdoos-lotus-gegraveerd
https://www.phoeniximport.com/nl/4/17622/tarotdoos-pentagram-gegraveerd-175x13x65-cm.aspx,/products/tarotdoos-pentagram-gegraveerd
https://www.phoeniximport.com/nl/4/17626/tarotdoos-bloem-des-levens-gegraveerd-175x13x65-cm.aspx,/products/tarotdoos-bloem-des-levens-gegraveerd
https://www.phoeniximport.com/nl/4/17627/tarotdoos-om-gegraveerd-175x13x65-cm.aspx,/products/tarotdoos-om-gegraveerd
https://www.phoeniximport.com/nl/4/17514/tarot-of-sieradendoos-pentagram-18x13x6-cm.aspx,/products/tarot-of-sieradendoos-pentagram
https://www.phoeniximport.com/nl/4/17515/tarot-of-sieradendoos-lotus-18x13x6-cm.aspx,/products/tarot-of-sieradendoos-lotus
https://www.phoeniximport.com/nl/4/17516/tarot-of-sieradendoos-dromenvanger-18x13x6-cm.aspx,/products/tarot-of-sieradendoos-dromenvanger
https://www.phoeniximport.com/nl/4/17517/tarot-of-sieradendoos-ohm-18x13x6-cm.aspx,/products/tarot-of-sieradendoos-ohm
https://www.phoeniximport.com/nl/4/17518/sieradendoosje-lotus-6x6x4-cm.aspx,/products/sieradendoosje-lotus
https://www.phoeniximport.com/nl/4/17780/tarot-of-sieradendoos-ohm-koperkleur-18x13x6-cm.aspx,/products/tarot-of-sieradendoos-ohm-koperkleur
https://www.phoeniximport.com/nl/4/17781/tarot-of-sieradendoos-lotus-koperkleur-18x13x6-cm.aspx,/products/tarot-of-sieradendoos-lotus-koperkleur
https://www.phoeniximport.com/nl/4/15932/schatkist-tibetaans-met-lotus-klein-15x9x9cm.aspx,/products/schatkist-tibetaans-met-lotus-klein
https://www.phoeniximport.com/nl/4/1869/houten-schatkistje-95x75x65cm.aspx,/products/houten-schatkistje
https://www.phoeniximport.com/nl/4/1940/tarotdoos-bloem-des-levens-mangohout-18x12x7-cm.aspx,/products/tarotdoos-bloem-des-levens-mangohout
https://www.phoeniximport.com/nl/4/2000/tarot-of-sieradendoos-boeddha-135x11cm.aspx,/products/tarot-of-sieradendoos-boeddha
https://www.phoeniximport.com/nl/4/2010/tarot-of-sieradendoos-boeddha-en-saraswati-26x11cm.aspx,/products/tarot-of-sieradendoos-boeddha-en-saraswati
https://www.phoeniximport.com/nl/4/12683/tarotdoos-levensboom-mangohout-18x12cm.aspx,/products/tarotdoos-levensboom-mangohout
https://www.phoeniximport.com/nl/4/1508/etui-fluweel-blauw-met-bloemen-20x15-cm.aspx,/products/etui-fluweel-blauw-met-bloemen
https://www.phoeniximport.com/nl/4/1509/sieraden-tarotdoos-fluweel-blauw-met-bloemen-11x155x5-cm.aspx,/products/sieraden-tarotdoos-fluweel-blauw-met-bloemen
https://www.phoeniximport.com/nl/4/1512/etui-fluweel-beige-met-bloemen-20x15-cm.aspx,/products/etui-fluweel-beige-met-bloemen
https://www.phoeniximport.com/nl/4/1513/sieraden-tarotdoos-fluweel-beige-met-bloemen-11x155x5-cm.aspx,/products/sieraden-tarotdoos-fluweel-beige-met-bloemen
https://www.phoeniximport.com/nl/4/1516/etui-chambray-katoen-beigegoud-met-bloem-des-levens-20x15-cm.aspx,/products/etui-fluweel-beige-goud-met-bloem-des-levens
https://www.phoeniximport.com/nl/4/1517/sieraden-tarotdoos-chambray-katoen-beigegoud-met-bloem-des-levens-11x155x5-cm.aspx,/products/sieraden-tarotdoos-fluweel-beige-goud-met-bloem-des-levens
https://www.phoeniximport.com/nl/4/1520/etui-fluweel-roze-met-levensboom-20x15-cm.aspx,/products/etui-fluweel-roze-met-levensboom
https://www.phoeniximport.com/nl/4/1521/sieraden-tarotdoos-fluweel-roze-met-levensboom-11x155x5-cm.aspx,/products/sieraden-tarotdoos-fluweel-roze-met-levensboom
https://www.phoeniximport.com/nl/4/1524/etui-fluweel-petrol-met-tarot-oog-20x15-cm.aspx,/products/etui-fluweel-petrol-met-tarot-oog
https://www.phoeniximport.com/nl/4/1525/sieraden-tarotdoos-fluweel-petrol-met-tarot-oog-20x15x9-cm.aspx,/products/sieraden-tarotdoos-fluweel-petrol-met-tarot-oog
https://www.phoeniximport.com/nl/4/1528/etui-fluweel-wit-met-zon-en-maan-20x15-cm.aspx,/products/etui-fluweel-wit-met-zon-en-maan
https://www.phoeniximport.com/nl/4/1529/sieraden-tarotdoos-fluweel-wit-met-zon-en-maan-11x155x5-cm.aspx,/products/sieraden-tarotdoos-fluweel-wit-met-zon-en-maan
https://www.phoeniximport.com/nl/4/1532/etui-fluweel-geel-met-zon-20x15-cm.aspx,/products/etui-fluweel-geel-met-zon
https://www.phoeniximport.com/nl/4/1533/sieraden-tarotdoos-fluweel-geel-met-zon-11x155x5-cm.aspx,/products/sieraden-tarotdoos-fluweel-geel-met-zon
https://www.phoeniximport.com/nl/4/1536/etui-fluweel-mint-met-maanfasen-20x15-cm.aspx,/products/etui-fluweel-mint-met-maanfasen
https://www.phoeniximport.com/nl/4/1537/sieraden-tarotdoos-fluweel-mint-met-maanfasen-11x155x5-cm.aspx,/products/sieraden-tarotdoos-fluweel-mint-met-maanfasen
https://www.phoeniximport.com/nl/4/1540/etui-fluweel-paars-met-galaxy-20x15-cm.aspx,/products/etui-fluweel-paars-met-galaxy
https://www.phoeniximport.com/nl/4/1541/sieraden-tarotdoos-fluweel-paars-met-galaxy-11x155x5-cm.aspx,/products/sieraden-tarotdoos-fluweel-paars-met-galaxy
https://www.phoeniximport.com/nl/4/1544/etui-fluweel-donkerblauw-met-maan-en-sterren-20x15-cm.aspx,/products/etui-fluweel-donkerblauw-met-maan-en-sterren
https://www.phoeniximport.com/nl/4/1545/sieraden-tarotdoos-fluweel-donkerblauw-met-maan-en-sterren-11x155x5-cm.aspx,/products/sieraden-tarotdoos-fluweel-donkerblauw-met-maan-en-sterren
https://www.phoeniximport.com/nl/4/12698/messing-schaal-met-bloem-des-levens-15-cm.aspx,/products/messing-schaal-met-bloem-des-levens
https://www.phoeniximport.com/nl/4/78263/koperen-schaal-met-bloem-des-levens-15-cm.aspx,/products/koperen-schaal-met-bloem-des-levens
https://www.phoeniximport.com/nl/4/6371/tarot-of-sieradendoos-healing-hands-amethist-18x125x55cm.aspx,/products/new-189
https://www.phoeniximport.com/nl/4/6372/tarot-of-sieradendoos-dromenvanger-amazoniet-18x125x55cm.aspx,/products/new-177
https://www.phoeniximport.com/nl/4/6373/tarot-of-sieradendoos-boeddha-sodaliet-18x125x55cm.aspx,/products/new-166
https://www.phoeniximport.com/nl/4/6374/tarot-of-sieradendoos-maangodin-regenboogmaansteen-18x125x55cm.aspx,/products/new-158
https://www.phoeniximport.com/nl/4/6370/tarot-of-sieradendoos-lotus-namaste-rozenkwarts-18x125x55cm.aspx,/products/new-201
https://www.phoeniximport.com/nl/4/2072/juwelenkistje-bloem-des-levens-print-20x6x125cm.aspx,/products/new-84
https://www.phoeniximport.com/nl/4/1561/sieraden-tarotdoos-fluweel-groen-met-klavertje-vier-11x155x5-cm.aspx,/products/new-403
https://www.phoeniximport.com/nl/4/1552/etui-fluweel-paars-met-regenboog-20x15-cm.aspx,/products/new-391
https://www.phoeniximport.com/nl/4/1569/sieraden-tarotdoos-fluweel-groen-met-levensboom-en-harten-11x155x5-cm.aspx,/products/new-279
https://www.phoeniximport.com/nl/4/1553/sieraden-tarotdoos-fluweel-paars-met-regenboog-11x155x5-cm.aspx,/products/new-384
https://www.phoeniximport.com/nl/4/1585/sieraden-tarotdoos-fluweel-petrol-met-seed-of-life-11x155x5-cm.aspx,/products/new-309
https://www.phoeniximport.com/nl/4/1565/sieraden-tarotdoos-fluweel-oudroze-met-bloem-des-levens-11x155x5-cm.aspx,/products/new-308
https://www.phoeniximport.com/nl/4/1556/etui-fluweel-groen-met-lotus-20x15-cm.aspx,/products/new-364
https://www.phoeniximport.com/nl/4/1568/etui-fluweel-groen-met-levensboom-en-harten-20x15-cm.aspx,/products/new-286
https://www.phoeniximport.com/nl/4/1577/sieraden-tarotdoos-fluweel-zwart-met-maanfasen-11x155x5-cm.aspx,/products/new-361
https://www.phoeniximport.com/nl/4/1548/etui-fluweel-blauw-met-alziend-oog-20x15-cm.aspx,/products/new-288
https://www.phoeniximport.com/nl/4/1557/sieraden-tarotdoos-fluweel-groen-met-lotus-11x155x5-cm.aspx,/products/new-358
https://www.phoeniximport.com/nl/4/1584/etui-fluweel-petrol-met-seed-of-life-20x15-cm.aspx,/products/new-316
https://www.phoeniximport.com/nl/4/1564/etui-fluweel-oudroze-met-bloem-des-levens-20x15-cm.aspx,/products/new-315
https://www.phoeniximport.com/nl/4/1576/etui-fluweel-zwart-met-maanfasen-20x15-cm.aspx,/products/new-367
https://www.phoeniximport.com/nl/4/1560/etui-fluweel-groen-met-klavertje-vier-20x15-cm.aspx,/products/new-338
https://www.phoeniximport.com/nl/4/73032/tarot-of-sieradendoos-lotus-zeepsteen-15x10-cm.aspx,/products/tarot-of-sieradendoos-lotus
https://www.phoeniximport.com/nl/4/1549/sieraden-tarotdoos-fluweel-blauw-met-alziend-oog-11x155x5-cm.aspx,/products/new-281
https://www.phoeniximport.com/nl/4/0149/meditatie-boeddha-1800-g-24x16x33-cm.aspx,/products/meditatie-boeddha
https://www.phoeniximport.com/nl/4/18101/boeddha-in-meditatie-wit-thailand-694-g-20x11x275-cm.aspx,/products/boeddha-in-meditatie-wit-thailand
https://www.phoeniximport.com/nl/4/18108/meditatie-boeddha-antieke-finish-272-g-105x7x15-cm.aspx,/products/meditatie-boeddha-antieke-finish
https://www.phoeniximport.com/nl/4/18109/biddende-boeddha-antieke-finish-thailand-374-g-155x9x22-cm.aspx,/products/biddende-boeddha-antieke-finish-thailand
https://www.phoeniximport.com/nl/4/18110/meditatie-boeddha-antieke-finish-japan-478-g-17x11x22-cm.aspx,/products/meditatie-boeddha-antieke-finish-japan
https://www.phoeniximport.com/nl/4/16903/gebedsvlaggen-koord-tibetaans-met-10-vlaggen-9x9-cm.aspx,/products/gebedsvlaggen-koord-tibetaans-met-10-vlaggen
https://www.phoeniximport.com/nl/4/15808/7-chakravlaggen-aan-koord-met-affirmaties-19x25x155-cm.aspx,/products/7-chakravlaggen-aan-koord-met-affirmaties
https://www.phoeniximport.com/nl/4/16052/5-tibetaanse-gebedsvlaggen-koord-s-125x125x120-cm.aspx,/products/5-tibetaanse-gebedsvlaggen-koord-s
https://www.phoeniximport.com/nl/4/16054/10-tibetaanse-gebedsvlaggen-koord-l-24x21x270-cm.aspx,/products/10-tibetaanse-gebedsvlaggen-koord-l
https://www.phoeniximport.com/nl/4/16053/10-tibetaanse-gebedsvlaggen-koord-m-175x175x170-cm.aspx,/products/10-tibetaanse-gebedsvlaggen-koord-m
https://www.phoeniximport.com/nl/4/16902/gebedsvlaggen-ompmh-met-10-luxe-velours-10x13-cm.aspx,/products/gebedsvlaggen-ompmh-met-10-luxe-velours
https://www.phoeniximport.com/nl/4/16051/5-tibetaanse-gebedsvlaggen-koord-xs-10x10x130-cm.aspx,/products/5-tibetaanse-gebedsvlaggen-koord-xs
https://www.phoeniximport.com/nl/4/17500/10-tibetaanse-gebedsvlaggen-koord-boeddha-28x35x300-cm.aspx,/products/10-tibetaanse-gebedsvlaggen-koord-boeddha
https://www.phoeniximport.com/nl/4/15805/tibetaanse-gebedsvlaggen-de-vier-vrienden-20x155-cm.aspx,/products/tibetaanse-gebedsvlaggen-de-vier-vrienden
https://www.phoeniximport.com/nl/4/15806/tibetaans-vlaggetjeskoord-peace-13x125-cm.aspx,/products/tibetaans-vlaggetjeskoord-peace
https://www.phoeniximport.com/nl/4/11125/windbel-bloem-des-levens-met-rudraksha-zaden-27-cm.aspx,/products/windbel-bloem-des-levens-met-rudraksha-zaden
https://www.phoeniximport.com/nl/4/14130/houten-bijzettafel-bloem-des-levens-30x30x23cm-2250g.aspx,/products/houten-bijzettafel-bloem-des-levens
https://www.phoeniximport.com/nl/4/14132/houten-bijzettafel-levensboom-30x30x23-cm-2250-g.aspx,/products/houten-bijzettafel-levensboom
https://www.phoeniximport.com/nl/4/19058/windorgel-solfeggio-86-cm.aspx,/products/windorgel-solfeggio
https://www.phoeniximport.com/nl/4/19059/windorgel-528-herz-frequentie-van-de-liefde-80-cm.aspx,/products/windorgel-528-herz-frequentie-van-de-liefde
https://www.phoeniximport.com/nl/4/19060/windorgel-432-herz-de-goddelijke-frequentie-85-cm.aspx,/products/windorgel-432-herz-de-goddelijke-frequentie
https://www.phoeniximport.com/nl/4/19061/windorgel-13610-hz-ohm-frequentie-78-cm.aspx,/products/windorgel-136-10-hz-ohm-frequentie
https://www.phoeniximport.com/nl/4/12038/raamhanger-lotus-capizschelpen-19x19cm.aspx,/products/raamhanger-lotus-capizschelpen
https://www.phoeniximport.com/nl/4/2076/altaartafeltje-bloem-des-levens-wit-bedrukt-15x15x10cm.aspx,/products/new-50
https://www.phoeniximport.com/nl/4/2077/altaartafeltje-bloem-des-levens-blauw-bedrukt-15x15x95cm.aspx,/products/new-40
https://www.phoeniximport.com/nl/4/99938/strandlaken-levensboom-150cm-450-550g.aspx,/products/strandlaken-levensboom
https://www.phoeniximport.com/nl/4/99942/strandlaken-7-chakras-mandala-450-550-g-150-cm.aspx,/products/strandlaken-7-chakras-mandala
https://www.phoeniximport.com/nl/4/99943/strandlaken-bloem-des-levens-550-650-g-150-cm.aspx,/products/strandlaken-bloem-des-levens
https://www.phoeniximport.com/nl/4/2075/ladenkastje-pauwenveer-print-175x14x31cm.aspx,/products/new-61
https://www.phoeniximport.com/nl/4/2081/mangohouten-bakje-maansikkel-11x145x25cm.aspx,/products/new-110
https://www.phoeniximport.com/nl/4/1028/windmobiel-witte-hartjes-capiz-schelp-35-cm.aspx,/products/windmobiel-witte-hartjes-capiz-schelp
https://www.phoeniximport.com/nl/4/2070/bakje-hartvorm-mangohout-15x15x25cm.aspx,/products/new-104
https://www.phoeniximport.com/nl/4/2080/wierookbrander-bloem-des-levens-mangohout-125x125x25-cm.aspx,/products/new-120
https://www.phoeniximport.com/nl/4/2084/bijzettafeltje-bloem-des-levens-blauw-bedrukt-mangohout-30x30x31-cm.aspx,/products/new-242
https://www.phoeniximport.com/nl/4/2085/bijzettafeltje-levensboom-bedrukt-mangohout-30x30x31-cm.aspx,/products/new-76
https://www.phoeniximport.com/nl/4/2086/bijzettafeltje-bloem-des-levens-wit-bedrukt-mangohout-30x30x31-cm.aspx,/products/new-68
https://www.phoeniximport.com/nl/4/2087/bijzettafeltje-mandala-bedrukt-mangohout-30x30x31-cm.aspx,/products/new-60
https://www.phoeniximport.com/nl/4/2088/wierookbrander-mandala-bedrukt-mangohout-125x125x25-cm.aspx,/products/new-49
https://www.phoeniximport.com/nl/4/2083/mangohouten-schaal-godinnensymbool-29x145x25-cm.aspx,/products/new-91
https://www.phoeniximport.com/nl/4/16908/tibetaanse-gebedsvlaggen-guru-rinpoche-20x20x210cm.aspx,/products/tibetaanse-gebedsvlaggen-guru-rinpoche
https://www.phoeniximport.com/nl/4/16906/tibetaanse-gebedsvlaggen-medicijn-boeddha-20x20x210cm.aspx,/products/tibetaanse-gebedsvlaggen-medicijn-boeddha
https://www.phoeniximport.com/nl/4/16905/tibetaanse-gebedsvlaggen-lungta-20x20x210cm.aspx,/products/tibetaanse-gebedsvlaggen-lungta
https://www.phoeniximport.com/nl/4/6233/zoutlamp-met-snoer-en-led-lamp-2000-3000g.aspx,/products/zoutlamp-met-snoer-en-led-lamp-4
https://www.phoeniximport.com/nl/4/6351/zoutlamp-cilinder-met-snoer-en-led-lamp-2700-g.aspx,/products/zoutlamp-cilinder-met-snoer-en-led-lamp
https://www.phoeniximport.com/nl/4/0131/mini-mood-zoutlamp-ruw-usb-led-600-g-9-cm.aspx,/products/mini-mood-zoutlamp-ruw-usb-led
https://www.phoeniximport.com/nl/4/0134/mini-mood-zoutlamp-piramide-usb-led-400-g-9-cm.aspx,/products/mini-mood-zoutlamp-piramide-usb-led
https://www.phoeniximport.com/nl/4/0135/mini-mood-zoutlamp-bol-usb-led-450-g-9-cm.aspx,/products/mini-mood-zoutlamp-bol-usb-led
https://www.phoeniximport.com/nl/4/0141/mini-zoutlamp-oranje-usb-led-600-g-9-cm.aspx,/products/mini-zoutlamp-oranje-usb-led
https://www.phoeniximport.com/nl/4/0142/mini-zoutlamp-bol-oranje-usb-led-450-g-9-cm.aspx,/products/mini-zoutlamp-bol-oranje-usb-led
https://www.phoeniximport.com/nl/4/0151/edelsteenlamp-zoutkristal-met-snoer-en-lampje-19-cm.aspx,/products/edelsteenlamp-zoutkristal-met-snoer-en-lampje
https://www.phoeniximport.com/nl/4/14185/led-lamp-3-watt-e14-fitting-9g.aspx,/products/led-lamp-3-watt-e14-fitting
https://www.phoeniximport.com/nl/4/21137/zoutlamp-engel-met-snoer-en-led-lamp-225x155x10cm.aspx,/products/zoutlamp-engel-met-snoer-en-led-lamp
https://www.phoeniximport.com/nl/4/21138/zoutlamp-dubbel-hart-met-snoer-en-led-lamp-75x35x7cm.aspx,/products/zoutlamp-dubbel-hart-met-snoer-en-led-lamp
https://www.phoeniximport.com/nl/4/21139/zoutlamp-bol-met-snoer-en-led-lamp-6x6cm.aspx,/products/zoutlamp-bol-met-snoer-en-led-lamp
https://www.phoeniximport.com/nl/4/21141/zoutlamp-lotus-met-snoer-en-led-lamp--22x19x10-cm.aspx,/products/zoutlamp-lotus-met-snoer-en-led-lamp
https://www.phoeniximport.com/nl/4/21142/zoutlamp-levensboom-met-snoer-en-led-lamp--22x19x10-cm.aspx,/products/zoutlamp-levensboom-met-snoer-en-led-lamp
https://www.phoeniximport.com/nl/4/23304/zoutlamp-maanvormig-met-snoer-en-led-lamp-18cm-1860g.aspx,/products/zoutlamp-maanvormig-met-snoer-en-led-lamp
https://www.phoeniximport.com/nl/4/99313/seleniet-ijsberg-lamp-16x8cm.aspx,/products/seleniet-ijsberg-lamp-1
https://www.phoeniximport.com/nl/4/99314/seleniet-ijsberg-lamp-20x8cm.aspx,/products/seleniet-ijsberg-lamp-2
https://www.phoeniximport.com/nl/4/99315/seleniet-ijsberg-lamp-30x9cm.aspx,/products/seleniet-ijsberg-lamp-3
https://www.phoeniximport.com/nl/4/99316/seleniet-ijsberg-lamp-40x10cm.aspx,/products/seleniet-ijsberg-lamp-4
https://www.phoeniximport.com/nl/4/99317/seleniet-ijsberg-lamp-25x9cm.aspx,/products/seleniet-ijsberg-lamp-2
https://www.phoeniximport.com/nl/4/21154/zoutlamp-bloem-des-levens-met-snoer-en-lamp-22x19x10-cm.aspx,/products/zoutlamp-bloem-des-levens-met-snoer-en-led-lamp
https://www.phoeniximport.com/nl/4/21171/zoutlamp-maanfasen-met-kabel-en-lamp-22x19x10-cm.aspx,/products/zoutlamp
https://www.phoeniximport.com/nl/4/21158/zoutlamp-met-snoer-en-lamp-3000-5500-g.aspx,/products/zoutlamp
https://www.phoeniximport.com/nl/4/21162/zoutlamp-druppelvorm-met-snoer-en-lamp-2000-g.aspx,/products/zoutlamp-druppelvorm-met-snoer-en-led
https://www.phoeniximport.com/nl/4/21172/zoutlamp-godin-met-kabel-en-lamp-22x19x10-cm.aspx,/products/zoutlamp
https://www.phoeniximport.com/nl/4/21148/zoutlamp-wit-met-snoer-en-lamp-1500-2000-g.aspx,/products/zoutlamp
https://www.phoeniximport.com/nl/4/21163/zoutlamp-nachtlampje-115x55-cm.aspx,/products/zoutlamp
https://www.phoeniximport.com/nl/4/21161/zoutlamp-wit-met-snoer-en-lamp-2000-3000g.aspx,/products/zoutlamp
https://www.phoeniximport.com/nl/4/21164/zoutlamp-nachtlampje-bloem-des-levens-115x55-cm.aspx,/products/zoutlamp
https://www.phoeniximport.com/nl/4/21165/zoutlamp-nachtlampje-sterren-115x55-cm.aspx,/products/zoutlamp
https://www.phoeniximport.com/nl/4/21149/zoutlamp-met-snoer-en-lamp-1500-2000-g.aspx,/products/edelsteenlamp-zoutkristal-met-snoer-en-lampje
https://www.phoeniximport.com/nl/4/21168/zoutlamp-yin-yang-met-kabel-en-lamp-22x19x10-cm.aspx,/products/zoutlamp
https://www.phoeniximport.com/nl/4/21150/zoutlamp-met-snoer-en-lamp-5000-7000-g.aspx,/products/edelsteenlamp-zoutkristal-met-snoer-en-lampje
https://www.phoeniximport.com/nl/4/21166/zoutlamp-nachtlampje-harten-115x55-cm.aspx,/products/zoutlamp
https://www.phoeniximport.com/nl/4/21170/zoutlamp-sterren-met-kabel-en-lamp-22x19x10-cm.aspx,/products/zoutlamp
https://www.phoeniximport.com/nl/4/21169/zoutlamp-harten-met-kabel-en-lamp-22x19x10-cm.aspx,/products/zoutlamp
https://www.phoeniximport.com/nl/4/21159/zoutlamp-met-snoer-en-lamp-5500-10000-g.aspx,/products/zoutlamp
https://www.phoeniximport.com/nl/4/21167/zoutlamp-mandala-met-kabel-en-lamp-22x19x10-cm.aspx,/products/zoutlamp
https://www.phoeniximport.com/nl/4/0109/meditatie-boeddha-in-geschenktasje-22-g-53-cm.aspx,/products/meditatie-boeddha-in-geschenktasje
https://www.phoeniximport.com/nl/4/0110/rustende-boeddha-in-geschenktasje-36-g-53-cm.aspx,/products/rustende-boeddha-in-geschenktasje
https://www.phoeniximport.com/nl/4/14850/deco-levensboom-goudkleurig-175x75x258-cm.aspx,/products/new-408
https://www.phoeniximport.com/nl/4/14851/deco-hand-van-fatima-op-voet-goudkleurig-143x77x232-cm.aspx,/products/new-407
https://www.phoeniximport.com/nl/4/14852/deco-handen-met-alziend-oog-goudkleurig-125x75x22-cm.aspx,/products/new-406
https://www.phoeniximport.com/nl/4/14853/deco-olifant-goudkleurig-22x98x127-cm.aspx,/products/new-422
https://www.phoeniximport.com/nl/4/14854/deco-gyan-mudra-goudkleurig-117x10x213-cm.aspx,/products/new-421
https://www.phoeniximport.com/nl/4/14855/deco-handen-met-lotus-goudkleurig-145x96x248-cm.aspx,/products/new-420
https://www.phoeniximport.com/nl/4/14864/deco-biddende-handen-goudkleurig-15x115x26-cm.aspx,/products/new-411
https://www.phoeniximport.com/nl/4/14960/godinnebeeldje-zeepsteen-naturel-240-g-12-cm.aspx,/products/godinnebeeldje-zeepsteen-naturel
https://www.phoeniximport.com/nl/4/15633/dromenvanger-hennep-rond-bruin-crme-46x16cm.aspx,/products/dromenvanger-hennep-rond-bruin-creme
https://www.phoeniximport.com/nl/4/15634/dromenvanger-hennep-maan-en-sterren-wit-65x18cm.aspx,/products/dromenvanger-hennep-maan-en-sterren-wit
https://www.phoeniximport.com/nl/4/15635/dromenvanger-hennep-maan-en-cirkel-57x13cm.aspx,/products/dromenvanger-hennep-maan-en-cirkel
https://www.phoeniximport.com/nl/4/15636/dromenvanger-hennep-drievoudige-maan-31x24cm.aspx,/products/dromenvanger-hennep-drievoudige-maan
https://www.phoeniximport.com/nl/4/15637/dromenvanger-hennep-maan-en-sterren-meerkleurig-50x20cm.aspx,/products/dromenvanger-hennep-maan-en-sterren-meerkleurig
https://www.phoeniximport.com/nl/4/15800/witte-tara-thangka-geprint-29x20-cm.aspx,/products/witte-tara-thangka-geprint
https://www.phoeniximport.com/nl/4/15837/chenrezig-thangka-geprint-29x20-cm.aspx,/products/chenrezig-thangka-geprint
https://www.phoeniximport.com/nl/4/15838/medicijn-boeddha-thangka-geprint-29x20-cm.aspx,/products/medicijn-boeddha-thangka-geprint
https://www.phoeniximport.com/nl/4/15839/shakyamuni-boeddha-thangka-geprint-29x20-cm.aspx,/products/shakyamuni-boeddha-thangka-geprint
https://www.phoeniximport.com/nl/4/15840/vajrasattva-thangka-geprint-29x20-cm.aspx,/products/vajrasattva-thangka-geprint
https://www.phoeniximport.com/nl/4/16034/offerschaal-ganesha-300-g28x25cm.aspx,/products/offerschaal-ganesha
https://www.phoeniximport.com/nl/4/16035/offerschaal-mandala-300-g28x25cm.aspx,/products/offerschaal-mandala
https://www.phoeniximport.com/nl/4/16981/altaar-met-lade-hout-handbeschilderd-165x22x14-cm.aspx,/products/altaar-met-lade-hout-handbeschilderd
https://www.phoeniximport.com/nl/4/16982/altaar-op-tafeltje-met-lade-36x22-cm.aspx,/products/altaar-op-tafeltje-met-lade
https://www.phoeniximport.com/nl/4/17126/wierookbrander-roze-zandsteen-rond-10x2-cm.aspx,/products/wierookbrander-roze-zandsteen-rond
https://www.phoeniximport.com/nl/4/17127/schaal-roze-zandsteen-dubbel-hart-23x13x25-cm.aspx,/products/schaal-roze-zandsteen-dubbel-hart
https://www.phoeniximport.com/nl/4/17128/schaal-roze-zandsteen-hart-13x15x25-cm.aspx,/products/schaal-roze-zandsteen-hart
https://www.phoeniximport.com/nl/4/17492/dromenvanger-zwart-met-veren-m-15x40-cm.aspx,/products/dromenvanger-zwart-met-veren-m
https://www.phoeniximport.com/nl/4/17493/dromenvanger-zwart-met-veren-s-75x25-cm.aspx,/products/dromenvanger-zwart-met-veren-s
https://www.phoeniximport.com/nl/4/17494/dromenvanger-hennep-regenboog-m-15x45-cm.aspx,/products/dromenvanger-hennep-regenboog-m
https://www.phoeniximport.com/nl/4/17495/dromenvanger-hennep-naturel-xs-55x20-cm.aspx,/products/dromenvanger-hennep-naturel-xs
https://www.phoeniximport.com/nl/4/17496/dromenvanger-hennep-regenboog-xs-55x20-cm.aspx,/products/dromenvanger-hennep-regenboog-xs
https://www.phoeniximport.com/nl/4/17497/dromenvanger-hennep-naturel-m-155x47-cm.aspx,/products/dromenvanger-hennep-naturel-m
https://www.phoeniximport.com/nl/4/17498/dromenvanger-hennep-regenboog-s-11x25-cm.aspx,/products/dromenvanger-hennep-regenboog-s
https://www.phoeniximport.com/nl/4/17499/dromenvanger-hennep-regenboog-l-20x50-cm.aspx,/products/dromenvanger-hennep-regenboog-l
https://www.phoeniximport.com/nl/4/1815/engelenvleugels-sieradenschaaltje-105-cm-110-g.aspx,/products/new-507
https://www.phoeniximport.com/nl/4/23301/edelsteenlamp-bloem-des-levens-met-snoer-en-led-lamp-12x12cm.aspx,/products/edelsteenlamp-bloem-des-levens-met-snoer-en-led-lamp
https://www.phoeniximport.com/nl/4/23302/edelsteenlamp-levensboom-met-snoer-en-led-lamp-12x12cm.aspx,/products/edelsteenlamp-levensboom-met-snoer-en-led-lamp
https://www.phoeniximport.com/nl/4/23303/edelsteenlamp-ohm-met-snoer-en-led-lamp-12x12cm.aspx,/products/edelsteenlamp-ohm-met-snoer-en-led-lamp
https://www.phoeniximport.com/nl/4/4100/chakra-banner-klein-15x60-cm.aspx,/products/chakra-banner-klein
https://www.phoeniximport.com/nl/4/4101/chakra-banner-groot-30x120-cm.aspx,/products/chakra-banner-groot
https://www.phoeniximport.com/nl/4/4104/mantra-banner-om-mani-padme-hum-hri-klein-15x60-cm.aspx,/products/mantra-banner-om-mani-padme-hum-hri-klein
https://www.phoeniximport.com/nl/4/4143/meditatie-banner-bloem-des-levens-38x38-cm.aspx,/products/meditatie-banner-bloem-des-levens
https://www.phoeniximport.com/nl/4/4153/dromenvanger-levensboom-rozenkwarts-16x55cm.aspx,/products/new-55
https://www.phoeniximport.com/nl/4/4155/dromenvanger-levensboom-witte-jade-16x55cm.aspx,/products/new-226
https://www.phoeniximport.com/nl/4/4156/dromenvanger-levensboom-aardbeikwarts-7x23cm.aspx,/products/new-232
https://www.phoeniximport.com/nl/4/4158/dromenvanger-levensboom-zwarte-jaspis-7x23cm.aspx,/products/new-193
https://www.phoeniximport.com/nl/4/4160/dromenvanger-levensboom-witte-jaspis-7x23cm.aspx,/products/new-170
https://www.phoeniximport.com/nl/4/4161/dromenvanger-sodaliet-met-pendel-13x45cm.aspx,/products/new-162
https://www.phoeniximport.com/nl/4/4162/dromenvanger-maan-met-trommelsteen-amethist-16x45cm.aspx,/products/new-231
https://www.phoeniximport.com/nl/4/4163/raamhanger-maanfee-paars-34cm.aspx,/products/new-146
https://www.phoeniximport.com/nl/4/4164/raamhanger-maanfee-blauw-34cm.aspx,/products/new-136
https://www.phoeniximport.com/nl/4/4165/raamhanger-lotus-roze-25cm.aspx,/products/new-127
https://www.phoeniximport.com/nl/4/4166/raamhanger-lotus-wit-25cm.aspx,/products/new-116
https://www.phoeniximport.com/nl/4/4167/raamhanger-lotus-paars-25cm.aspx,/products/new-107
https://www.phoeniximport.com/nl/4/4168/windorgel-engel-roze-50cm.aspx,/products/new-97
https://www.phoeniximport.com/nl/4/4169/windorgel-engel-blauw-75cm.aspx,/products/new-230
https://www.phoeniximport.com/nl/4/5955/parelmoeren-schelp-met-parels-15-16-cm.aspx,/products/parelmoeren-schelp-met-parels
https://www.phoeniximport.com/nl/4/6156/flesje-zuiver-bladgoud-display-met-60-stuks-8x6x1cm-10g.aspx,/products/flesje-zuiver-bladgoud-display-met-60-stuks
https://www.phoeniximport.com/nl/4/6293/raamhanger-maanfasen-gouden-driehoek-seleniet-34x22cm.aspx,/products/raamhanger-maanfasen-gouden-driehoek-seleniet
https://www.phoeniximport.com/nl/4/6294/raamhanger-maangodin-chakra-stenen-47x8cm.aspx,/products/raamhanger-maangodin-chakra-stenen
https://www.phoeniximport.com/nl/4/6295/raamhanger-maanstanden-verticaal-goudkleurig-56x8cm.aspx,/products/raamhanger-maanstanden-verticaal-goudkleurig
https://www.phoeniximport.com/nl/4/6296/raamhanger-maansikkel-met-maantjes--38x18cm.aspx,/products/raamhanger-maansikkel-met-maantjes
https://www.phoeniximport.com/nl/4/6297/dromenvanger-bloem-des-levens--54x21.aspx,/products/dromenvanger-bloem-des-levens
https://www.phoeniximport.com/nl/4/6304/deco-mobiele-7-chakras--23x155cm.aspx,/products/deco-mobiele-7-chakras
https://www.phoeniximport.com/nl/4/6305/deco-mobiele-gouden-driehoek-235x9cm.aspx,/products/deco-mobiele-gouden-driehoek
https://www.phoeniximport.com/nl/4/6307/deco-mobiele-maan-sterren-24x9cm.aspx,/products/deco-mobiele-maan-sterren
https://www.phoeniximport.com/nl/4/6360/wierook-en-kegeltjes-brander-namaste-rozenkwarts-10cm.aspx,/products/wierrook-en-kegeltjes-brander-namaste-rozenkwarts
https://www.phoeniximport.com/nl/4/6361/wierook-en-kegeltjes-brander-healing-hands-amethist-10cm.aspx,/products/wierrook-en-kegeltjes-brander-healing-hands-amethist
https://www.phoeniximport.com/nl/4/6362/wierook-en-kegeltjes-brander-dromenvanger-amazoniet-10cm.aspx,/products/wierrook-en-kegeltjes-brander-dromenvanger-amazoniet
https://www.phoeniximport.com/nl/4/6364/wierook-en-kegeltjes-brander-maangodin-maansteen-10cm.aspx,/products/wierrook-en-kegeltjes-brander-maangodin-maansteen
https://www.phoeniximport.com/nl/4/6365/wierrookhouder-namaste-rozenkwarts-155x5cm.aspx,/products/wierrookhouder-namaste-rozenkwarts
https://www.phoeniximport.com/nl/4/6366/wierookhouder-healing-hands-amethist-155x5cm.aspx,/products/wierrookhouder-healing-hands-amethist
https://www.phoeniximport.com/nl/4/6367/wierookhouder-dromenvanger-amazoniet-155x5cm.aspx,/products/wierrookhouder-dromenvanger-amazoniet
https://www.phoeniximport.com/nl/4/6369/wierookhouder-maangodin-maansteen-155x5cm.aspx,/products/wierrookhouder-maangodin-maansteen
https://www.phoeniximport.com/nl/4/6375/houten-bijzettafel-maangodin-print-op-glas-1450g-30x125cm.aspx,/products/houten-bijzettafel-maangodin-print-op-glas
https://www.phoeniximport.com/nl/4/78429/muurhanger-mandala-25cm.aspx,/products/muurhanger-mandala
https://www.phoeniximport.com/nl/4/78430/muurhanger-lotus-25cm.aspx,/products/muurhanger-lotus
https://www.phoeniximport.com/nl/4/850/decoratieve-slinger-stoffen-olifantjes-80-cm.aspx,/products/decoratieve-slinger-stoffen-olifantjes
https://www.phoeniximport.com/nl/4/851/mobiel-15-olifantjes-10x40-cm.aspx,/products/mobiel-15-olifantjes
https://www.phoeniximport.com/nl/4/852/decoratieve-slinger-houten-olifantjes-80-cm.aspx,/products/decoratieve-slinger-houten-olifantjes
https://www.phoeniximport.com/nl/4/853/mobiel-5-olifantjes-15x38-cm.aspx,/products/mobiel-5-olifantjes
https://www.phoeniximport.com/nl/4/854/decoratieve-slinger-hartjes-katoen-90-cm.aspx,/products/decoratieve-slinger-hartjes-katoen
https://www.phoeniximport.com/nl/4/855/decoratieve-slinger-hartjes-kunststof-90-cm.aspx,/products/decoratieve-slinger-hartjes-kunststof
https://www.phoeniximport.com/nl/4/856/decoratieve-slinger-hartjes-jute-90-cm.aspx,/products/decoratieve-slinger-hartjes-jute
https://www.phoeniximport.com/nl/4/857/decoratieve-slinger-ganesha-88cm-121gr.aspx,/products/decoratieve-slinger-ganesha
https://www.phoeniximport.com/nl/4/858/decoratieve-slinger-spiegels-s-88cm-56gr.aspx,/products/decoratieve-slinger-spiegels-s
https://www.phoeniximport.com/nl/4/859/decoratieve-slinger-spiegels-m-93cm-85gr.aspx,/products/decoratieve-slinger-spiegels-m
https://www.phoeniximport.com/nl/4/99207/seleniet-schaal-maanvorm-13x6x3cm.aspx,/products/seleniet-schaal-maanvorm-1
https://www.phoeniximport.com/nl/4/99210/seleniet-schaal-maanvorm-11x5x25cm.aspx,/products/seleniet-schaal-maanvorm-1
https://www.phoeniximport.com/nl/4/99213/seleniet-hartvorm-schaal-11x35cm.aspx,/products/seleniet-hartvorm-schaal
https://www.phoeniximport.com/nl/4/99219/seleniet-oogvormige-schaal-glanzend-13x12x3cm.aspx,/products/seleniet-oogvormige-schaal-glanzend
https://www.phoeniximport.com/nl/4/99228/seleniet-schaal-rond-10x35cm.aspx,/products/seleniet-schaal-rond-1
https://www.phoeniximport.com/nl/4/99235/seleniet-satijn-schaal-rond-8x8x25cm.aspx,/products/seleniet-satijn-schaal-rond
https://www.phoeniximport.com/nl/4/99238/seleniet-schaal-rond-15x5cm.aspx,/products/seleniet-schaal-rond-1
https://www.phoeniximport.com/nl/4/99240/seleniet-satijn-hartvorm-schaal-12x12x3cm.aspx,/products/seleniet-satijn-hartvorm-schaal
https://www.phoeniximport.com/nl/4/99243/seleniet-schaal-bloem-10x3cm.aspx,/products/seleniet-schaal-bloem
https://www.phoeniximport.com/nl/4/99244/seleniet-schaal-blad-10x7x25cm.aspx,/products/seleniet-schaal-blad
https://www.phoeniximport.com/nl/4/99246/seleniet-perzik-plaat-rond-gegraveerd-12cm.aspx,/products/seleniet-perzik-plaat-rond-gegraveerd
https://www.phoeniximport.com/nl/4/99251/seleniet-schaal-stervorm-10x25cm.aspx,/products/seleniet-schaal-stervorm
https://www.phoeniximport.com/nl/4/99255/seleniet-oplaadplaat-12cm.aspx,/products/seleniet-oplaadplaat
https://www.phoeniximport.com/nl/4/99258/seleniet-schaal-rond-12x35cm.aspx,/products/seleniet-schaal-rond-1
https://www.phoeniximport.com/nl/4/99259/marokkaanse-onyx-schaal-11x3cm.aspx,/products/marokkaanse-onyx-schaal
https://www.phoeniximport.com/nl/4/99263/calciet-geode-ongebroken-20-24-stuks-30-50g-pkg.aspx,/products/calciet-geode-ongebroken-20-24-stuks
https://www.phoeniximport.com/nl/4/99264/calciet-geode-ongebroken-10-12-stuks-50-100g-pkg.aspx,/products/calciet-geode-ongebroken-10-12-stuks
https://www.phoeniximport.com/nl/4/99265/calciet-geode-ongebroken-5-6-stuks-100-200g-pkg.aspx,/products/calciet-geode-ongebroken-5-6-stuks
https://www.phoeniximport.com/nl/4/99267/calciet-geode-ongebroken-2-3-stuks-350-450g-pkg.aspx,/products/calciet-geode-ongebroken-2-3-stuks
https://www.phoeniximport.com/nl/4/99268/calciet-geode-gebroken-56g.aspx,/products/calciet-geode-gebroken-20-24-stuks
https://www.phoeniximport.com/nl/4/99271/calciet-geode-gebroken-288g.aspx,/products/calciet-geode-gebroken-3-4-stuks
https://www.phoeniximport.com/nl/4/99272/calciet-geode-gebroken-418g.aspx,/products/calciet-geode-gebroken-2-3-stuks
https://www.phoeniximport.com/nl/4/99277/marmeren-hartvormige-plaat-met-fossielen-14x14x25cm-450g.aspx,/products/marmeren-hartvormige-plaat-met-fossielen
https://www.phoeniximport.com/nl/4/99278/seleniet-staand-hart-8cm.aspx,/products/seleniet-staand-hart
https://www.phoeniximport.com/nl/4/99282/seleniet-kom-maanfasen-15x8x3cm.aspx,/products/seleniet-kom-maanfasen
https://www.phoeniximport.com/nl/4/99283/seleniet-staande-maan-12cm.aspx,/products/seleniet-staande-maan
https://www.phoeniximport.com/nl/4/99284/seleniet-spiraal-toren-10cm.aspx,/products/seleniet-spiraal-toren-1
https://www.phoeniximport.com/nl/4/99286/seleniet-staven-500g-6-8cm.aspx,/products/seleniet-staven-3
https://www.phoeniximport.com/nl/4/99287/seleniet-staven-500g-8-10cm.aspx,/products/seleniet-staven-2
https://www.phoeniximport.com/nl/4/99288/seleniet-staven-500g-12-15cm.aspx,/products/seleniet-staven-1
https://www.phoeniximport.com/nl/4/99289/seleniet-staven--500g-16-20cm.aspx,/products/seleniet-staven
https://www.phoeniximport.com/nl/4/14970/engelbeeldje-marmer-wit-552-g-135-cm.aspx,/products/engelbeeldje-marmer-wit
https://www.phoeniximport.com/nl/4/15013/wierookbrander-pentagram-grijs-zeef-85x9-cm.aspx,/products/wierookbrander-pentagram-grijs-zeef
https://www.phoeniximport.com/nl/4/15014/wierookbrander-pentagram-zeepsteen-zwart-zeef-85x9-cm.aspx,/products/wierookbrander-pentagram-zeepsteen-zwart-zeef
https://www.phoeniximport.com/nl/4/15015/wierookbrander-levensboom-wit-marmer-76x76x88cm.aspx,/products/wierookbrander-levensboom-wit-marmer
https://www.phoeniximport.com/nl/4/15016/wierookbrander-bloem-des-levens-wit-marmer-76x76x88cm.aspx,/products/wierookbrander-bloem-des-levens-wit-marmer
https://www.phoeniximport.com/nl/4/15029/wierook-en-kegeltjes-brander-ohm-zeepsteen-10-cm.aspx,/products/wierook-en-kegeltjes-brander-ohm-zeepsteen
https://www.phoeniximport.com/nl/4/15041/wierookbakje-zwart-zeepsteen-ohm-witte-steentjes-10x6cm.aspx,/products/wierookbakje-zwart-zeepsteen-ohm-witte-steentjes
https://www.phoeniximport.com/nl/4/15066/wierookbrander-zeepsteen-zwart-met-mandala-105-cm.aspx,/products/wierookbrander-zeepsteen-zwart-met-mandala
https://www.phoeniximport.com/nl/4/16240/wierookbrander-wit-ohm-in-zwart-zeepsteen-schotel-10-cm.aspx,/products/wierookbrander-wit-ohm-in-zwart-zeepsteen-schotel
https://www.phoeniximport.com/nl/4/16823/wierookbrander-yin-yang-zeepsteen-10-cm.aspx,/products/wierookbrander-yin-yang-zeepsteen
https://www.phoeniximport.com/nl/4/16824/wierookbrander-zwart-zeepsteen-regenboog-10-cm.aspx,/products/wierookbrander-zwart-zeepsteen-regenboog
https://www.phoeniximport.com/nl/4/17121/wierookbrander-zandsteen-bloem-des-levens-10x10-cm.aspx,/products/wierookbrander-zandsteen-bloem-des-levens
https://www.phoeniximport.com/nl/4/17124/wierookbrander-zandsteen-ohm-10x10cm.aspx,/products/wierookbrander-zandsteen-ohm
https://www.phoeniximport.com/nl/4/1701/wierookhars-benzoin-75-g.aspx,/products/wierookhars-benzoin
https://www.phoeniximport.com/nl/4/1702/wierookhars-cinnamon-orange-30-g.aspx,/products/wierookhars-cinnamon-orange
https://www.phoeniximport.com/nl/4/1705/wierookhars-frankincense-60-g.aspx,/products/wierookhars-frankincense
https://www.phoeniximport.com/nl/4/1706/wierookhars-gum-copal-60-g.aspx,/products/wierookhars-gum-copal
https://www.phoeniximport.com/nl/4/1709/wierookhars-jerusalem-60-g.aspx,/products/wierookhars-jerusalem
https://www.phoeniximport.com/nl/4/1710/wierookhars-meditation-10-g.aspx,/products/wierookhars-meditation-1
https://www.phoeniximport.com/nl/4/1717/wierookhars-sandalwood-30-g.aspx,/products/wierookhars-sandalwood
https://www.phoeniximport.com/nl/4/1724/wierookhars-chakra-energy-60-g.aspx,/products/wierookhars-chakra-energy
https://www.phoeniximport.com/nl/4/1725/wierookhars-dragons-blood-60-g.aspx,/products/wierookhars-dragons-blood-1
https://www.phoeniximport.com/nl/4/1726/wierookhars-egyptian-musk-60-g.aspx,/products/wierookhars-egyptian-musk
https://www.phoeniximport.com/nl/4/1730/wierookhars-kamasutra-70-g.aspx,/products/wierookhars-kamasutra
https://www.phoeniximport.com/nl/4/1733/wierookhars-nag-champa-30-g.aspx,/products/wierookhars-nag-champa
https://www.phoeniximport.com/nl/4/1737/wierookhars-myrrh-60-g.aspx,/products/wierookhars-myrrh
https://www.phoeniximport.com/nl/4/1739/wierookhars-patchouli-amber-40-g.aspx,/products/wierookhars-patchouli-amber
https://www.phoeniximport.com/nl/4/17528/display-set-kruidenwierook-zonder-bamboe-met-houder-4720-g.aspx,/products/display-set-kruidenwierook-zonder-bamboe-met-houder
https://www.phoeniximport.com/nl/4/17529/kruidenwierook-zonder-bamboe-met-houder-harmonie-34-g.aspx,/products/kruidenwierook-zonder-bamboe-met-houder-harmonie
https://www.phoeniximport.com/nl/4/17530/kruidenwierook-zonder-bamboe-met-houder-energie-34-g.aspx,/products/kruidenwierook-zonder-bamboe-met-houder-energie
https://www.phoeniximport.com/nl/4/17531/kruidenwierook-zonder-bamboe-met-houder-sereniteit-34-g.aspx,/products/kruidenwierook-zonder-bamboe-met-houder-sereniteit
https://www.phoeniximport.com/nl/4/17532/kruidenwierook-zonder-bamboe-met-houder-wellness-34-g.aspx,/products/kruidenwierook-zonder-bamboe-met-houder-wellness
https://www.phoeniximport.com/nl/4/17533/kruidenwierook-zonder-bamboe-met-houder-overvloed-34-g.aspx,/products/kruidenwierook-zonder-bamboe-met-houder-overvloed
https://www.phoeniximport.com/nl/4/17534/kruidenwierook-zonder-bamboe-met-houder-compassie-34-g.aspx,/products/kruidenwierook-zonder-bamboe-met-houder-betrokkenheid
https://www.phoeniximport.com/nl/4/17535/kruidenwierook-zonder-bamboe-met-houder-meditatie-34-g.aspx,/products/kruidenwierook-zonder-bamboe-met-houder-meditatie
https://www.phoeniximport.com/nl/4/17536/kruidenwierook-zonder-bamboe-met-houder-gezondheid-34-g.aspx,/products/kruidenwierook-zonder-bamboe-met-houder-gezondheid
https://www.phoeniximport.com/nl/4/17537/kruidenwierook-zonder-bamboe-met-houder-vreugde-34-g.aspx,/products/kruidenwierook-zonder-bamboe-met-houder-vreugde
https://www.phoeniximport.com/nl/4/17538/kruidenwierook-zonder-bamboe-met-houder-sensualiteit-34-g.aspx,/products/kruidenwierook-zonder-bamboe-met-houder-sensualiteit
https://www.phoeniximport.com/nl/4/17539/kruidenwierook-zonder-bamboe-met-houder-zoetheid-34-g.aspx,/products/kruidenwierook-zonder-bamboe-met-houder-zoetheid
https://www.phoeniximport.com/nl/4/17540/kruidenwierook-zonder-bamboe-met-houder-geluk-34-g.aspx,/products/kruidenwierook-zonder-bamboe-met-houder-geluk
https://www.phoeniximport.com/nl/4/17711/wierookhars-dragons-blood-90-g-bulk-1955.aspx,/products/wierookhars-dragons-blood-2
https://www.phoeniximport.com/nl/4/17714/nag-champa-wierook-poeder-40-g-bulk-1953.aspx,/products/nag-champa-wierook-poeder-1
https://www.phoeniximport.com/nl/4/17880/wierookhars-dragons-blood-1000g.aspx,/products/wierookhars-dragons-blood
https://www.phoeniximport.com/nl/4/3360/wierook-masala-bodhi-sutra-15-g.aspx,/products/wierook-masala-bodhi-sutra
https://www.phoeniximport.com/nl/4/3361/wierook-masala-samsara-15-g.aspx,/products/wierook-masala-samsara
https://www.phoeniximport.com/nl/4/3362/wierook-masala-yoga-mantra-15-g.aspx,/products/wierook-masala-yoga-mantra
https://www.phoeniximport.com/nl/4/3363/wierook-masala-moksha-bliss-15-g.aspx,/products/wierook-masala-moksha-bliss
https://www.phoeniximport.com/nl/4/3364/wierook-masala-om-ritual-15-g.aspx,/products/wierook-masala-om-ritual
https://www.phoeniximport.com/nl/4/6245/masala-wierook-dragons-blood-15-g.aspx,/products/masala-wierook-dragons-blood
https://www.phoeniximport.com/nl/4/6314/masala-wierook-nag-champa-15-g.aspx,/products/masala-wierook-nag-champa
https://www.phoeniximport.com/nl/4/6315/masala-wierook-witte-salie-15-g.aspx,/products/masala-wierook-witte-salie
https://www.phoeniximport.com/nl/4/6320/masala-wierook-sandelhout-15-g.aspx,/products/masala-wierook-sandelhout
https://www.phoeniximport.com/nl/4/6321/masala-wierook-frankincense-15-g.aspx,/products/masala-wierook-frankincense
https://www.phoeniximport.com/nl/4/6322/masala-wierook-patchouli-15-g.aspx,/products/masala-wierook-patchouli
https://www.phoeniximport.com/nl/4/6323/masala-wierook-jasmijn-15-g.aspx,/products/masala-wierook-jasmijn
https://www.phoeniximport.com/nl/4/6324/masala-wierook-arabische-oudh-15-g.aspx,/products/masala-wierook-arabische-oudh
https://www.phoeniximport.com/nl/4/64570/organic-goodness-arabian-oudh-wierookkegels-houder-72g.aspx,/products/organic-goodness-arabian-oudh-wierookkegels-houder
https://www.phoeniximport.com/nl/4/64571/organic-goodness-dragons-blood-wierookkegels-houder-72-g.aspx,/products/organic-goodness-dragons-blood-wierookkegels-houder
https://www.phoeniximport.com/nl/4/64572/organic-goodness-frankincense-wierookkegels-houder-72g.aspx,/products/organic-goodness-frankincense-wierookkegels-houder
https://www.phoeniximport.com/nl/4/64573/organic-goodness-jasmijn-wierookkegels-houder-72-g.aspx,/products/organic-goodness-jasmijn-wierookkegels-houder
https://www.phoeniximport.com/nl/4/64574/organic-goodness-nag-champa-wierookkegels-houder-72g.aspx,/products/organic-goodness-nag-champa-wierookkegels-houder
https://www.phoeniximport.com/nl/4/64575/organic-goodness-sandelhout-wierookkegels-houder-72g.aspx,/products/organic-goodness-sandelhout-wierookkegels-houder
https://www.phoeniximport.com/nl/4/64576/organic-goodness-witte-salie-wierookkegels-houder-72g.aspx,/products/organic-goodness-witte-salie-wierookkegels-houder
https://www.phoeniximport.com/nl/4/64629/organic-goodness-patchouli-wierookkegels-houder-72g.aspx,/products/organic-goodness-patchouli-wierookkegels-houder
https://www.phoeniximport.com/nl/4/64683/dragons-blood-natuurlijke-backflow-wierookkegels-24g.aspx,/products/dragons-blood-natuurlijke-backflow-wierookkegels
https://www.phoeniximport.com/nl/4/64684/frankincense-natuurlijke-backflow-wierookkegels-24-g.aspx,/products/frankincense-natuurlijke-backflow-wierookkegels
https://www.phoeniximport.com/nl/4/64685/jasmijn-natuurlijke-backflow-wierookkegels-24-g.aspx,/products/jasmijn-natuurlijke-backflow-wierookkegels
https://www.phoeniximport.com/nl/4/64687/arabische-oudh-natuurlijke-backflow-wierookkegels-24g.aspx,/products/arabische-oudh-natuurlijke-backflow-wierookkegels
https://www.phoeniximport.com/nl/4/64688/patchouli-natuurlijke-backflow-wierookkegels-24-g.aspx,/products/patchouli-natuurlijke-backflow-wierookkegels
https://www.phoeniximport.com/nl/4/64689/sandelhout-natuurlijke-backflow-wierookkegels-24-g.aspx,/products/sandelhout-natuurlijke-backflow-wierookkegels
https://www.phoeniximport.com/nl/4/64690/witte-salie-natuurlijke-backflow-wierookkegels-24-g.aspx,/products/witte-salie-natuurlijke-backflow-wierookkegels
https://www.phoeniximport.com/nl/4/64691/nag-champa-natuurlijke-backflow-wierookkegels-24g.aspx,/products/nag-champa-natuurlijke-backflow-wierookkegels
https://www.phoeniximport.com/nl/4/64743/masala-wierook-palo-santo-15g.aspx,/products/masala-wierook-palo-santo
https://www.phoeniximport.com/nl/4/64744/organic-goodness-palo-santo-wierookkegels-houder-72g.aspx,/products/organic-goodness-palo-santo-wierookkegels-houder
https://www.phoeniximport.com/nl/4/64745/palo-santo-natuurlijke-backflow-wierookkegels-24g.aspx,/products/palo-santo-natuurlijke-backflow-wierookkegels
https://www.phoeniximport.com/nl/4/64767/wierook-moonshine-yoga-moonlit-jasmine-22-g.aspx,/products/wierook-moonshine-yoga-moonlit-jasmine
https://www.phoeniximport.com/nl/4/64768/wierook-moonshine-yoga-tranquil-woods-22-g.aspx,/products/wierook-moonshine-yoga-tranquil-woods
https://www.phoeniximport.com/nl/4/64769/wierook-moonshine-yoga-celestial-sage-22-g.aspx,/products/wierook-moonshine-yoga-celestial-sage
https://www.phoeniximport.com/nl/4/64770/wierook-moonshine-yoga-aqua-zen-22g.aspx,/products/wierook-moonshine-yoga-aqua-zen
https://www.phoeniximport.com/nl/4/64787/wierook-celestial-magic-evil-eye-protection-15-sticks.aspx,/products/wierook-celestial-magic-evil-eye-protection
https://www.phoeniximport.com/nl/4/64788/wierook-celestial-magic-love-potion-15-sticks.aspx,/products/wierook-celestial-magic-love-potion
https://www.phoeniximport.com/nl/4/64789/wierook-celestial-magic-magical-vibes-15-sticks.aspx,/products/wierook-celestial-magic-magical-vibes
https://www.phoeniximport.com/nl/4/64790/wierook-celestial-magic-moondust-spell-15-sticks.aspx,/products/wierook-celestial-magic-moondust-spell
https://www.phoeniximport.com/nl/4/64791/wierookkegels-celestial-magic-evil-eye-protection-30gr.aspx,/products/wierookkegels-celestial-magic-evil-eye-protection
https://www.phoeniximport.com/nl/4/64792/wierookkegels-celestial-magic-love-potion-30gr.aspx,/products/wierookkegels-celestial-magic-love-potion
https://www.phoeniximport.com/nl/4/64793/wierookkegels-celestial-magic-magical-vibes-30gr.aspx,/products/wierookkegels-celestial-magic-magical-vibes
https://www.phoeniximport.com/nl/4/64794/wierookkegels-celestial-magic-moondust-spell-30gr.aspx,/products/wierookkegels-celestial-magic-moondust-spell
https://www.phoeniximport.com/nl/4/64795/wierook-celestial-magic-evil-eye-protection-wierookbrander-40gr.aspx,/products/wierook-celestial-magic-evil-eye-protection-wierookbrander
https://www.phoeniximport.com/nl/4/64796/wierook-celestial-magic-love-potion-wierookbrander-40gr.aspx,/products/wierook-celestial-magic-love-potion-wierookbrander
https://www.phoeniximport.com/nl/4/64797/wierook-celestial-magic-magical-vibes-wierookbrander-40gr.aspx,/products/wierook-celestial-magic-magical-vibes-wierookbrander
https://www.phoeniximport.com/nl/4/64798/wierook-celestial-magic-moondust-spell-wierookbrander-40gr.aspx,/products/wierook-celestial-magic-moondust-spell-wierookbrander
https://www.phoeniximport.com/nl/4/64807/wierookhouder-celestial-magic-evil-eye-protection-.aspx,/products/wierookhouder-celestial-magic-evil-eye-protection
https://www.phoeniximport.com/nl/4/64808/wierookhouder-celestial-magic-love-potion-.aspx,/products/wierookhouder-celestial-magic-love-potion
https://www.phoeniximport.com/nl/4/64809/wierookhouder-celestial-magic-magical-vibes-.aspx,/products/wierookhouder-celestial-magic-magical-vibes
https://www.phoeniximport.com/nl/4/64810/wierookhouder-celestial-magic-moondust-spell-.aspx,/products/wierookhouder-celestial-magic-moondust-spell
https://www.phoeniximport.com/nl/4/64854/carnatia-starry-spell-wierook-celestial-renewal-20-stokjes.aspx,/products/new-314
https://www.phoeniximport.com/nl/4/64855/carnatia-starry-spell-wierook-cosmic-bloom-20-stokjes.aspx,/products/new-307
https://www.phoeniximport.com/nl/4/64856/carnatia-starry-spell-wierook-divine-goddess-20-stokjes.aspx,/products/new-300
https://www.phoeniximport.com/nl/4/64857/carnatia-starry-spell-wierook-lunar-magic-20-stokjes.aspx,/products/new-292
https://www.phoeniximport.com/nl/4/64858/carnatia-starry-spell-wierook-sacred-shield-20-stokjes.aspx,/products/new-285
https://www.phoeniximport.com/nl/4/64859/carnatia-starry-spell-wierook-timeless-cosmos-20-stokjes.aspx,/products/new-278
https://www.phoeniximport.com/nl/4/64892/wierook-masala-raas-leela-15-g.aspx,/products/new-324
https://www.phoeniximport.com/nl/4/9641/raamsticker-bloem-des-levens-14-cm.aspx,/products/raamsticker-bloem-des-levens-1
https://www.phoeniximport.com/nl/4/9656/raamsticker-genezende-handen-mandala-14-cm.aspx,/products/raamsticker-genezende-handen-mandala
https://www.phoeniximport.com/nl/4/9657/raamsticker-levende-energie-mandala-14-cm.aspx,/products/raamsticker-levende-energie-mandala
https://www.phoeniximport.com/nl/4/9655/raamsticker-blauwe-om-mandala-14-cm.aspx,/products/raamsticker-blauwe-om-mandala
https://www.phoeniximport.com/nl/4/9660/raamsticker-dansende-ganesha-155-cm.aspx,/products/raamsticker-dansende-ganesha
https://www.phoeniximport.com/nl/4/9665/raamsticker-zon-maan-12-cm.aspx,/products/raamsticker-zon-maan
https://www.phoeniximport.com/nl/4/9664/raamsticker-magic-unicorn-14-cm.aspx,/products/raamsticker-magic-unicorn
https://www.phoeniximport.com/nl/4/9639/raamsticker-kosmische-ohm-14-cm.aspx,/products/raamsticker-kosmische-ohm
https://www.phoeniximport.com/nl/4/9640/raamsticker-aarde-mandala-14-cm.aspx,/products/raamsticker-aarde-mandala
https://www.phoeniximport.com/nl/4/9643/raamsticker-gouden-zon-14-cm.aspx,/products/raamsticker-gouden-zon
https://www.phoeniximport.com/nl/4/9645/raamsticker-lotushart-mandala-14-cm.aspx,/products/raamsticker-lotushart-mandala
https://www.phoeniximport.com/nl/4/9648/raamsticker-tibetaanse-voorspoedbrengende-symbolen-14-cm.aspx,/products/raamsticker-tibetaanse-voorspoedbrengende-symbolen
https://www.phoeniximport.com/nl/4/9649/raamsticker-levensboom-14-cm.aspx,/products/raamsticker-levensboom
https://www.phoeniximport.com/nl/4/9669/raamsticker-zonnestraal-mandala-135cm.aspx,/products/raamsticker-zonnestraal-mandala
https://www.phoeniximport.com/nl/4/9670/raamsticker-yin-yang-mandala-135cm.aspx,/products/raamsticker-yin-yang-mandala
https://www.phoeniximport.com/nl/4/9674/raamsticker-medicijn-boeddha-mandala-15cm.aspx,/products/raamsticker-medicijn-boeddha-mandala
https://www.phoeniximport.com/nl/4/9653/raamsticker-bloem-des-levens-mandala-2x6-cm.aspx,/products/raamsticker-bloem-des-levens-mandala
https://www.phoeniximport.com/nl/4/17382/metalen-sticker-hartjes-goud-4x-4cm.aspx,/products/new-32
https://www.phoeniximport.com/nl/4/17389/metalen-sticker-maanfasen-goud-4x-4cm.aspx,/products/new-23
https://www.phoeniximport.com/nl/4/17383/metalen-sticker-engel-goud-4x-35cm.aspx,/products/new-30
https://www.phoeniximport.com/nl/4/17385/metalen-sticker-fatimas-hand-goud-4x-35cm.aspx,/products/new-26
https://www.phoeniximport.com/nl/4/17390/metalen-sticker-godin-goud-4x-25cm.aspx,/products/new-22
https://www.phoeniximport.com/nl/4/17384/metalen-sticker-yin-yang-goud-4x-4cm.aspx,/products/new-28
https://www.phoeniximport.com/nl/4/17388/metalen-sticker-ganesha-goud-4x-25cm.aspx,/products/new-24
https://www.phoeniximport.com/nl/4/17387/metalen-sticker-mandala-goud-7cm.aspx,/products/new-20
https://www.phoeniximport.com/nl/4/17386/metalen-sticker-boeddha-goud-4x-35cm.aspx,/products/new-25
https://www.phoeniximport.com/nl/4/17391/metalen-sticker-levensboom-goud-4x-4cm.aspx,/products/new-21
https://www.phoeniximport.com/nl/4/1320/wierook-darshan-20-g.aspx,/products/wierook-darshan
https://www.phoeniximport.com/nl/4/1346/wierook-lotus-hexagram-pak-20-g.aspx,/products/wierook-lotus-hexagram-pak
https://www.phoeniximport.com/nl/4/1366/wierook-jasmijn-hexagram-pak-20-g.aspx,/products/wierook-jasmijn-hexagram-pak
https://www.phoeniximport.com/nl/4/1383/wierook-dragon-blood-drakenbloed-hexagram-pak-20-g.aspx,/products/wierook-dragon-blood-drakenbloed-hexagram-pak
https://www.phoeniximport.com/nl/4/1385/wierook-mirre-hexagram-pak-20-g.aspx,/products/wierook-mirre-hexagram-pak
https://www.phoeniximport.com/nl/4/1402/wierook-palo-santo-hexagram-pak-20-g.aspx,/products/wierook-palo-santo-hexagram-pak
https://www.phoeniximport.com/nl/4/1328/wierook-spiritual-guide-10-g.aspx,/products/wierook-spiritual-guide
https://www.phoeniximport.com/nl/4/1343/wierook-spiritual-guide-hexagramverpakking-20-g.aspx,/products/wierook-spiritual-guide-hexagramverpakking
https://www.phoeniximport.com/nl/4/1348/wierook-opium-hexagram-pak-20-g.aspx,/products/wierook-opium-hexagram-pak
https://www.phoeniximport.com/nl/4/1350/wierook-eucalyptus-hexagram-pak-20-g.aspx,/products/wierook-eucalyptus-hexagram-pak
https://www.phoeniximport.com/nl/4/1351/wierook-patchouli-hexagram-pak-20-g.aspx,/products/wierook-patchouli-hexagram-pak
https://www.phoeniximport.com/nl/4/1358/wierook-sandelhout-hexagram-pak-20-g.aspx,/products/wierook-sandelhout-hexagram-pak
https://www.phoeniximport.com/nl/4/1363/wierook-roos-hexagram-pak-20-g.aspx,/products/wierook-roos-hexagram-pak
https://www.phoeniximport.com/nl/4/1386/wierook-witte-salie-hexagram-pak-20-g.aspx,/products/wierook-witte-salie-hexagram-pak
https://www.phoeniximport.com/nl/4/1324/wierook-stress-relief-hexagram-pak-20-g.aspx,/products/wierook-stress-relief-hexagram-pak
https://www.phoeniximport.com/nl/4/1400/wierook-vanille-hexagram-pak-20-g.aspx,/products/wierook-vanille-hexagram-pak
https://www.phoeniximport.com/nl/4/11119/wierook-india-opruimingsmix-2500-gr.aspx,/products/wierook-india-opruimingsmix
https://www.phoeniximport.com/nl/4/997/wierook-satya-rose-15-g.aspx,/products/wierook-satya-rose
https://www.phoeniximport.com/nl/4/16158/tibetaans-wierookpoeder-wijsheid-vermeerderend-130-140g.aspx,/products/tibetaans-wierookpoeder-wijsheid-vermeerderend
https://www.phoeniximport.com/nl/4/7181/sagrada-madre-premium-herbal-smudge-bombs-fortune-38g.aspx,/products/sagrada-madre-premium-herbal-smudge-bombs-fortune
https://www.phoeniximport.com/nl/4/7176/sagrada-madre-premium-smudge-bombs-welvaart-aantrekken-30g.aspx,/products/sagrada-madre-premium-smudge-bombs-welvaart-aantrekken
https://www.phoeniximport.com/nl/4/7180/sagrada-madre-premium-kruiden-smudge-bombs-harmonie-30g.aspx,/products/sagrada-madre-premium-kruiden-smudge-bombs-harmonie
https://www.phoeniximport.com/nl/4/7177/sagrada-madre-premium-smudge-bombs-mogelijkheden-openen-30g.aspx,/products/sagrada-madre-premium-smudge-bombs-mogelijkheden-openen
https://www.phoeniximport.com/nl/4/27464/wierook-ka-fuh-daphne-10-g.aspx,/products/wierook-ka-fuh-daphne
https://www.phoeniximport.com/nl/4/7268/sagrada-madre-sahumitos-smudge-roos-4x4x12cm.aspx,/products/incense-small-smugde-x1-rose
https://www.phoeniximport.com/nl/4/7244/sagrada-madre-wierookschijfjes-klassiek-56g.aspx,/products/new-sagrada-madre-wierook-disc-x-4-wierook-1
https://www.phoeniximport.com/nl/4/7107/sagrada-madre-palo-santo-wierook-met-jasmijn-30g.aspx,/products/sagrada-madre-palo-santo-wierook-met-jasmijn
https://www.phoeniximport.com/nl/4/7243/sagrada-madre-cosmos-smudge-bombs-80g.aspx,/products/new-sagrada-madre-cosmos-smudge-bombs-1
https://www.phoeniximport.com/nl/4/7121/sagrada-madre-kruiden-wierook-roos-olibanum-44g.aspx,/products/sagrada-madre-kruiden-wierook-roos-olibanum
https://www.phoeniximport.com/nl/4/3337/fiore-doriente-chakra-wierook-sahasrara-20g.aspx,/products/fiore-d-oriente-chakra-wierook-sahasrara
https://www.phoeniximport.com/nl/4/7255/sagrada-madre-palo-santo-stokje-met-witte-salie-20g.aspx,/products/new-sagrada-madre-palo-santo-stick-met-witte-salie
https://www.phoeniximport.com/nl/4/7250/sagrada-madre-natuurlijke-wierook-mirre-olibanum-30g.aspx,/products/new-sagrada-madre-myrrh-wierook-natural
https://www.phoeniximport.com/nl/4/19271/wierookhars-styrax-calamnitus-voordeelverpakking-200-g.aspx,/products/wierookhars-styrax-calamnitus-voordeelverpakking
https://www.phoeniximport.com/nl/4/19918/palo-santo-wanchako-wierookstaafjes-7-kruiden-doos-van-12-12x13-g.aspx,/products/palo-santo-wanchako-wierookstaafjes-7-kruiden-doos-van-12
https://www.phoeniximport.com/nl/4/98774/nippon-kodo-wierook-jasmijn-herb-earth-8-g.aspx,/products/nippon-kodo-wierook-jasmijn-herb-earth
https://www.phoeniximport.com/nl/4/98773/nippon-kodo-wierook-bergamot-herb-earth-8-g.aspx,/products/nippon-kodo-wierook-bergamot-herb-earth
https://www.phoeniximport.com/nl/4/98772/nippon-kodo-wierook-cederhout-herb-earth-8-g.aspx,/products/nippon-kodo-wierook-cederhout-herb-earth
https://www.phoeniximport.com/nl/4/98769/nippon-kodo-wierook-patchouli-herb-earth-8-g.aspx,/products/nippon-kodo-wierook-patchouli-herb-earth
https://www.phoeniximport.com/nl/4/7170/sagrada-madre-wierook-7-chakras-20g.aspx,/products/sagrada-madre-wierook-7-chakras
https://www.phoeniximport.com/nl/4/1003/wierook-satya-witte-salie-15-g.aspx,/products/wierook-satya-witte-salie
https://www.phoeniximport.com/nl/4/7201/sagrada-madre-sacred-line-wierook-spirituele-gids-38g.aspx,/products/sagrada-madre-sacred-line-wierook-spirituele-gids
https://www.phoeniximport.com/nl/4/103/viva-mainichi-koh-wierook-sandelhout-lang-35-g-22-cm.aspx,/products/viva-mainichi-koh-wierook-sandelhout-lang
https://www.phoeniximport.com/nl/4/1660/wierookhars-mirre-ethiopi-80g.aspx,/products/wierookhars-mirre-ethiopie
https://www.phoeniximport.com/nl/4/38459/kayuragi-wierook-japanse-cypres-40-g-14-cm.aspx,/products/kayuragi-wierook-japanse-cypres
https://www.phoeniximport.com/nl/4/1653/wierookhars-basilica-80g.aspx,/products/wierookhars-basilica
https://www.phoeniximport.com/nl/4/1002/wierook-satya-vanille-15-g.aspx,/products/wierook-satya-vanille
https://www.phoeniximport.com/nl/4/3299/wierook-ayurvedische-masala-relaxation-10-g.aspx,/products/wierook-ayurvedische-masala-relaxation
https://www.phoeniximport.com/nl/4/19151/dorje-bel-met-ganesha-en-ohm-l-11x21cm.aspx,/products/dorje-bel-met-ganesha-en-ohm-l
https://www.phoeniximport.com/nl/4/38464/scentsual-bitter-roze-gember-wierook-11g.aspx,/products/scentsual-bitter-roze-gember-wierook
https://www.phoeniximport.com/nl/4/403/wierookhars-benzo-sumatra-17-g.aspx,/products/wierookhars-benzoe-sumatra
https://www.phoeniximport.com/nl/4/3307/wierook-7-chakra-collectie-15-g.aspx,/products/wierook-7-chakra-collectie
https://www.phoeniximport.com/nl/4/98714/wierook-morning-star-lotus-20-g.aspx,/products/wierook-morning-star-lotus
https://www.phoeniximport.com/nl/4/3464/fiore-doriente-engelen-wierook-full-set-50g.aspx,/products/fiore-doriente-engelen-wierook-full-set
https://www.phoeniximport.com/nl/4/183/wierook-morning-star-muskus-20-g.aspx,/products/wierook-morning-star-muskus
https://www.phoeniximport.com/nl/4/12695/himalaya-incense-frankincense-12x15g.aspx,/products/himalaya-incense-frankincense
https://www.phoeniximport.com/nl/4/7265/sagrada-madre-sahumitos-smudge-assorti-geurige-bloemen-per-5-in-displaydoos-18x4x12cm.aspx,/products/incense-small-smugd-x5-assorted-and-aromatic-flowers
https://www.phoeniximport.com/nl/4/12806/touwwierook-6e-chakra-intutie-helderheid-15cm-35g.aspx,/products/touwwierook-6e-chakra-intuitie-helderheid
https://www.phoeniximport.com/nl/4/7269/sagrada-madre-sahumitos-smudge-witte-salie-4x4x12cm.aspx,/products/incense-small-smugde-x1-withe-sage
https://www.phoeniximport.com/nl/4/7184/sagrada-madre-wierook-cadeaupakket-toermalijn-242g.aspx,/products/sagrada-madre-wierook-cadeaupakket-toermalijn
https://www.phoeniximport.com/nl/4/16157/tibetaans-wierookpoeder-millieu-zuiverend-130-140g.aspx,/products/tibetaans-wierookpoeder-millieu-zuiverend
https://www.phoeniximport.com/nl/4/7234/sagrada-madre-ritual-wierook-zelfliefde-40g.aspx,/products/new-sagrada-madre-ritual-lijn-wierook-own-love
https://www.phoeniximport.com/nl/4/7114/sagrada-madre-natuurlijke-wierook-copal-30g.aspx,/products/sagrada-madre-natuurlijke-wierook-copal
https://www.phoeniximport.com/nl/4/7241/sagrada-madre-sacred-line-wierook-meditatie-38g.aspx,/products/new-sagrada-madre-meditation-sacred-wierook-1
https://www.phoeniximport.com/nl/4/7271/sagrada-madre-sahumitos-smudge-mirre-palo-santo-4x4x12cm.aspx,/products/incense-small-smugde-x1-myrrh-palo-santo
https://www.phoeniximport.com/nl/4/7249/sagrada-madre-wierookschijfjes-lavendel-56g.aspx,/products/new-sagrada-madre-wierook-disc-x-4-lavendel
https://www.phoeniximport.com/nl/4/7228/sagrada-madre-ritual-wierook-cacao-40g.aspx,/products/new-sagrada-madre-ritual-lijn-wierook-cacao-1
https://www.phoeniximport.com/nl/4/169/wierook-morning-star-cederhout-70-g.aspx,/products/wierook-morning-star-cederhout-1
https://www.phoeniximport.com/nl/4/185/wierook-morning-star-jasmijn-20-g.aspx,/products/wierook-morning-star-jasmijn
https://www.phoeniximport.com/nl/4/3335/fiore-doriente-chakra-wierook-vishudda-20g.aspx,/products/fiore-d-oriente-chakra-wierook-vishudda
https://www.phoeniximport.com/nl/4/19441/wierookhars-copal-voordeelverpakking-500-g.aspx,/products/wierookhars-copal-voordeelverpakking
https://www.phoeniximport.com/nl/4/410/wierookhars-elemi-verpakt-in-plastic-zakje-16g.aspx,/products/wierookhars-elemi-verpakt-in-plastic-zakje
https://www.phoeniximport.com/nl/4/3265/wierook-marco-polos-treasures-white-sage-20-g.aspx,/products/wierook-marco-polos-treasures-white-sage
https://www.phoeniximport.com/nl/4/19814/palo-santo-heilig-hout-wierookkegeltjes-20x-70-g.aspx,/products/palo-santo-heilig-hout-wierookkegeltjes-20x
https://www.phoeniximport.com/nl/4/38406/kayuragi-wierook-granaatappel-40-g-14-cm.aspx,/products/kayuragi-wierook-granaatappel
https://www.phoeniximport.com/nl/4/1654/wierookhars-benzo-80g.aspx,/products/wierookhars-benzoe-1
https://www.phoeniximport.com/nl/4/986/wierook-satya-dragons-blood-15-g.aspx,/products/wierook-satya-dragons-blood
https://www.phoeniximport.com/nl/4/982/wierook-satya-palo-santo-15-g.aspx,/products/wierook-satya-palo-santo
https://www.phoeniximport.com/nl/4/19817/palo-santo-heilig-hout-wierook-granulaat-fijn-200-g.aspx,/products/palo-santo-heilig-hout-wierook-granulaat-fijn
https://www.phoeniximport.com/nl/4/1662/wierookhars-protection-80g.aspx,/products/wierookhars-protection
https://www.phoeniximport.com/nl/4/38458/kayuragi-wierook-kersenbloesem-40-g-14-cm.aspx,/products/kayuragi-wierook-kersenbloesem
https://www.phoeniximport.com/nl/4/3259/wierook-marco-polos-treasures-benzoin-siam-20-g.aspx,/products/wierook-marco-polos-treasures-benzoin-siam
https://www.phoeniximport.com/nl/4/64522/ayurvedische-witte-salie-backflow-wierookkegels-30-g.aspx,/products/ayurvedische-witte-salie-backflow-wierookkegels
https://www.phoeniximport.com/nl/4/1418/wierook-7-chakras-42-g.aspx,/products/wierook-7-chakras
https://www.phoeniximport.com/nl/4/427/wierook-india-16-g.aspx,/products/wierook-india
https://www.phoeniximport.com/nl/4/3248/wierook-angels-metatron-20-g.aspx,/products/wierook-angels-metatron
https://www.phoeniximport.com/nl/4/3304/wierook-ayurvedische-masala-patchouli-10-g.aspx,/products/wierook-ayurvedische-masala-patchouli
https://www.phoeniximport.com/nl/4/1050/wierook-golden-buddha-15-g.aspx,/products/wierook-golden-buddha
https://www.phoeniximport.com/nl/4/3253/wierook-angels-chamuel-20-g.aspx,/products/wierook-angels-chamuel
https://www.phoeniximport.com/nl/4/98766/nippon-kodo-wierook-matcha-herb-earth--8-g.aspx,/products/nippon-kodo-wierook-matcha-herb-earth
https://www.phoeniximport.com/nl/4/3250/wierook-angels-michael-20-g.aspx,/products/wierook-angels-michael
https://www.phoeniximport.com/nl/4/98580/takasago-hana-wierook-sandelhout-24g.aspx,/products/takasago-hana-wierook-sandelhout
https://www.phoeniximport.com/nl/4/7133/sagrada-madre-wierook-giftbox-relaxation-harmonization-110g.aspx,/products/sagrada-madre-wierook-giftbox-relaxation-harmonization
https://www.phoeniximport.com/nl/4/19191/wierookhars-protection-voordeelverpakking-500-g.aspx,/products/wierookhars-protection-voordeelverpakking
https://www.phoeniximport.com/nl/4/16178/tibetaans-wierookpoeder-lang-leven-blessing-130-140g.aspx,/products/tibetaans-wierookpoeder-lang-leven-blessing
https://www.phoeniximport.com/nl/4/19111/wierookhars-benzo-voordeelverpakking-500-g.aspx,/products/wierookhars-benzoe-voordeelverpakking
https://www.phoeniximport.com/nl/4/38463/scentsual-kalme-hinoki-munt-wierook-11g.aspx,/products/scentsual-kalme-hinoki-munt-wierook
https://www.phoeniximport.com/nl/4/7132/sagrada-madre-premium-7-chakra-smudge-bombs-58g.aspx,/products/sagrada-madre-premium-7-chakra-smudge-bombs
https://www.phoeniximport.com/nl/4/16160/tibetaans-wierookpoeder-aura-zuiverend-130-140g.aspx,/products/tibetaans-wierookpoeder-aura-zuiverend
https://www.phoeniximport.com/nl/4/7183/sagrada-madre-premium-kruiden-smudge-bombs-reiniging-36g.aspx,/products/sagrada-madre-premium-kruiden-smudge-bombs-reiniging
https://www.phoeniximport.com/nl/4/3256/wierook-marco-polos-treasures-dammar-20-g.aspx,/products/wierook-marco-polos-treasures-dammar
https://www.phoeniximport.com/nl/4/12697/himalaya-incense-vetiver-12x15g.aspx,/products/himalaya-incense-vetiver
https://www.phoeniximport.com/nl/4/3452/fiore-doriente-chakra-wierook-full-set-50g.aspx,/products/fiore-doriente-chakra-wierook-full-set
https://www.phoeniximport.com/nl/4/12805/touwwierook-5e-chakra-communicatie-15cm-35g.aspx,/products/touwwierook-5e-chakra-communicatie
https://www.phoeniximport.com/nl/4/16205/tibetaanse-shingkham-kun-khyab-wierook-groot-85-g-27-cm.aspx,/products/tibetaanse-shingkham-kun-khyab-wierook-groot
https://www.phoeniximport.com/nl/4/12802/touwwierook-2e-chakra-emotioneel-evenwicht-15cm-35g.aspx,/products/touwwierook-2e-chakra-emotioneel-evenwicht
https://www.phoeniximport.com/nl/4/3466/fiore-doriente-dhoop-wierook-olibanum-15g.aspx,/products/fiore-doriente-dhoop-wierook-olibanum
https://www.phoeniximport.com/nl/4/7117/sagrada-madre-natuurlijke-wierook-citronella-orange-palo-santo-30g.aspx,/products/sagrada-madre-natuurlijke-wierook-citronella-orange-palo-santo
https://www.phoeniximport.com/nl/4/3249/wierook-angels-uril-20-g.aspx,/products/wierook-angels-uriel
https://www.phoeniximport.com/nl/4/3305/wierook-ayurvedische-masala-roos-10-g.aspx,/products/wierook-ayurvedische-masala-roos
https://www.phoeniximport.com/nl/4/3306/wierook-ayurvedische-masala-yoga-10-g.aspx,/products/wierook-ayurvedische-masala-yoga
https://www.phoeniximport.com/nl/4/7253/sagrada-madre-palo-santo-stokje-met-kaneel-anijs-20g.aspx,/products/new-sagrada-madre-palo-santo-stick-met-kaneel-en-anijs
https://www.phoeniximport.com/nl/4/7108/sagrada-madre-palo-santo-wierook-met-vanille-30g.aspx,/products/sagrada-madre-palo-santo-wierook-met-vanille
https://www.phoeniximport.com/nl/4/7109/sagrada-madre-palo-santo-wierook-met-yagra-30g.aspx,/products/sagrada-madre-palo-santo-wierook-met-yagra
https://www.phoeniximport.com/nl/4/3334/fiore-doriente-chakra-wierook-anahata-20g.aspx,/products/fiore-d-oriente-chakra-wierook-anahata
https://www.phoeniximport.com/nl/4/3279/wierook-yoga-shakti--20-g.aspx,/products/wierook-yoga-shakti
https://www.phoeniximport.com/nl/4/16156/tibetaans-wierookpoeder-genezing-vermeerderend-130-140g.aspx,/products/tibetaans-wierookpoeder-genezing-vermeerderend
https://www.phoeniximport.com/nl/4/316/cederhout-rood-wierookkruid-4-g-30-ml.aspx,/products/cederhout-rood-wierookkruid
https://www.phoeniximport.com/nl/4/98184/kyara-eiju-wierook-agarhout-24g.aspx,/products/kyara-eiju-wierook-agarhout
https://www.phoeniximport.com/nl/4/338/sint-janskruid-wierookkruid-6-g-30-ml.aspx,/products/sint-janskruid-wierookkruid
https://www.phoeniximport.com/nl/4/318/chinese-kaneel-wierookkruid-18-g-30-ml.aspx,/products/chinese-kaneel-wierookkruid
https://www.phoeniximport.com/nl/4/19847/ispalla-wierook-palo-santo-jasmijn-13g.aspx,/products/ispalla-wierook-palo-santo-jasmijn
https://www.phoeniximport.com/nl/4/3280/wierook-yoga-shanti--20-g.aspx,/products/wierook-yoga-shanti
https://www.phoeniximport.com/nl/4/359/prairiesalie-wierookkruid-8-g-30-ml.aspx,/products/prairiesalie-wierookkruid
https://www.phoeniximport.com/nl/4/305/asa-foetida-wierookkruid-30-g-30-ml.aspx,/products/asa-foetida-wierookkruid
https://www.phoeniximport.com/nl/4/19201/wierookhars-purification-voordeelverpakking-500-g.aspx,/products/wierookhars-purification-voordeelverpakking
https://www.phoeniximport.com/nl/4/7248/sagrada-madre-wierookschijfjes-witte-salie-56g.aspx,/products/new-sagrada-madre-wierook-disc-x-4-witte-salie-1
https://www.phoeniximport.com/nl/4/1013/wierook-nag-champa-super-hit-15-g.aspx,/products/wierook-nag-champa-super-hit
https://www.phoeniximport.com/nl/4/3468/fiore-doriente-dhoop-wierook-sandelhout-15g.aspx,/products/fiore-doriente-dhoop-wierook-sandelhout
https://www.phoeniximport.com/nl/4/38461/scentsual-zoete-witte-salie-wierook-11g.aspx,/products/scentsual-zoete-witte-salie-wierook
https://www.phoeniximport.com/nl/4/7256/sagrada-madre-palo-santo-stokje-met-lavendel-20g.aspx,/products/new-sagrada-madre-palo-santo-stick-met-lavendel
https://www.phoeniximport.com/nl/4/184/wierook-morning-star-patchouli-20-g.aspx,/products/wierook-morning-star-patchouli-1
https://www.phoeniximport.com/nl/4/1027/wierook-golden-nag-meditation-15-g.aspx,/products/wierook-golden-nag-meditation
https://www.phoeniximport.com/nl/4/27414/wierook-ka-fuh-hinoki-cypress-10-g.aspx,/products/wierook-ka-fuh-hinoki-cypress
https://www.phoeniximport.com/nl/4/3465/fiore-doriente-feen-wierook-full-set-50g.aspx,/products/fiore-doriente-feeen-wierook-full-set
https://www.phoeniximport.com/nl/4/16161/tibetaans-wierookpoeder-mindfulness-130-140g.aspx,/products/tibetaans-wierookpoeder-mindfulness
https://www.phoeniximport.com/nl/4/7135/sagrada-madre-wierook-giftbox-prosperity-110g.aspx,/products/sagrada-madre-wierook-giftbox-prosperity
https://www.phoeniximport.com/nl/4/38404/kayuragi-wierook-osmanthus-40-g-14-cm.aspx,/products/kayuragi-wierook-osmanthus
https://www.phoeniximport.com/nl/4/421/wierookhars-grove-den-17-g.aspx,/products/wierookhars-grove-den
https://www.phoeniximport.com/nl/4/991/wierook-satya-musk-15-g.aspx,/products/wierook-satya-musk
https://www.phoeniximport.com/nl/4/3262/wierook-marco-polos-treasures-olibanum-arabia-20-g.aspx,/products/wierook-marco-polos-treasures-olibanum-arabia
https://www.phoeniximport.com/nl/4/1048/wierook-golden-nag-darshan-15-g.aspx,/products/wierook-golden-nag-darshan
https://www.phoeniximport.com/nl/4/3258/wierook-marco-polos-treasures-kampuram-30-g.aspx,/products/wierook-marco-polos-treasures-kampuram
https://www.phoeniximport.com/nl/4/1339/wierook-goloka-good-earth-15-g.aspx,/products/wierook-goloka-good-earth
https://www.phoeniximport.com/nl/4/98711/wierook-morning-star-groene-thee-20-g.aspx,/products/wierook-morning-star-groene-thee
https://www.phoeniximport.com/nl/4/12694/himalaya-incense-palo-santo-12x15g.aspx,/products/himalaya-incense-palo-santo
https://www.phoeniximport.com/nl/4/98710/wierook-morning-star-vanille-20-g.aspx,/products/wierook-morning-star-vanille
https://www.phoeniximport.com/nl/4/7264/sagrada-madre-sahumitos-smudge-copal-per-5-in-displaydoos-18x4x12cm.aspx,/products/incense-small-smugde-x5-copal
https://www.phoeniximport.com/nl/4/3469/fiore-doriente-dhoop-wierook-witte-salie-15g.aspx,/products/fiore-doriente-dhoop-wierook-witte-salie
https://www.phoeniximport.com/nl/4/98765/nippon-kodo-wierook-witte-salie-herb-earth--8-g.aspx,/products/nippon-kodo-wierook-witte-salie-herb-earth
https://www.phoeniximport.com/nl/4/3254/wierook-angels-raphael-20-g.aspx,/products/wierook-angels-raphael
https://www.phoeniximport.com/nl/4/7237/sagrada-madre-ritual-wierook-dankbaarheid-40g.aspx,/products/new-sagrada-madre-ritual-lijn-wierook-gratitud
https://www.phoeniximport.com/nl/4/98767/nippon-kodo-wierook-citroengras-herb-earth--8-g.aspx,/products/nippon-kodo-wierook-citroengras-herb-earth
https://www.phoeniximport.com/nl/4/3301/wierook-ayurvedische-masala-agarwood-10-g.aspx,/products/wierook-ayurvedische-masala-agarwood
https://www.phoeniximport.com/nl/4/1664/wierookhars-ritual-80g.aspx,/products/wierookhars-ritual
https://www.phoeniximport.com/nl/4/1440/wierookkegels-golden-nag-palo-santo-20g.aspx,/products/wierookkegels-golden-nag-palo-santo
https://www.phoeniximport.com/nl/4/7115/sagrada-madre-natuurlijke-wierook-yagra-30g.aspx,/products/sagrada-madre-natuurlijke-wierook-yagra
https://www.phoeniximport.com/nl/4/38465/scentsual-sprankelend-gouden-yuzu-wierook-11-g.aspx,/products/scentsual-sprankelend-gouden-yuzu-wierook
https://www.phoeniximport.com/nl/4/19261/sandelhout-200-gram-wierookkruid-200-g.aspx,/products/sandelhout-200-gram-wierookkruid
https://www.phoeniximport.com/nl/4/38467/scentsual-milde-palo-santo-wierook-11g.aspx,/products/scentsual-milde-palo-santo-wierook
https://www.phoeniximport.com/nl/4/7235/sagrada-madre-ritual-wierook-overvloed-40g.aspx,/products/new-sagrada-madre-ritual-lijn-wierook-abundance
https://www.phoeniximport.com/nl/4/3297/wierook-ayurvedische-masala-stress-relief-10-g.aspx,/products/wierook-ayurvedische-masala-stress-relief
https://www.phoeniximport.com/nl/4/98837/wierook-morning-star-palo-santo-20g.aspx,/products/wierook-morning-star-palo-santo-1
https://www.phoeniximport.com/nl/4/1040/wierook-satya-nag-champa-40-g.aspx,/products/wierook-satya-nag-champa-1
https://www.phoeniximport.com/nl/4/19101/stemvorken-set-human-organs-69x29-cm.aspx,/products/stemvorken-set-human-organs
https://www.phoeniximport.com/nl/4/7134/sagrada-madre-wierook-giftbox-protection-healing-110g.aspx,/products/sagrada-madre-wierook-giftbox-protection-healing
https://www.phoeniximport.com/nl/4/3295/wierook-ayurvedische-masala-meditatie-10-g.aspx,/products/wierook-ayurvedische-masala-meditatie
https://www.phoeniximport.com/nl/4/1038/wierook-golden-nag-patchouli-15-g.aspx,/products/wierook-golden-nag-patchouli
https://www.phoeniximport.com/nl/4/7230/sagrada-madre-ritual-wierook-zuivering-40g.aspx,/products/new-sagrada-madre-ritual-lijn-wierook-purification
https://www.phoeniximport.com/nl/4/98846/hana-no-hana-wierook-giftbox-rooslelieviooltje-40-g-55-cm.aspx,/products/hana-no-hana-wierook-giftbox-roos-lelie-viooltje
https://www.phoeniximport.com/nl/4/995/wierook-satya-pyramids-15-g.aspx,/products/wierook-satya-pyramids
https://www.phoeniximport.com/nl/4/7191/sagrada-madre-wierookkit-kleine-smudge-sacred-smoke-bescherming-38g.aspx,/products/sagrada-madre-wierookkit-kleine-smudge-sacred-smoke-bescherming
https://www.phoeniximport.com/nl/4/05713/sandelhout-backflow-wierookkegels-75-g.aspx,/products/sandelhout-backflow-wierookkegels
https://www.phoeniximport.com/nl/4/3331/fiore-doriente-chakra-wierook-muladhara-20g.aspx,/products/fiore-d-oriente-chakra-wierook-muladhara
https://www.phoeniximport.com/nl/4/186/wierook-morning-star-roos-20-g.aspx,/products/wierook-morning-star-roos
https://www.phoeniximport.com/nl/4/7113/sagrada-madre-natuurlijke-wierook-mirre-30g.aspx,/products/sagrada-madre-natuurlijke-wierook-mirre
https://www.phoeniximport.com/nl/4/3348/wierook-marco-polos-treasures-antistress-20-g.aspx,/products/wierook-marco-polos-treasures-antistress
https://www.phoeniximport.com/nl/4/7239/sagrada-madre-sacred-line-wierook-kundalini-38g.aspx,/products/new-sagrada-madre-kundalini-sacred-wierook-1
https://www.phoeniximport.com/nl/4/7233/sagrada-madre-ritual-wierook-stralen-40g.aspx,/products/new-sagrada-madre-ritual-lijn-wierook-shine
https://www.phoeniximport.com/nl/4/1336/wierook-goloka-nag-champa-15-g.aspx,/products/wierook-goloka-nag-champa
https://www.phoeniximport.com/nl/4/1655/wierookhars-cathedral-80g.aspx,/products/wierookhars-cathedral-1
https://www.phoeniximport.com/nl/4/3302/wierook-ayurvedische-masala-chandan-10-g.aspx,/products/wierook-ayurvedische-masala-chandan
https://www.phoeniximport.com/nl/4/3252/wierook-angels-hanil-20-g.aspx,/products/wierook-angels-haniel
https://www.phoeniximport.com/nl/4/7120/sagrada-madre-kruiden-wierook-witte-salie-44g.aspx,/products/sagrada-madre-kruiden-wierook-witte-salie
https://www.phoeniximport.com/nl/4/3251/wierook-angels-gabril-20-g.aspx,/products/wierook-angels-gabriel
https://www.phoeniximport.com/nl/4/381/palo-santo-wierook-stukjes-zakje-11gr.aspx,/products/palo-santo-wierook-stukjes-zakje
https://www.phoeniximport.com/nl/4/98733/wierook-morning-star-palo-santo-70g.aspx,/products/wierook-morning-star-palo-santo
https://www.phoeniximport.com/nl/4/7247/sagrada-madre-wierookschijfjes-palo-santo-56g.aspx,/products/new-sagrada-madre-wierook-disc-x-4-palo-santo-1
https://www.phoeniximport.com/nl/4/1004/wierook-satya-nag-champa-klassiek-staafjes-10-g.aspx,/products/wierook-satya-nag-champa-klassiek-staafjes
https://www.phoeniximport.com/nl/4/05712/palo-santo-backflow-wierookkegels-75-g.aspx,/products/palo-santo-backflow-wierookkegels
https://www.phoeniximport.com/nl/4/417/wierookhars-mirre-kenia-18-g.aspx,/products/wierookhars-mirre-kenia
https://www.phoeniximport.com/nl/4/1332/wierook-goloka-chandan-15-g.aspx,/products/wierook-goloka-chandan
https://www.phoeniximport.com/nl/4/407/wierookhars-copal-negro-16g.aspx,/products/wierookhars-copal-negro
https://www.phoeniximport.com/nl/4/1024/wierook-golden-nag-champa-15-g.aspx,/products/wierook-golden-nag-champa
https://www.phoeniximport.com/nl/4/1335/wierook-goloka-patchouli-15-g.aspx,/products/wierook-goloka-patchouli
https://www.phoeniximport.com/nl/4/7242/sagrada-madre-sacred-line-wierook-samadhi-38g.aspx,/products/new-sagrada-madre-samadhi-sacred-wierook-1
https://www.phoeniximport.com/nl/4/12801/touwwierook-1e-chakra-de-basis-15cm-35g.aspx,/products/touwwierook-1e-chakra-de-basis
https://www.phoeniximport.com/nl/4/12807/touwwierook-7e-chakra-spirituele-connectiviteit-15cm-35g.aspx,/products/touwwierook-7e-chakra-spirituele-connectiviteit
https://www.phoeniximport.com/nl/4/12692/himalaya-incense-blauwe-salie-12x15g.aspx,/products/himalaya-incense-blauwe-salie
https://www.phoeniximport.com/nl/4/7106/sagrada-madre-palo-santo-wierook-met-rozemarijn-30g.aspx,/products/sagrada-madre-palo-santo-wierook-met-rozemarijn
https://www.phoeniximport.com/nl/4/98753/nippon-kodo-wierook-sandelhout-herb-earth-8-g.aspx,/products/nippon-kodo-wierook-sandelhout-herb-earth
https://www.phoeniximport.com/nl/4/7232/sagrada-madre-ritual-wierook-energetische-zuivering-40g.aspx,/products/new-sagrada-madre-ritual-lijn-wierookenergetic-cleaning
https://www.phoeniximport.com/nl/4/12696/himalaya-incense-witte-lotus-12x15g.aspx,/products/himalaya-incense-witte-lotus
https://www.phoeniximport.com/nl/4/12803/touwwierook-3e-chakra-wilskracht-15cm-35g.aspx,/products/touwwierook-3e-chakra-wilskracht
https://www.phoeniximport.com/nl/4/1017/wierook-satya-natural-15-g.aspx,/products/wierook-satya-natural
https://www.phoeniximport.com/nl/4/98763/nippon-kodo-wierook-vanille-herb-earth-8-g.aspx,/products/nippon-kodo-wierook-vanille-herb-earth
https://www.phoeniximport.com/nl/4/1057/wierook-satya-nag-champa-15-g.aspx,/products/wierook-satya-nag-champa
https://www.phoeniximport.com/nl/4/98181/tokusen-sagano-wierook-36g.aspx,/products/tokusen-sagano-wierook
https://www.phoeniximport.com/nl/4/3450/fiore-doriente-chakra-wierook-probeerset-42g.aspx,/products/fiore-doriente-chakra-wierook-probeerset
https://www.phoeniximport.com/nl/4/3379/wierook-marco-polos-treasures-orange-spice-20-g.aspx,/products/wierook-marco-polos-treasures-orange-spice
https://www.phoeniximport.com/nl/4/171/meditatiemat-hoes-antraciet-biokatoen-gots-65x65x5cm-239g.aspx,/products/meditatiemat-hoes-antraciet-biokatoen-gots
https://www.phoeniximport.com/nl/4/7270/sagrada-madre-sahumitos-smudge-copal-4x4x12cm.aspx,/products/incense-small-smugde-x1-copal
https://www.phoeniximport.com/nl/4/1379/wierookkegels-nag-champa-super-hit-20-g.aspx,/products/wierookkegels-nag-champa-super-hit
https://www.phoeniximport.com/nl/4/181/meditatiemat-hoes-bordeaux-biokatoen-gots-65x65x5cm-239g.aspx,/products/meditatiemat-hoes-bordeaux-biokatoen-gots
https://www.phoeniximport.com/nl/4/999/wierook-satya-spiritual-healing-15-g.aspx,/products/wierook-satya-spiritual-healing
https://www.phoeniximport.com/nl/4/7185/sagrada-madre-wierookschijfjes-7-dagen-assorti-44g.aspx,/products/sagrada-madre-wierookschijfjes-7-dagen-assorti
https://www.phoeniximport.com/nl/4/7175/sagrada-madre-kruidenwierook-gaia-masala-blend-56g.aspx,/products/sagrada-madre-kruidenwierook-gaia-masala-blend
https://www.phoeniximport.com/nl/4/3264/wierook-marco-polos-treasures-olibanum-migiurtino-20-g.aspx,/products/wierook-marco-polos-treasures-olibanum-migiurtino
https://www.phoeniximport.com/nl/4/7172/sagrada-madre-natuurlijke-wierook-benzo-42g.aspx,/products/sagrada-madre-natuurlijke-wierook-benzoe
https://www.phoeniximport.com/nl/4/17881/nag-champa-wierook-poeder-1000g.aspx,/products/nag-champa-wierook-poeder
https://www.phoeniximport.com/nl/4/7240/sagrada-madre-sacred-line-wierook-yoga-38g.aspx,/products/new-sagrada-madre-yoga-sacred-wierook-1
https://www.phoeniximport.com/nl/4/7171/sagrada-madre-natuurlijke-wierook-amber-42g.aspx,/products/sagrada-madre-natuurlijke-wierook-amber
https://www.phoeniximport.com/nl/4/7246/sagrada-madre-wierookschijfjes-anijs-kaneel-rozemarijn-56g.aspx,/products/new-sagrada-madre-wierook-disc-x-4-anijs-kaneel-en-rozemarijn-1
https://www.phoeniximport.com/nl/4/7110/sagrada-madre-palo-santo-wierook-met-roos-30g.aspx,/products/sagrada-madre-palo-santo-wierook-met-roos
https://www.phoeniximport.com/nl/4/357/patchouli-bladeren-wierookkruid-6-g-30-ml.aspx,/products/patchouli-bladeren-wierookkruid
https://www.phoeniximport.com/nl/4/1001/wierook-satya-tulsi-15-g.aspx,/products/wierook-satya-tulsi
https://www.phoeniximport.com/nl/4/98835/wierook-morning-star-mirre-20-g.aspx,/products/wierook-morning-star-mirre-1
https://www.phoeniximport.com/nl/4/302/absint-alsem-wierookkruid-6-g-30-ml.aspx,/products/absint-alsem-wierookkruid
https://www.phoeniximport.com/nl/4/310/bijvoet-wierookkruid-6-g-30-ml.aspx,/products/bijvoet-wierookkruid
https://www.phoeniximport.com/nl/4/422/wierookhars-fijnspar-19g.aspx,/products/wierookhars-fijnspar
https://www.phoeniximport.com/nl/4/98732/wierook-morning-star-salie-70-g.aspx,/products/wierook-morning-star-salie-1
https://www.phoeniximport.com/nl/4/400/wierookhars-amber-barnsteen-16-g-30-ml.aspx,/products/wierookhars-amber-barnsteen
https://www.phoeniximport.com/nl/4/406/wierookhars-witte-copal-zakje-18g.aspx,/products/wierookhars-witte-copal-zakje
https://www.phoeniximport.com/nl/4/1032/wierook-golden-nag-forest-15-g.aspx,/products/wierook-golden-nag-forest
https://www.phoeniximport.com/nl/4/7252/sagrada-madre-palo-santo-stokje-met-citroengras-20g.aspx,/products/new-sagrada-madre-palo-santo-stick-met-citrioengras
https://www.phoeniximport.com/nl/4/1663/wierookhars-purification-80g.aspx,/products/wierookhars-purification
https://www.phoeniximport.com/nl/4/7238/sagrada-madre-ritual-wierook-bekrachtiging-40g.aspx,/products/new-sagrada-madre-ritual-lijn-wierook-empowerment
https://www.phoeniximport.com/nl/4/16151/tibetaans-wierookpoeder-compassie-vermeerderend-130-140g.aspx,/products/tibetaans-wierookpoeder-compassie-vermeerderend
https://www.phoeniximport.com/nl/4/19845/ispalla-wierook-palo-santo-rozen-13g.aspx,/products/ispalla-wierook-palo-santo-rozen
https://www.phoeniximport.com/nl/4/353/mirte-blad-wierookkruid-8-g-30-ml.aspx,/products/mirte-blad-wierookkruid
https://www.phoeniximport.com/nl/4/352/maretak-wierookkruid-12-g-30-ml.aspx,/products/maretak-wierookkruid
https://www.phoeniximport.com/nl/4/7227/sagrada-madre-ritual-wierook-volle-maan-40g.aspx,/products/new-sagrada-madre-ritual-lijn-wierook-full-moon-1
https://www.phoeniximport.com/nl/4/333/hyssop-wierookkruid-4g-30-ml.aspx,/products/hyssop-wierookkruid
https://www.phoeniximport.com/nl/4/317/cedernaalden-vs-wierookkruid-8-g-30-ml.aspx,/products/cedernaalden-vs-wierookkruid
https://www.phoeniximport.com/nl/4/306/echte-valeriaan-wierookkruid-14-g-30-ml.aspx,/products/echte-valeriaan-wierookkruid
https://www.phoeniximport.com/nl/4/312/bulgaarse-roos-wierookkruid-2-g-30-ml.aspx,/products/bulgaarse-roos-wierookkruid
https://www.phoeniximport.com/nl/4/7116/sagrada-madre-natuurlijke-wierook-rue-rozemarijn-frankincense-30g.aspx,/products/sagrada-madre-natuurlijke-wierook-rue-rozemarijn-frankincense
https://www.phoeniximport.com/nl/4/7254/sagrada-madre-palo-santo-stokje-met-palo-santo-chips-20g.aspx,/products/new-sagrada-madre-palo-santo-stick-met-palo-santo-chips
https://www.phoeniximport.com/nl/4/19161/wierookhars-meditation-voordeelverpakking-500-g.aspx,/products/wierookhars-meditation-voordeelverpakking
https://www.phoeniximport.com/nl/4/38462/scentsual-frisse-matcha-wierook-11g.aspx,/products/scentsual-frisse-matcha-wierook
https://www.phoeniximport.com/nl/4/19171/wierookhars-mirre-ethiopi-voordeelverpakking-500-g.aspx,/products/wierookhars-mirre-ethiopie-voordeelverpakking
https://www.phoeniximport.com/nl/4/19121/wierookhars-cathedral-voordeelverpakking-500-g.aspx,/products/wierookhars-cathedral-voordeelverpakking
https://www.phoeniximport.com/nl/4/7101/sagrada-madre-palo-santo-wierook-met-frankincense-30g.aspx,/products/sagrada-madre-palo-santo-wierook-met-frankincense
https://www.phoeniximport.com/nl/4/187/wierook-morning-star-cederhout-20-g.aspx,/products/wierook-morning-star-cederhout
https://www.phoeniximport.com/nl/4/16159/tibetaans-wierookpoeder-chakras-zuiverend-130-140g.aspx,/products/tibetaans-wierookpoeder-chakra-s-zuiverend
https://www.phoeniximport.com/nl/4/7119/sagrada-madre-kruiden-wierook-witte-olibanum-44g.aspx,/products/sagrada-madre-kruiden-wierook-witte-olibanum
https://www.phoeniximport.com/nl/4/3263/wierook-marco-polos-treasures-cinnamomum-20-g.aspx,/products/wierook-marco-polos-treasures-cinnamomum
https://www.phoeniximport.com/nl/4/992/wierook-satya-opium-15-g.aspx,/products/wierook-satya-opium
https://www.phoeniximport.com/nl/4/990/wierook-satya-meditation-15-g.aspx,/products/wierook-satya-meditation
https://www.phoeniximport.com/nl/4/1658/wierookhars-harmony-80g.aspx,/products/wierookhars-harmony
https://www.phoeniximport.com/nl/4/98731/wierook-morning-star-mirre-70-g.aspx,/products/wierook-morning-star-mirre
https://www.phoeniximport.com/nl/4/405/wierookhars-goud-copal-16g.aspx,/products/wierookhars-goud-copal
https://www.phoeniximport.com/nl/4/994/wierook-satya-positive-vibes-15-g.aspx,/products/wierook-satya-positive-vibes
https://www.phoeniximport.com/nl/4/98764/nippon-kodo-wierook-frankincense-herb-earth-8-g.aspx,/products/nippon-kodo-wierook-frankincense-herb-earth
https://www.phoeniximport.com/nl/4/12691/himalaya-incense-anti-stress-12x15g.aspx,/products/himalaya-incense-anti-stress
https://www.phoeniximport.com/nl/4/98751/nippon-kodo-wierook-rozen-herb-earth-8-g.aspx,/products/nippon-kodo-wierook-rozen-herb-earth
https://www.phoeniximport.com/nl/4/98183/jin-koh-eiju-wierook-alohout-23-g-135-cm.aspx,/products/jin-koh-eiju-wierook-aloehout
https://www.phoeniximport.com/nl/4/174/wierook-morning-star-patchouli-70-g.aspx,/products/wierook-morning-star-patchouli
https://www.phoeniximport.com/nl/4/3296/wierook-ayurvedische-masala-chakra-10-g.aspx,/products/wierook-ayurvedische-masala-chakra
https://www.phoeniximport.com/nl/4/98717/wierook-morning-star-gardenia-20-g.aspx,/products/wierook-morning-star-gardenia
https://www.phoeniximport.com/nl/4/19211/wierookhars-ritual-voordeelverpakking-500-g.aspx,/products/wierookhars-ritual-voordeelverpakking
https://www.phoeniximport.com/nl/4/3294/wierook-ayurvedische-masala-nag-champa-10-g.aspx,/products/wierook-ayurvedische-masala-nag-champa
https://www.phoeniximport.com/nl/4/7103/sagrada-madre-palo-santo-wierook-met-mirre-30g.aspx,/products/sagrada-madre-palo-santo-wierook-met-mirre
https://www.phoeniximport.com/nl/4/05714/witte-salie-backflow-wierookkegels-75-g.aspx,/products/witte-salie-backflow-wierookkegels
https://www.phoeniximport.com/nl/4/7190/sagrada-madre-wierookkit-kleine-smudge-sacred-smoke-liefde-en-eenheid-38g.aspx,/products/sagrada-madre-wierookkit-kleine-smudge-sacred-smoke-liefde-en-eenheid
https://www.phoeniximport.com/nl/4/7179/sagrada-madre-premium-smudge-bombs-energie-30g.aspx,/products/sagrada-madre-premium-smudge-bombs-energie
https://www.phoeniximport.com/nl/4/7102/sagrada-madre-palo-santo-wierook-met-copal-30g.aspx,/products/sagrada-madre-palo-santo-wierook-met-copal
https://www.phoeniximport.com/nl/4/7100/sagrada-madre-palo-santo-wierook-30g.aspx,/products/sagrada-madre-palo-santo-wierook
https://www.phoeniximport.com/nl/4/98836/wierook-morning-star-witte-salie-20-g.aspx,/products/wierook-morning-star-salie
https://www.phoeniximport.com/nl/4/19920/palo-santo-wanchako-wierookstaafjes-doos-van-8-pakjes-8x16-g.aspx,/products/palo-santo-wanchako-wierookstaafjes-doos-van-8-pakjes
https://www.phoeniximport.com/nl/4/3332/fiore-doriente-chakra-wierook-swadhistana-20g.aspx,/products/fiore-d-oriente-chakra-wierook-swadhistana
https://www.phoeniximport.com/nl/4/3388/wierook-marco-polos-treasures-patchouli-20-g.aspx,/products/wierook-marco-polos-treasures-patchouli
https://www.phoeniximport.com/nl/4/7251/sagrada-madre-natuurlijke-wierook-witte-salie-30g.aspx,/products/new-sagrada-madre-witte-salie-wierook-natural
https://www.phoeniximport.com/nl/4/415/wierookhars-mastiek-griekenland-17-g.aspx,/products/wierookhars-mastiek-griekenland
https://www.phoeniximport.com/nl/4/7104/sagrada-madre-palo-santo-wierook-met-sandelhout-30g.aspx,/products/sagrada-madre-palo-santo-wierook-met-sandelhout
https://www.phoeniximport.com/nl/4/3257/wierook-marco-polos-treasures-palo-santo-20-g.aspx,/products/wierook-marco-polos-treasures-palo-santo
https://www.phoeniximport.com/nl/4/64523/ayurvedische-palo-santo-backflow-wierookkegels-30-g.aspx,/products/ayurvedische-palo-santo-backflow-wierookkegels
https://www.phoeniximport.com/nl/4/426/wierook-eritrea-16-g.aspx,/products/wierook-eritrea
https://www.phoeniximport.com/nl/4/1439/wierook-golden-nag-palo-santo-15-g.aspx,/products/wierook-golden-nag-palo-santo
https://www.phoeniximport.com/nl/4/38457/kayuragi-wierook-japanse-sinaasappel-40-g-14-cm.aspx,/products/kayuragi-wierook-japanse-sinaasappel
https://www.phoeniximport.com/nl/4/98600/seiun-classic-wierook-24g.aspx,/products/seiun-classic-wierook
https://www.phoeniximport.com/nl/4/340/kamfer-wierookkruid-13-g-30-ml.aspx,/products/kamfer-wierookkruid
https://www.phoeniximport.com/nl/4/16155/tibetaans-wierookpoeder-bescherming-130-140g.aspx,/products/tibetaans-wierookpoeder-bescherming
https://www.phoeniximport.com/nl/4/19808/ispalla-wierook-floral-passion-13g.aspx,/products/ispalla-wierook-floral-passion
https://www.phoeniximport.com/nl/4/98182/tokusen-shibayama-wierook-24g.aspx,/products/tokusen-shibayama-wierook
https://www.phoeniximport.com/nl/4/27444/wierook-ka-fuh-aqua-cyclaam-10-g.aspx,/products/wierook-ka-fuh-aqua-cyclaam
https://www.phoeniximport.com/nl/4/336/jeneverbessen-himalaya-wierookkruid-10-g-30-ml.aspx,/products/jeneverbessen-himalaya-wierookkruid
https://www.phoeniximport.com/nl/4/19843/ispalla-wierook-palo-santo-rozemarijn-13g.aspx,/products/ispalla-wierook-palo-santo-rozemarijn
https://www.phoeniximport.com/nl/4/301/griekse-alant-wierookkruid-14-g-30-ml.aspx,/products/griekse-alant-wierookkruid
https://www.phoeniximport.com/nl/4/374/vetiver-wortel-wierookkruid-3-g.aspx,/products/vetiver-wortel-wierookkruid
https://www.phoeniximport.com/nl/4/19844/ispalla-wierook-palo-santo-rue-13g.aspx,/products/ispalla-wierook-palo-santo-rue
https://www.phoeniximport.com/nl/4/350/zomerlinde-wierookkruid-4-g-30-ml.aspx,/products/zomerlinde-wierookkruid
https://www.phoeniximport.com/nl/4/985/wierook-satya-champa-15-g.aspx,/products/wierook-satya-champa
https://www.phoeniximport.com/nl/4/16203/tibetaanse-shingkham-kun-khyab-wierook-klein-50-g-15-cm.aspx,/products/tibetaanse-shingkham-kun-khyab-wierook-klein
https://www.phoeniximport.com/nl/4/362/witte-salie-wierookkruid-6-g-30-ml.aspx,/products/witte-salie-wierookkruid-1
https://www.phoeniximport.com/nl/4/05711/nag-champa-backflow-wierookkegels-75-g.aspx,/products/nag-champa-backflow-wierookkegels
https://www.phoeniximport.com/nl/4/19181/wierookhars-olibanum-eritrea-voordeelverpakking-500-g.aspx,/products/wierookhars-olibanum-eritrea-voordeelverpakking
https://www.phoeniximport.com/nl/4/7123/sagrada-madre-kruiden-wierook-kamille-calendula-olibanum-44g.aspx,/products/sagrada-madre-kruiden-wierook-kamille-calendula-olibanum
https://www.phoeniximport.com/nl/4/7182/sagrada-madre-premium-kruiden-smudge-bombs-liefde-34g.aspx,/products/sagrada-madre-premium-kruiden-smudge-bombs-liefde
https://www.phoeniximport.com/nl/4/7173/sagrada-madre-natuurlijke-wierook-patchouli-42g.aspx,/products/sagrada-madre-natuurlijke-wierook-patchouli
https://www.phoeniximport.com/nl/4/1378/wierookkegels-nag-champa-20-g.aspx,/products/wierookkegels-nag-champa
https://www.phoeniximport.com/nl/4/3327/natuurlijke-masala-wierook-cadeauset-168-g.aspx,/products/natuurlijke-masala-wierook-cadeauset
https://www.phoeniximport.com/nl/4/189/wierook-morning-star-amber-20-g.aspx,/products/wierook-morning-star-amber
https://www.phoeniximport.com/nl/4/19919/palo-santo-wanchako-wierookstaafjes-doos-van-12-pakjes-12x16g.aspx,/products/palo-santo-wanchako-wierookstaafjes-doos-van-12-pakjes
https://www.phoeniximport.com/nl/4/7266/sagrada-madre-sahumitos-smudge-palo-santo-4x4x12cm.aspx,/products/incense-small-smugde-x1-palo-santo
https://www.phoeniximport.com/nl/4/1376/wierookkegels-met-display-12-soorten-20-g.aspx,/products/wierookkegels-met-display-12-soorten
https://www.phoeniximport.com/nl/4/7267/sagrada-madre-sahumitos-smudge-white-yagra-4x4x12cm.aspx,/products/incense-small-smugde-x1-white-yagra
https://www.phoeniximport.com/nl/4/7122/sagrada-madre-kruiden-wierook-anijs-kaneel-olibanum-44g.aspx,/products/sagrada-madre-kruiden-wierook-anijs-kaneel-olibanum
https://www.phoeniximport.com/nl/4/3274/wierook-yoga-namaste-20-g.aspx,/products/wierook-yoga-namaste
https://www.phoeniximport.com/nl/4/371/tonkaboon-wierookkruid-20-g-30-ml.aspx,/products/tonkaboon-wierookkruid
https://www.phoeniximport.com/nl/4/7118/sagrada-madre-natuurlijke-wierook-sandel-frankincense-30g.aspx,/products/sagrada-madre-natuurlijke-wierook-sandel-frankincense
https://www.phoeniximport.com/nl/4/3276/wierook-yoga-prana--20-g.aspx,/products/wierook-yoga-prana
https://www.phoeniximport.com/nl/4/423/wierookhars-styrax-8-g.aspx,/products/wierookhars-styrax
https://www.phoeniximport.com/nl/4/7199/sagrada-madre-sacred-line-wierook-eeuwige-liefde-38g.aspx,/products/sagrada-madre-sacred-line-wierook-eeuwige-liefde
https://www.phoeniximport.com/nl/4/19141/wierookhars-gloria-voordeelverpakking-500-g.aspx,/products/wierookhars-gloria-voordeelverpakking
https://www.phoeniximport.com/nl/4/3389/wierook-marco-polos-treasures-vanilla-20-g.aspx,/products/wierook-marco-polos-treasures-vanilla
https://www.phoeniximport.com/nl/4/16177/tibetaans-wierookpoeder-creativiteit-vermeerderend-130-140g.aspx,/products/tibetaans-wierookpoeder-creativiteit-vermeerderend
https://www.phoeniximport.com/nl/4/182/wierook-morning-star-dennengeur-20-g.aspx,/products/wierook-morning-star-dennengeur
https://www.phoeniximport.com/nl/4/156/shin-mainichi-koh-wierook-sandelhout-85-g-26-cm.aspx,/products/shin-mainichi-koh-wierook-sandelhout
https://www.phoeniximport.com/nl/4/3333/fiore-doriente-chakra-wierook-manipura-20g.aspx,/products/fiore-d-oriente-chakra-wierook-manipura
https://www.phoeniximport.com/nl/4/98834/wierook-morning-star-frankincense-20-g.aspx,/products/wierook-morning-star-frankincense-1
https://www.phoeniximport.com/nl/4/3273/wierook-yoga-lotus-20-g.aspx,/products/wierook-yoga-lotus
https://www.phoeniximport.com/nl/4/7124/sagrada-madre-kruiden-wierook-eucalyptus-laurier-ceder-44g.aspx,/products/sagrada-madre-kruiden-wierook-eucalyptus-laurier-ceder
https://www.phoeniximport.com/nl/4/27434/wierook-ka-fuh-witte-pruim-10-g.aspx,/products/wierook-ka-fuh-witte-pruim
https://www.phoeniximport.com/nl/4/7245/sagrada-madre-wierookschijfjes-wijnruit-56g.aspx,/products/new-sagrada-madre-wierook-disc-x-4-wijnruit-1
https://www.phoeniximport.com/nl/4/16152/tibetaans-wierookpoeder-stress-spanning-depressie-verlichtend-130-140g.aspx,/products/tibetaans-wierookpoeder-stress-spanning-depressie-verlichtend
https://www.phoeniximport.com/nl/4/19840/ispalla-wierook-palo-santo-copal-13g.aspx,/products/ispalla-wierook-palo-santo-copal
https://www.phoeniximport.com/nl/4/7202/sagrada-madre-sacred-line-wierook-derde-oog-38g.aspx,/products/sagrada-madre-sacred-line-wierook-derde-oog
https://www.phoeniximport.com/nl/4/98730/wierook-morning-star-frankincense-70-g.aspx,/products/wierook-morning-star-frankincense
https://www.phoeniximport.com/nl/4/3336/fiore-doriente-chakra-wierook-ajna-20g.aspx,/products/fiore-d-oriente-chakra-wierook-ajna
https://www.phoeniximport.com/nl/4/38453/kayuragi-wierook-groene-thee-40-g-14-cm.aspx,/products/kayuragi-wierook-groene-thee
https://www.phoeniximport.com/nl/4/3378/wierook-marco-polos-treasures-neem-citronella-20-g.aspx,/products/wierook-marco-polos-treasures-neem-citronella
https://www.phoeniximport.com/nl/4/1377/wierookkegels-darshan-20-g.aspx,/products/wierookkegels-darshan
https://www.phoeniximport.com/nl/4/7112/sagrada-madre-natuurlijke-wierook-frankincense-30g.aspx,/products/sagrada-madre-natuurlijke-wierook-frankincense
https://www.phoeniximport.com/nl/4/321/damiana-wierookkruid-4-g-30-ml.aspx,/products/damiana-wierookkruid
https://www.phoeniximport.com/nl/4/334/ijzerhard-wierookkruid-8g-30-ml.aspx,/products/ijzerhard-wierookkruid
https://www.phoeniximport.com/nl/4/7236/sagrada-madre-ritual-wierook-manifestatie-40g.aspx,/products/new-sagrada-madre-ritual-lijn-wierook-manifest
https://www.phoeniximport.com/nl/4/322/zeeden-mexicaanse-wierookkruid-6-g-30-ml.aspx,/products/zeeden-mexicaanse-wierookkruid
https://www.phoeniximport.com/nl/4/98300/tokusen-usuzumi-no-sakura-wierook-24g.aspx,/products/tokusen-usuzumi-no-sakura-wierook
https://www.phoeniximport.com/nl/4/7200/sagrada-madre-sacred-line-wierook-goddelijke-ontmoeting-38g.aspx,/products/sagrada-madre-sacred-line-wierook-goddelijke-ontmoeting
https://www.phoeniximport.com/nl/4/420/wierookhars-sandarak-marokko-16-g.aspx,/products/wierookhars-sandarak-marokko
https://www.phoeniximport.com/nl/4/411/wierookhars-galbanum-verpakt-in-plastic-zakje-12g.aspx,/products/wierookhars-galbanum-verpakt-in-plastic-zakje
https://www.phoeniximport.com/nl/4/1668/wierookhars-copal-80g.aspx,/products/wierookhars-copal-1
https://www.phoeniximport.com/nl/4/3261/wierook-marco-polos-treasures-olibanum-etiopia-20-g.aspx,/products/wierook-marco-polos-treasures-olibanum-etiopia
https://www.phoeniximport.com/nl/4/1337/wierook-goloka-divine-15-g.aspx,/products/wierook-goloka-divine
https://www.phoeniximport.com/nl/4/308/heilige-basilicum-tulsi-wierookkruid-4-g-30-ml.aspx,/products/heilige-basilicum-tulsi-wierookkruid
https://www.phoeniximport.com/nl/4/319/citroengras-wierookkruid-3-g-30-ml.aspx,/products/citroengras-wierookkruid
https://www.phoeniximport.com/nl/4/1396/wierook-7-archangels-aartsengelen-42-g.aspx,/products/wierook-7-archangels-aartsengelen
https://www.phoeniximport.com/nl/4/323/strobloem-wierookkruid-4g-30-ml.aspx,/products/strobloem-wierookkruid
https://www.phoeniximport.com/nl/4/3275/wierook-yoga-om--20-g.aspx,/products/wierook-yoga-om
https://www.phoeniximport.com/nl/4/19848/ispalla-wierook-goedemorgen-13g.aspx,/products/ispalla-wierook-goedemorgen
https://www.phoeniximport.com/nl/4/326/eucalyptus-wierookkruid-8-g-30-ml.aspx,/products/eucalyptus-wierookkruid
https://www.phoeniximport.com/nl/4/998/wierook-satya-sandalwood-15-g.aspx,/products/wierook-satya-sandalwood
https://www.phoeniximport.com/nl/4/988/wierook-satya-karma-15-g.aspx,/products/wierook-satya-karma
https://www.phoeniximport.com/nl/4/413/wierookhars-guggul-india-20g.aspx,/products/wierookhars-guggul-india
https://www.phoeniximport.com/nl/4/993/wierook-satya-patchouli-15-g.aspx,/products/wierook-satya-patchouli
https://www.phoeniximport.com/nl/4/98408/byakudan-eiju-wierook-sandelhout-24-g-135-cm.aspx,/products/byakudan-eiju-wierook-sandelhout
https://www.phoeniximport.com/nl/4/19816/palo-santo-heilig-hout-wierook-granulaat-fijn-40-g.aspx,/products/palo-santo-heilig-hout-wierook-granulaat-fijn-1
https://www.phoeniximport.com/nl/4/19841/ispalla-wierook-palo-santo-mirre-13g.aspx,/products/ispalla-wierook-palo-santo-mirre
https://www.phoeniximport.com/nl/4/307/palo-santo-wierook-stukjes-6-g-30-ml.aspx,/products/palo-santo-wierook-stukjes
https://www.phoeniximport.com/nl/4/19839/ispalla-wierook-palo-santo-13g.aspx,/products/ispalla-wierook-palo-santo
https://www.phoeniximport.com/nl/4/19849/ispalla-wierook-slaap-lekker-13g.aspx,/products/ispalla-wierook-slaap-lekker
https://www.phoeniximport.com/nl/4/19809/ispalla-wierook-7-dagen-van-hernieuwing-13g.aspx,/products/ispalla-wierook-7-dagen-van-hernieuwing
https://www.phoeniximport.com/nl/4/7198/sagrada-madre-palo-santo-stokje-met-kruiden-26g.aspx,/products/sagrada-madre-palo-santo-stokje-met-kruiden
https://www.phoeniximport.com/nl/4/38466/set-scentsual-wierook-7-x12-doosjes-11g.aspx,/products/set-scentsual-wierook-7-x12-doosjes
https://www.phoeniximport.com/nl/4/1000/wierook-satya-traditional-ayurveda-15-g.aspx,/products/wierook-satya-traditional-ayurveda
https://www.phoeniximport.com/nl/4/64521/ayurvedische-sandelhout-backflow-wierookkegels-30-g.aspx,/products/ayurvedische-sandelhout-backflow-wierookkegels
https://www.phoeniximport.com/nl/4/1006/wierook-satya-frankincense-15-g.aspx,/products/wierook-satya-frankincense
https://www.phoeniximport.com/nl/4/7105/sagrada-madre-palo-santo-wierook-met-champa-30g.aspx,/products/sagrada-madre-palo-santo-wierook-met-champa
https://www.phoeniximport.com/nl/4/409/wierookhars-drakenbloed-21g.aspx,/products/wierookhars-drakenbloed
https://www.phoeniximport.com/nl/4/419/rozenwierook-15-g.aspx,/products/rozenwierook
https://www.phoeniximport.com/nl/4/3260/wierook-marco-polos-treasures-red-mirrha-20-g.aspx,/products/wierook-marco-polos-treasures-red-mirrha
https://www.phoeniximport.com/nl/4/7229/sagrada-madre-ritual-wierook-kalmte-40g.aspx,/products/new-sagrada-madre-ritual-lijn-wierook-tranquility
https://www.phoeniximport.com/nl/4/402/wierookhars-benzo-siam-19-gr.aspx,/products/wierookhars-benzoe-siam
https://www.phoeniximport.com/nl/4/1659/wierookhars-meditation-80g.aspx,/products/wierookhars-meditation
https://www.phoeniximport.com/nl/4/404/wierookhars-copal-afrika-16-g.aspx,/products/wierookhars-copal-afrika
https://www.phoeniximport.com/nl/4/7192/sagrada-madre-wierookkit-kleine-smudge-sacred-smoke-welvaart-38g.aspx,/products/sagrada-madre-wierookkit-kleine-smudge-sacred-smoke-welvaart
https://www.phoeniximport.com/nl/4/424/wierookhars-tolubalsem-verpakt-in-plastic-zakje-14-g-3.aspx,/products/wierookhars-tolubalsem-verpakt-in-plastic-zakje
https://www.phoeniximport.com/nl/4/414/wierookhars-labdanum-verpakt-in-plastic-zakje-8-g.aspx,/products/wierookhars-labdanum-verpakt-in-plastic-zakje
https://www.phoeniximport.com/nl/4/1666/wierookhars-styrax-calamnitus-40g.aspx,/products/wierookhars-styrax-calamnitus-1
https://www.phoeniximport.com/nl/4/19842/ispalla-wierook-palo-santo-eucalyptus-13g.aspx,/products/ispalla-wierook-palo-santo-eucalyptus
https://www.phoeniximport.com/nl/4/16154/tibetaans-wierookpoeder-goed-karma-130-140g.aspx,/products/tibetaans-wierookpoeder-goed-karma
https://www.phoeniximport.com/nl/4/315/himalayaceder-wierookkruid-6-g-30-ml.aspx,/products/himalayaceder-wierookkruid
https://www.phoeniximport.com/nl/4/365/sandelhout-wit-wierookkruid-9-g.aspx,/products/sandelhout-wit-wierookkruid
https://www.phoeniximport.com/nl/4/363/salie-wierookkruid-5-g-30-ml.aspx,/products/salie-wierookkruid
https://www.phoeniximport.com/nl/4/1388/wierookkegels-satya-sandalwood-20-g.aspx,/products/wierookkegels-satya-sandalwood
https://www.phoeniximport.com/nl/4/1338/wierook-goloka-lotus-15-g.aspx,/products/wierook-goloka-lotus
https://www.phoeniximport.com/nl/4/996/wierook-satya-reiki-15-g.aspx,/products/wierook-satya-reiki
https://www.phoeniximport.com/nl/4/98409/zuiun-wierook-alohout-24-g-135-cm.aspx,/products/zuiun-wierook-aloehout
https://www.phoeniximport.com/nl/4/1333/wierook-dhoop-goloka-nagchampa-kegeltjes-20-g.aspx,/products/wierook-dhoop-goloka-nagchampa-kegeltjes
https://www.phoeniximport.com/nl/4/1419/wierook-golden-nag-himaalaya-15-g.aspx,/products/wierook-golden-nag-himaalaya
https://www.phoeniximport.com/nl/4/7231/sagrada-madre-ritual-wierook-innerlijke-kracht-40g.aspx,/products/new-sagrada-madre-ritual-lijn-wierook-inner-strength
https://www.phoeniximport.com/nl/4/983/wierook-satya-namaste-15-g.aspx,/products/wierook-satya-namaste
https://www.phoeniximport.com/nl/4/102/viva-mainichi-koh-wierook-sandelhout-18-g-135-cm.aspx,/products/viva-mainichi-koh-wierook-sandelhout
https://www.phoeniximport.com/nl/4/7136/sagrada-madre-wierook-giftbox-purification-110g.aspx,/products/sagrada-madre-wierook-giftbox-purification
https://www.phoeniximport.com/nl/4/7193/sagrada-madre-wierookkit-kleine-smudge-sacred-smoke-reiniging-38g.aspx,/products/sagrada-madre-wierookkit-kleine-smudge-sacred-smoke-reiniging
https://www.phoeniximport.com/nl/4/428/wierook-resinode-india-gezuiverd-19-g.aspx,/products/wierook-resinoide-india-gezuiverd
https://www.phoeniximport.com/nl/4/3467/fiore-doriente-dhoop-wierook-palo-santo-15g.aspx,/products/fiore-doriente-dhoop-wierook-palo-santo
https://www.phoeniximport.com/nl/4/1657/wierookhars-gloria-80g.aspx,/products/wierookhars-gloria
https://www.phoeniximport.com/nl/4/1665/wierookkruid-sandelhout-30g.aspx,/products/wierookkruid-sandelhout
https://www.phoeniximport.com/nl/4/1100/wierook-satya-nag-champa-grootverpakking-100-g.aspx,/products/wierook-satya-nag-champa-grootverpakking
https://www.phoeniximport.com/nl/4/64524/ayurvedische-nag-champa-backflow-wierookkegels-30-g.aspx,/products/ayurvedische-nag-champa-backflow-wierookkegels
https://www.phoeniximport.com/nl/4/1005/wierook-satya-mirre-15-g.aspx,/products/wierook-satya-mirre
https://www.phoeniximport.com/nl/4/1661/wierookhars-olibanum-80g.aspx,/products/wierookhars-olibanum
https://www.phoeniximport.com/nl/4/38451/kayuragi-wierook-witte-perzik-40-g-14-cm.aspx,/products/kayuragi-wierook-witte-perzik
https://www.phoeniximport.com/nl/4/38405/kayuragi-wierook-sandelhout-40-g-14-cm.aspx,/products/kayuragi-wierook-sandelhout
https://www.phoeniximport.com/nl/4/987/wierook-satya-jasmine-15-g.aspx,/products/wierook-satya-jasmine
https://www.phoeniximport.com/nl/4/38401/kayuragi-wierook-alohout-40-g-14-cm.aspx,/products/kayuragi-wierook-aloehout
https://www.phoeniximport.com/nl/4/1015/wierook-satya-nag-champa-agarbatti-klassiek-staafjes-15-g.aspx,/products/wierook-satya-nag-champa-agarbatti-klassiek-staafjes
https://www.phoeniximport.com/nl/4/3255/wierook-angels-voordeel-set-7-x-3-stuks-20-g.aspx,/products/wierook-angels-voordeel-set-7-x-3-stuks
https://www.phoeniximport.com/nl/4/05709/backflow-waterval-wierookbrander-boeddha-12x10x9-cm.aspx,/products/backflow-waterval-wierookbrander-boeddha
https://www.phoeniximport.com/nl/4/05706/backflow-waterval-wierookbrander-lotushand-15x8x175cm.aspx,/products/backflow-waterval-wierookbrander-lotushand
https://www.phoeniximport.com/nl/4/05710/backflow-waterval-wierookbrander-lotusvijver--11x8x6cm.aspx,/products/backflow-waterval-wierookbrander-lotusvijver
https://www.phoeniximport.com/nl/4/05708/backflow-waterval-wierookbrander-kleine-boeddha-12x9x7-cm.aspx,/products/backflow-waterval-wierookbrander-kleine-boeddha
https://www.phoeniximport.com/nl/4/05707/backflow-waterval-wierookbrander-lotus-11x105x85cm.aspx,/products/backflow-waterval-wierookbrander-lotus
https://www.phoeniximport.com/nl/4/64551/backflow-waterval-wierookbrander-boeddha-maan-165x13x6cm.aspx,/products/backflow-waterval-wierookbrander-boeddha-maan
https://www.phoeniximport.com/nl/4/15709/backflow-waterval-wierookbrander-ganesha-9x6x10-cm.aspx,/products/backflow-waterval-wierookbrander-ganesha
https://www.phoeniximport.com/nl/4/15710/backflow-waterval-wierookbrander-olifant-12x9x17-cm.aspx,/products/backflow-waterval-wierookbrander-olifant
https://www.phoeniximport.com/nl/4/41128/backflow-waterval-wierookbrander-ganesha-9x8x12cm.aspx,/products/backflow-waterval-wierookbrander-ganesha
https://www.phoeniximport.com/nl/4/41129/backflow-waterval-wierookbrander-maan-10x12x8cm.aspx,/products/backflow-waterval-wierookbrander-maan
https://www.phoeniximport.com/nl/4/1942/backflow-waterval-wierookbrander-lotusbloem-127x127x58cm.aspx,/products/backflow-waterval-wierookbrander-lotusbloem
https://www.phoeniximport.com/nl/4/10118/zakje-zand--130g.aspx,/products/zakje-zand
https://www.phoeniximport.com/nl/4/459/wierook-accessoires-borstel-voor-zeefjes-75x55-cm.aspx,/products/wierook-accessoires-borstel-voor-zeefjes
https://www.phoeniximport.com/nl/4/58008/cauldron-heksenketel-triquetra-symbool-1080-g-12x95-c.aspx,/products/cauldron-heksenketel-triquetra-symbool
https://www.phoeniximport.com/nl/4/16855/wierookbrander-messing-groen-75x55cm.aspx,/products/wierookbrander-messing-groen
https://www.phoeniximport.com/nl/4/454/wierook-accessoires-zeef-groot-125-cm.aspx,/products/wierook-accessoires-zeef-groot
https://www.phoeniximport.com/nl/4/455/wierook-accessoires-zeef-middelmaat-9-cm.aspx,/products/wierook-accessoires-zeef-middelmaat
https://www.phoeniximport.com/nl/4/456/wierook-accessoires-zeef-klein-45-cm.aspx,/products/wierook-accessoires-zeef-klein
https://www.phoeniximport.com/nl/4/457/wierookhoutskool-tang-9x5-cm.aspx,/products/wierookhoutskool-tang
https://www.phoeniximport.com/nl/4/460/wierookhoutskool-tang-75-cm.aspx,/products/wierookhoutskool-tang
https://www.phoeniximport.com/nl/4/58003/cauldron-heksenketel-zon-en-maan-1080-g-12x95-cm.aspx,/products/cauldron-heksenketel-zon-en-maan
https://www.phoeniximport.com/nl/4/58004/cauldron-heksenketel-middel-560-g-9x8-cm.aspx,/products/cauldron-heksenketel-middel
https://www.phoeniximport.com/nl/4/58005/cauldron-heksenketeltje-klein-260-g-6x7-cm.aspx,/products/cauldron-heksenketeltje-klein
https://www.phoeniximport.com/nl/4/58007/cauldron-heksenketel-pentagram-1080-g-12x95-cm.aspx,/products/cauldron-heksenketel-pentagram
https://www.phoeniximport.com/nl/4/168551/wierookbrander-messing-rood-75x55cm.aspx,/products/wierookbrander-messing-rood
https://www.phoeniximport.com/nl/4/168552/wierookbrander-messing-blauw-75x55-cm.aspx,/products/wierookbrander-messing-blauw
https://www.phoeniximport.com/nl/4/168553/wierookbrander-messing-bruin-75x55-cm.aspx,/products/wierookbrander-messing-bruin
https://www.phoeniximport.com/nl/4/17651/cauldron-heksenketel-blauw-pentagram-10x8-cm.aspx,/products/cauldron-heksenketel-blauw-pentagram
https://www.phoeniximport.com/nl/4/64519/vuurvaste-terracotta-schaal-17-cm.aspx,/products/vuurvaste-terracotta-schaal
https://www.phoeniximport.com/nl/4/31301/golden-temple-houtskool-tabletten-4cm.aspx,/products/golden-temple-houtskool-tabletten
https://www.phoeniximport.com/nl/4/31300/golden-temple-houtskool-tabletten-33-cm.aspx,/products/golden-temple-houtskool-tabletten-1
https://www.phoeniximport.com/nl/4/471/wierookbrander-messing-vernikkeld-6x5cm.aspx,/products/wierookbrander-messing-vernikkeld
https://www.phoeniximport.com/nl/4/470/wierookbrander-messing-goudkleur-6x5cm.aspx,/products/wierookbrander-messing-goudkleur
https://www.phoeniximport.com/nl/4/472/ijzeren-wierookbrander-met-hengsel-13cm.aspx,/products/ijzeren-wierookbrander-met-hengsel
https://www.phoeniximport.com/nl/4/473/ijzeren-wierookbrander-8cm.aspx,/products/ijzeren-wierookbrander
https://www.phoeniximport.com/nl/4/474/ijzeren-wierookbrander-met-handvat-75cm.aspx,/products/ijzeren-wierookbrander-met-handvat
https://www.phoeniximport.com/nl/4/475/wierook-accessoires-wierook-lepeltje-10cm.aspx,/products/wierook-accessoires-wierook-lepeltje
https://www.phoeniximport.com/nl/4/476/ijzeren-wierookbrander-pan-model-15x26cm.aspx,/products/ijzeren-wierookbrander-pan-model
https://www.phoeniximport.com/nl/4/477/wierookhoutskool-tang-18cm.aspx,/products/wierookhoutskool-tang-1
https://www.phoeniximport.com/nl/4/99949/cauldron-heksenketel-maanfasen-met-zeef-252g-95x105cm.aspx,/products/cauldron-heksenketel-maanfasen-met-zeef
https://www.phoeniximport.com/nl/4/99950/cauldron-heksenketel-levensboom-met-zeef-254g-95x105cm.aspx,/products/cauldron-heksenketel-levensboom-met-zeef
https://www.phoeniximport.com/nl/4/99951/cauldron-heksenketel-bloem-des-levens-met-zeef-244g-95x105cm.aspx,/products/cauldron-heksenketel-bloem-des-levens-met-zeef
https://www.phoeniximport.com/nl/4/12686/messing-wierookbrander-met-houten-handvat--175x8cm.aspx,/products/messing-wierookbrander-met-houten-handvat
https://www.phoeniximport.com/nl/4/12687/messing-wierookbrander-pan-model-21x10cm.aspx,/products/messing-wierookbrander-pan-model
https://www.phoeniximport.com/nl/4/12688/wierookbrander-mangohout-9x7cm.aspx,/products/wierookbrander-mangohout
https://www.phoeniximport.com/nl/4/12689/wierookbrander-zwart-goud-godinnensymbool-9x7cm.aspx,/products/wierookbrander-zwart-goud-godinnensymbool
https://www.phoeniximport.com/nl/4/12690/wierookbrander-wit-goud-godinnensymbool-9x7cm.aspx,/products/wierookbrander-wit-goud-godinnensymbool
https://www.phoeniximport.com/nl/4/16242/wierookbrander-messing-zwart-75x55-cm.aspx,/products/wierookbrander-messing-zwart
https://www.phoeniximport.com/nl/4/13268/wierookhouder-seleniet-bloem-des-levens-rond-9-cm-260-g.aspx,/products/wierookhouder-seleniet-bloem-des-levens-rond
https://www.phoeniximport.com/nl/4/15682/wierookbrander-ganesha-messing-54-g-45-cm.aspx,/products/wierookbrander-ganesha-messing
https://www.phoeniximport.com/nl/4/15685/keramische-wierookhouder-draken-225cm.aspx,/products/keramische-wierookhouder-draken
https://www.phoeniximport.com/nl/4/15686/keramische-wierookhouder-kraanvogels-225cm.aspx,/products/keramische-wierookhouder-kraanvogels
https://www.phoeniximport.com/nl/4/15687/keramische-wierookhouder-lotusvijver-225cm.aspx,/products/keramische-wierookhouder-lotusvijver
https://www.phoeniximport.com/nl/4/15692/keramische-wierookhouder-koi-karpers-225cm.aspx,/products/keramische-wierookhouder-koi-karpers
https://www.phoeniximport.com/nl/4/15693/keramische-wierookhouder-mandala-225cm.aspx,/products/keramische-wierookhouder-mandala
https://www.phoeniximport.com/nl/4/15694/wierookbrander-draken-koperkleurig-10x10-cm.aspx,/products/wierookbrander-draken-koperkleurig
https://www.phoeniximport.com/nl/4/15695/wierookbrander-draken-bronskleurig-10x10-cm.aspx,/products/wierookbrander-draken-bronskleurig
https://www.phoeniximport.com/nl/4/15696/wierookbrander-lotus-koperkleurig-78x69x69-cm.aspx,/products/wierookbrander-lotus-koperkleurig
https://www.phoeniximport.com/nl/4/15697/wierookbrander-lotus-bronskleurig-78x69x69-cm.aspx,/products/wierookbrander-lotus-bronskleurig
https://www.phoeniximport.com/nl/4/15698/wierookbrander-lotus-goudkleurig-78x69x69-cm.aspx,/products/wierookbrander-lotus-goudkleurig
https://www.phoeniximport.com/nl/4/16996/wierookbrander-lotus-gelakt-hout-9cm.aspx,/products/wierookbrander-lotus-gelakt-hout
https://www.phoeniximport.com/nl/4/16997/wierookbrander-lotus-gelakt-hout-kleiner-6-cm.aspx,/products/wierookbrander-lotus-gelakt-hout-kleiner
https://www.phoeniximport.com/nl/4/16998/wierookbrander-tibetaans-metaal-10x8-cm.aspx,/products/wierookbrander-tibetaans-metaal
https://www.phoeniximport.com/nl/4/17628/wierookstokjes-brander-en-bewaardoos-7-chakras-31x55x6cm.aspx,/products/wierookstokjes-brander-en-bewaardoos-7-chakras
https://www.phoeniximport.com/nl/4/17630/wierookstokjes-brander-en-bewaardoos-pentagram-31x55x6cm.aspx,/products/wierookstokjes-brander-en-bewaardoos-pentagram
https://www.phoeniximport.com/nl/4/17631/wierookstokjes-branderbewaardoos-levensboom-31x55cm.aspx,/products/wierookstokjes-brander-bewaardoos-levensboom
https://www.phoeniximport.com/nl/4/17634/wierookstokjes-brander-bewaardoos-bloem-des-levens-31x55x6cm.aspx,/products/wierookstokjes-brander-bewaardoos-bloem-des-levens
https://www.phoeniximport.com/nl/4/17635/wierookstokjes-brander-en-bewaardoos-om-31x55x6-cm.aspx,/products/wierookstokjes-brander-en-bewaardoos-om
https://www.phoeniximport.com/nl/4/17636/wierookplankje-7-chakras-25x4-cm.aspx,/products/wierookplankje-7-chakras
https://www.phoeniximport.com/nl/4/17637/wierookplankje-lotus-25x4-cm.aspx,/products/wierookplankje-lotus
https://www.phoeniximport.com/nl/4/17638/wierookplankje-pentagram-25x4-cm.aspx,/products/wierookplankje-pentagram
https://www.phoeniximport.com/nl/4/17639/wierookplankje-levensboom-25x4-cm.aspx,/products/wierookplankje-levensboom
https://www.phoeniximport.com/nl/4/17640/wierookplankje-ganesha-25x4-cm.aspx,/products/wierookplankje-ganesha
https://www.phoeniximport.com/nl/4/17641/wierookplankje-draak-25x4-cm.aspx,/products/wierookplankje-draak
https://www.phoeniximport.com/nl/4/17642/wierookplankje-bloem-des-levens-25x4-cm.aspx,/products/wierookplankje-bloem-des-levens
https://www.phoeniximport.com/nl/4/17644/wierook-en-kegeltjes-brander-lotus-10-cm.aspx,/products/wierook-en-kegeltjes-brander-lotus
https://www.phoeniximport.com/nl/4/17645/wierook-en-kegeltjes-brander-pentagram-10-cm.aspx,/products/wierook-en-kegeltjes-brander-pentagram
https://www.phoeniximport.com/nl/4/17646/wierook-en-kegeltjes-brander-levensboom-10-cm.aspx,/products/wierook-en-kegeltjes-brander-levensboom
https://www.phoeniximport.com/nl/4/17648/wierook-en-kegeltjes-brander-draak-10-cm.aspx,/products/wierook-en-kegeltjes-brander-draak
https://www.phoeniximport.com/nl/4/17649/wierook-en-kegeltjes-brander-bloem-des-levens-10-cm.aspx,/products/wierook-en-kegeltjes-brander-bloem-des-levens
https://www.phoeniximport.com/nl/4/17650/wierook-en-kegeltjes-brander-ohm-10-cm.aspx,/products/wierook-en-kegeltjes-brander-ohm
https://www.phoeniximport.com/nl/4/17784/wierook-en-kegeltjes-brander-yoga-tree-10-cm.aspx,/products/wierook-en-kegeltjes-brander-yoga-tree
https://www.phoeniximport.com/nl/4/17996/regenboog-abalone-paua-haliotis-iris-125-155-cm.aspx,/products/regenboog-abalone-paua-haliotis-iris
https://www.phoeniximport.com/nl/4/2050/wierookbrander-ganesha-bladvorm-gekleurd-22x45x3-cm-65-g.aspx,/products/wierookbrander-ganesha-bladvorm-gekleurd
https://www.phoeniximport.com/nl/4/2051/wierookkegeltjes-brander-ganesha-11x9x35cm.aspx,/products/wierookkegeltjes-brander-ganesha
https://www.phoeniximport.com/nl/4/2053/wierookbrander-8-voorspoedsymbolen-goudkleur--94g12cm.aspx,/products/wierookbrander-8-voorspoedsymbolen-goudkleur
https://www.phoeniximport.com/nl/4/2054/wierookbrander-8-voorspoedsymbolen-zilverkleur--94-g-12-cm.aspx,/products/wierookbrander-8-voorspoedsymbolen-zilverkleur
https://www.phoeniximport.com/nl/4/2055/wierookbrander-offerhanden-met-boeddha-9x7-cm.aspx,/products/wierookbrander-offerhanden-met-boeddha
https://www.phoeniximport.com/nl/4/2056/wierookbrander-ganesha-bladvorm-zilverkleur-22x55x4-cm.aspx,/products/wierookbrander-ganesha-bladvorm-zilverkleur
https://www.phoeniximport.com/nl/4/2057/wierookbrander-ganesha-bladvorm-goudkleur-22x55x4cm.aspx,/products/wierookbrander-ganesha-bladvorm-goudkleur
https://www.phoeniximport.com/nl/4/2058/wierookbrander-boeddha-bladvorm-zilverkleur-25x55x5-cm.aspx,/products/wierookbrander-boeddha-bladvorm-zilverkleur
https://www.phoeniximport.com/nl/4/2059/palo-santo-wierookhouder-lotus-10x3cm-g.aspx,/products/palo-santo-wierookhouder-lotus
https://www.phoeniximport.com/nl/4/2062/palo-santo-wierookhouder-bruin-125x35-cm-160-g.aspx,/products/palo-santo-wierookhouder-bruin
https://www.phoeniximport.com/nl/4/2063/palo-santo-wierookhouder-wit-125x35-cm-160-g.aspx,/products/palo-santo-wierookhouder-wit
https://www.phoeniximport.com/nl/4/4170/keramische-palo-santo-smudge-en-wierook-brander-bloemmotief-petrol-13x6-cm.aspx,/products/new-palo-santo-salie-en-wierook-brander-petrol
https://www.phoeniximport.com/nl/4/4171/keramische-palo-santo-smudge-en-wierook-brander-hart-petrolbruin-14x6-cm.aspx,/products/new-palo-santo-salie-en-wierook-brander-met-hart-petrol-bruin
https://www.phoeniximport.com/nl/4/4172/keramische-smudge-en-wierook-brander-bloem-rozewitgoud-12x12x5-cm.aspx,/products/new-salie-en-wierook-brander-roze-wit-en-goud
https://www.phoeniximport.com/nl/4/4173/keramische-smudge-en-palo-santo-brander-rozewitgoud-115x115x5-cm.aspx,/products/new-salie-en-palo-santo-brander-roze-wit-en-goud
https://www.phoeniximport.com/nl/4/4174/keramische-palo-santo-smudge-en-wierook-brander-maan-wit-115x5-cm.aspx,/products/new-palo-santo-salie-en-wierook-brander-wit-met-maan
https://www.phoeniximport.com/nl/4/4175/keramische-smudge-brander-witoker-12x35-cm.aspx,/products/new-salie-brander-wit-bruin
https://www.phoeniximport.com/nl/4/4176/keramische-smudgeschaal-en-palo-santo-brander-hartvorm-pastelgroen-12x11x4-cm.aspx,/products/new-salie-en-palo-santo-brander-groen-hart
https://www.phoeniximport.com/nl/4/4177/keramische-smudgeschaal-en-palo-santo-brander-hartvorm-pastelroze-12x11x4-cm.aspx,/products/new-salie-en-palo-santo-brander-roze-hart
https://www.phoeniximport.com/nl/4/478/wierook-accessoires-set-met-borstel-lepel-en-2-tangen-173-g.aspx,/products/wierook-accessoires-set-met-borstel-lepel-en-2-tangen
https://www.phoeniximport.com/nl/4/52336/groene-abalone-smudge-schelp-haliotis-fulgens-12-16cm.aspx,/products/groene-abalone-smudge-schelp-haliotis-fulgens
https://www.phoeniximport.com/nl/4/52349/groene-abalone-smudge-schelp-haliotis-fulgens-l-15-17cm.aspx,/products/new-groene-abalone-smudge-schelp-haliotis-fulgens
https://www.phoeniximport.com/nl/4/64498/abalone-smudge-schelp-haliotis-diversicolor-l-155-18-cm.aspx,/products/abalone-smudge-schelp-haliotis-diversicolor-l
https://www.phoeniximport.com/nl/4/64500/abalone-smudge-schelp-haliotis-diversicolor-m-12-16cm.aspx,/products/abalone-smudge-schelp-haliotis-diversicolor-m
https://www.phoeniximport.com/nl/4/64520/terracotta-wierookbrander-met-rvs-zeef-9x75-cm.aspx,/products/terracotta-wierookbrander-met-rvs-zeef
https://www.phoeniximport.com/nl/4/7189/sagrada-madre-cement-wierookbrander-pastelgeel-312g.aspx,/products/sagrada-madre-cement-wierookbrander
https://www.phoeniximport.com/nl/4/7203/sagrada-madre-cement-wierookbrander-pastelroze-312g.aspx,/products/sagrada-madre-cement-wierookbrander-pastelroze
https://www.phoeniximport.com/nl/4/7204/sagrada-madre-cement-wierookbrander-pastelgroen-312g.aspx,/products/sagrada-madre-cement-wierookbrander-pastelgroen
https://www.phoeniximport.com/nl/4/75652/wierookhouder-yume-no-yume-bamboeblad-82x12x82-cm.aspx,/products/wierookhouder-yume-no-yume-bamboeblad
https://www.phoeniximport.com/nl/4/75653/wierookhouder-yume-no-yume-vioolvaren-82x12x82-cm.aspx,/products/wierookhouder-yume-no-yume-vioolvaren
https://www.phoeniximport.com/nl/4/75654/wierookhouder-yume-no-yume-ochtendgloren-82x12x82cm.aspx,/products/wierookhouder-yume-no-yume-ochtendgloren
https://www.phoeniximport.com/nl/4/78190/wierookhouder-seleniet-met-bloem-des-levens-225-g.aspx,/products/wierookhouder-seleniet-met-bloem-des-levens
https://www.phoeniximport.com/nl/4/78218/wierook-en-kegeltjes-brander-ohm-10-cm.aspx,/products/wierook-en-kegeltjes-brander-ohm
https://www.phoeniximport.com/nl/4/78219/wierook-en-kegeltjes-brander-bloem-des-levens-10-cm.aspx,/products/wierook-en-kegeltjes-brander-bloem-des-levens
https://www.phoeniximport.com/nl/4/78220/wierook-en-kegeltjes-brander-lotus-mandala-10-cm.aspx,/products/wierook-en-kegeltjes-brander-lotus-mandala
https://www.phoeniximport.com/nl/4/78431/wierookhouder-bloem-des-levens-15cm.aspx,/products/wierrookhouder-bloem-des-levens
https://www.phoeniximport.com/nl/4/99320/wierookhouder-seleniet-mandala-rond-12-cm.aspx,/products/new-seleniet-wierookhouder-mandala-12cm
https://www.phoeniximport.com/nl/4/99944/wierookhouder-koperkleurig-bloem-des-levens-11cm.aspx,/products/wierookhouder-koperkleurig-bloem-des-levens
https://www.phoeniximport.com/nl/4/99945/wierookhouder-koperkleurig-lotus-10cm.aspx,/products/wierookhouder-koperkleurig-lotus
https://www.phoeniximport.com/nl/4/1025/wierook-golden-nag-chandan-15-g.aspx,/products/wierook-golden-nag-chandan
https://www.phoeniximport.com/nl/4/2016/wierookdoosje-morning-star-blauw-12cm.aspx,/products/wierookdoosje-morning-star-blauw
https://www.phoeniximport.com/nl/4/19835/palo-santo-heilig-hout-chips-20-gr.aspx,/products/palo-santo-heilig-hout-chips
https://www.phoeniximport.com/nl/4/19833/palo-santo-heilig-hout-sticks-3-kg-10-cm.aspx,/products/palo-santo-heilig-hout-sticks-3-kg
https://www.phoeniximport.com/nl/4/19832/palo-santo-heilig-hout-sticks-1-kg-10-cm.aspx,/products/palo-santo-heilig-hout-sticks-1-kg
https://www.phoeniximport.com/nl/4/19834/palo-santo-sticks-klein-20gr-6-8-cm.aspx,/products/palo-santo-sticks-klein
https://www.phoeniximport.com/nl/4/19812/palo-santo-heilig-hout-sticks-40-g.aspx,/products/palo-santo-heilig-hout-sticks
https://www.phoeniximport.com/nl/4/19818/palo-santo-heilig-hout-sticks-500g-500-g-10x15-cm.aspx,/products/palo-santo-heilig-hout-sticks-los
https://www.phoeniximport.com/nl/4/7178/sagrada-madre-premium-smudge-bombs-palo-santo-30g.aspx,/products/sagrada-madre-premium-smudge-bombs-palo-santo
https://www.phoeniximport.com/nl/4/64589/frankincense-mirre-smudge-wierookkruid-100-g.aspx,/products/frankincense-mirre-smudge-wierookkruid
https://www.phoeniximport.com/nl/4/64591/mandarijn-laurierblad-smudge-wierookkruid-40-g.aspx,/products/mandarijn-laurierblad-smudge-wierookkruid
https://www.phoeniximport.com/nl/4/64594/roos-geranium-smudge-wierookkruid-25g.aspx,/products/roos-geranium-smudge-wierookkruid
https://www.phoeniximport.com/nl/4/64590/citroengras-kruiden-smudge-wierookkruid-40-g.aspx,/products/citroengras-kruiden-smudge-wierookkruid
https://www.phoeniximport.com/nl/4/64592/palo-santo-ceder-smudge-wierookkruid-40g.aspx,/products/palo-santo-ceder-smudge-wierookkruid
https://www.phoeniximport.com/nl/4/7137/sagrada-madre-botanische-wierook-magnolias--20g.aspx,/products/sagrada-madre-botanische-wierook-magnolias
https://www.phoeniximport.com/nl/4/7138/sagrada-madre-botanische-wierook-freesia-20g.aspx,/products/sagrada-madre-botanische-wierook-freesia
https://www.phoeniximport.com/nl/4/7139/sagrada-madre-botanische-wierook-narduskruid-olibanum--20g.aspx,/products/sagrada-madre-botanische-wierook-narduskruid-olibanum
https://www.phoeniximport.com/nl/4/7140/sagrada-madre-botanische-wierook-kruidnagel-rozen-20g.aspx,/products/sagrada-madre-botanische-wierook-kruidnagel-rozen
https://www.phoeniximport.com/nl/4/7141/sagrada-madre-botanische-wierook-calendula-20g.aspx,/products/sagrada-madre-botanische-wierook-calendula
https://www.phoeniximport.com/nl/4/7142/sagrada-madre-botanische-wierook-jasmijn-rozen-20g.aspx,/products/sagrada-madre-botanische-wierook-jasmijn-rozen
https://www.phoeniximport.com/nl/4/7144/sagrada-madre-botanische-wierook-groene-thee-champa-20g.aspx,/products/sagrada-madre-botanische-wierook-groene-thee-champa
https://www.phoeniximport.com/nl/4/7145/sagrada-madre-5-elementen-wierook-water-20g.aspx,/products/sagrada-madre-5-elementen-wierook-water
https://www.phoeniximport.com/nl/4/7146/sagrada-madre-5-elementen-wierook-lucht-20g.aspx,/products/sagrada-madre-5-elementen-wierook-lucht
https://www.phoeniximport.com/nl/4/7147/sagrada-madre-5-elementen-wierook-vuur-20g.aspx,/products/sagrada-madre-5-elementen-wierook-vuur
https://www.phoeniximport.com/nl/4/7148/sagrada-madre-5-elementen-wierook-aarde-20g.aspx,/products/sagrada-madre-5-elementen-wierook-aarde
https://www.phoeniximport.com/nl/4/7149/sagrada-madre-5-elementen-wierook-ether-20g.aspx,/products/sagrada-madre-5-elementen-wierook-ether
https://www.phoeniximport.com/nl/4/7150/sagrada-madre-pure-energy-wierook-reborn-22g.aspx,/products/sagrada-madre-pure-energy-wierook-reborn
https://www.phoeniximport.com/nl/4/7151/sagrada-madre-pure-energy-wierook-revitalize-22g.aspx,/products/sagrada-madre-pure-energy-wierook-revitalize
https://www.phoeniximport.com/nl/4/7152/sagrada-madre-pure-energy-wierook-harmonize-22g.aspx,/products/sagrada-madre-pure-energy-wierook-harmonize
https://www.phoeniximport.com/nl/4/7153/sagrada-madre-pure-energy-wierook-heal-22g.aspx,/products/sagrada-madre-pure-energy-wierook-heal
https://www.phoeniximport.com/nl/4/7154/sagrada-madre-wierook-maha-masala-blend-23g.aspx,/products/sagrada-madre-wierook-maha-masala-blend
https://www.phoeniximport.com/nl/4/7155/sagrada-madre-yagra-wierook-rozen-vanille-20g.aspx,/products/sagrada-madre-yagra-wierook-rozen-vanille
https://www.phoeniximport.com/nl/4/7157/sagrada-madre-yagra-wierook-orchideen-laurier-20g.aspx,/products/sagrada-madre-yagra-wierook-orchideeen-laurier
https://www.phoeniximport.com/nl/4/7158/sagrada-madre-yagra-wierook-kamille-olibanum-20g.aspx,/products/sagrada-madre-yagra-wierook-kamille-olibanum
https://www.phoeniximport.com/nl/4/7159/sagrada-madre-sahumitos-smudge-palo-santo-per-5-in-displaydoos-18x4x12cm.aspx,/products/sagrada-madre-sahumitos-smudge-palo-santo-per-5-in-displaydoos
https://www.phoeniximport.com/nl/4/7160/sagrada-madre-sahumitos-smudge-witte-yagra-per-5-in-displaydoos-18x4x12cm.aspx,/products/sagrada-madre-sahumitos-smudge-witte-yagra-per-5-in-displaydoos
https://www.phoeniximport.com/nl/4/7161/sagrada-madre-sahumitos-smudge-sandelhout-per-5-in-displaydoos-18x4x12cm.aspx,/products/sagrada-madre-sahumitos-smudge-sandelhout-per-5-in-displaydoos
https://www.phoeniximport.com/nl/4/7162/sagrada-madre-sahumitos-smudge-rozen-per-5-in-displaydoos-18x4x12cm.aspx,/products/sagrada-madre-sahumitos-smudge-rozen-per-5-in-displaydoos
https://www.phoeniximport.com/nl/4/7163/sagrada-madre-sahumitos-smudge-witte-salie-per-5-in-displaydoos-18x4x12cm.aspx,/products/sagrada-madre-sahumitos-smudge-witte-salie-per-5-in-displaydoos
https://www.phoeniximport.com/nl/4/7164/sagrada-madre-sahumitos-smudge-mirre-palo-santo-per-5-in-displaydoos-18x4x12cm.aspx,/products/sagrada-madre-sahumitos-smudge-mirre-palo-santo-per-5-in-displaydoos
https://www.phoeniximport.com/nl/4/5234/witte-salie-smudge-fakkel-per-3-verpakt-10-20g-12x4cm.aspx,/products/witte-salie-smudge-fakkel-per-3-verpakt
https://www.phoeniximport.com/nl/4/5259/witte-salie-smudge-dragons-blood-s-set-van-2-10cm-25-35g.aspx,/products/witte-salie-smudge-dragons-blood-s-set-van-2
https://www.phoeniximport.com/nl/4/19800/wierook-witte-salie-salvia-apiana-250-g.aspx,/products/wierook-witte-salie-salvia-apiana-1
https://www.phoeniximport.com/nl/4/19801/wierook-witte-salie-salvia-apiana-500-g.aspx,/products/wierook-witte-salie-salvia-apiana
https://www.phoeniximport.com/nl/4/19802/wierook-witte-salie-salvia-apiana-1000-g.aspx,/products/wierook-witte-salie-salvia-apiana-2
https://www.phoeniximport.com/nl/4/198601/witte-salie-smudge-xl-per-6-in-mandje-115-g23x55-cm.aspx,/products/witte-salie-smudge-xl-per-6-in-mandje
https://www.phoeniximport.com/nl/4/5216/witte-salie-smudge-m-60-80g-16x4cm.aspx,/products/witte-salie-smudge-m
https://www.phoeniximport.com/nl/4/52172/witte-salie-smudge-s-per-3-verpakt-30-40g-11x3cm.aspx,/products/witte-salie-smudge-s-per-3-verpakt
https://www.phoeniximport.com/nl/4/52152/witte-salie-smudge-l-110-140g-23x5cm.aspx,/products/witte-salie-smudge-l
https://www.phoeniximport.com/nl/4/19805/wierook-witte-salie-salvia-apiana-in-pot-100-g.aspx,/products/wierook-witte-salie-salvia-apiana-in-pot
https://www.phoeniximport.com/nl/4/5253/ceder-smudge-stick-s-set-van-2-10-11cm-25-35g.aspx,/products/ceder-smudge-stick-s-set-van-2
https://www.phoeniximport.com/nl/4/5255/jeneverbes-smudge-stick-s-set-van-2-10-11cm-25-35g.aspx,/products/jeneverbes-smudge-stick-s-set-van-2
https://www.phoeniximport.com/nl/4/5258/witte-salie-smudge-dragons-blood-s-per-24-in-mandje-10cm-25-35g.aspx,/products/witte-salie-smudge-dragons-blood-s-per-24-in-mandje
https://www.phoeniximport.com/nl/4/5261/witte-salie-smudge-met-yerba-santa-s-set-van-2-11x35cm-30-40g.aspx,/products/witte-salie-smudge-met-yerba-santa-s-set-van-2
https://www.phoeniximport.com/nl/4/5262/witte-salie-smudge-met-jeneverbes-s-set-van-2-11x35cm-30-40g.aspx,/products/witte-salie-smudge-met-jeneverbes-s-set-van-2
https://www.phoeniximport.com/nl/4/5263/witte-salie-smudge-met-ceder-s-set-van-2-11x35cm-30-40g.aspx,/products/witte-salie-smudge-met-ceder-s-set-van-2
https://www.phoeniximport.com/nl/4/5266/witte-salie-smudge-met-jeneverbes-s-per-24-in-mandje-11x35cm-30-40g.aspx,/products/witte-salie-smudge-met-jeneverbes-s-per-24-in-mandje
https://www.phoeniximport.com/nl/4/5267/witte-salie-smudge-met-ceder-s-per-24-in-mandje-11x35cm-30-40g.aspx,/products/witte-salie-smudge-met-ceder-s-per-24-in-mandje
https://www.phoeniximport.com/nl/4/5280/witte-salie-smudge-met-yerba-santa-s-per-24-in-display-1135-cm-3040-g.aspx,/products/witte-salie-smudge-m
https://www.phoeniximport.com/nl/4/5245/yerba-santa-smudge-s-set-van-2-10-11cm-25-35g.aspx,/products/yerba-santa-smudge-s-set-van-2
https://www.phoeniximport.com/nl/4/5286/witte-salie-smudge-met-palo-santo-per-24-in-display-1135-cm-3040-g.aspx,/products/witte-salie-smudge-m
https://www.phoeniximport.com/nl/4/5271/witte-salie-smudge-met-rozenblaadjes-s-per-24-in-display-1011-cm-2535-g.aspx,/products/witte-salie-smudge-m
https://www.phoeniximport.com/nl/4/5285/witte-salie-smudge-met-witte-sinuata-per-24-in-display-1135-cm-3040-g.aspx,/products/witte-salie-smudge-m
https://www.phoeniximport.com/nl/4/5275/witte-salie-smudge-met-eucalyptus-s-per-24-in-display-1011-cm-2535-g.aspx,/products/witte-salie-smudge-m
https://www.phoeniximport.com/nl/4/5287/witte-salie-smudge-met-paarse-sinuata-set-van-2-1135-cm-3040-g.aspx,/products/witte-salie-smudge-m
https://www.phoeniximport.com/nl/4/5243/shasta-sage-smudge-s-set-van-2-10-11cm-25-35g.aspx,/products/shasta-sage-smudge-s-set-van-2
https://www.phoeniximport.com/nl/4/5247/witte-salie-smudge-met-rozemarijn-s-set-van-2-10-11cm-25-35g.aspx,/products/witte-salie-smudge-met-rozemarijn-s-set-van-2
https://www.phoeniximport.com/nl/4/5251/witte-salie-smudge-met-kaneel-s-set-van-2-10-11cm-25-35g.aspx,/products/witte-salie-smudge-met-kaneel-s-set-van-2
https://www.phoeniximport.com/nl/4/5289/witte-salie-smudge-met-palo-santo-set-van-2-1135-cm-3040-g.aspx,/products/witte-salie-smudge-m
https://www.phoeniximport.com/nl/4/5274/witte-salie-smudge-met-rozemarijn-s-per-24-in-display-1011-cm-2535-g.aspx,/products/witte-salie-smudge-m
https://www.phoeniximport.com/nl/4/5241/witte-salie-smudge-met-rozenblaadjes-s-set-van-2-10-11cm-25-35g.aspx,/products/witte-salie-smudge-met-rozenblaadjes-s-set-van-2
https://www.phoeniximport.com/nl/4/5284/witte-salie-smudge-met-paarse-sinuata-per-24-in-display-1135-cm-3040-g.aspx,/products/witte-salie-smudge-m
https://www.phoeniximport.com/nl/4/5288/witte-salie-smudge-met-witte-sinuata-set-van-2-1135-cm-3040-g.aspx,/products/witte-salie-smudge-m
https://www.phoeniximport.com/nl/4/5249/witte-salie-smudge-met-eucalyptus-s-set-van-2-10-11cm-25-35g.aspx,/products/witte-salie-smudge-met-eucalyptus-s-set-van-2
https://www.phoeniximport.com/nl/4/3286/set-yoga-wieroken-6-x-3-doosjes-20-g.aspx,/products/set-yoga-wieroken-6-x-3-doosjes
https://www.phoeniximport.com/nl/4/77142/kattenoog-edelsteenhanger-met-geboord-oog-en-kapje-2-3-cm.aspx,/products/kattenoog-edelsteenhanger-met-geboord-oog-en-kapje
https://www.phoeniximport.com/nl/4/71050/gele-calciet-ruw-edelsteenhanger-3cm.aspx,/products/gele-calciet-ruw-edelsteenhanger
https://www.phoeniximport.com/nl/4/2358/mala-rode-jaspis-108-kralen-08-cm.aspx,/products/mala-rode-jaspis-108-kralen
https://www.phoeniximport.com/nl/4/71068/witte-seleniet-ruw-edelsteenhanger-4cm.aspx,/products/witte-seleniet-ruw-edelsteenhanger
https://www.phoeniximport.com/nl/4/12658/armband-rode-tijgeroog-aa-kwaliteit-elastisch-08-cm.aspx,/products/armband-rode-tijgeroog-aa-kwaliteit-elastisch-1
https://www.phoeniximport.com/nl/4/12668/armband-rozenkwarts-facet-aa-kwaliteit-elastisch-08-cm.aspx,/products/armband-rozenkwarts-facet-aa-kwaliteit-elastisch
https://www.phoeniximport.com/nl/4/71115/blauwe-topaas-ruw-edelsteenhanger-15-3cm.aspx,/products/blauwe-topaas-ruw-edelsteenhanger
https://www.phoeniximport.com/nl/4/12585/chakra-armband-bergkristal-elastisch-8-mm.aspx,/products/new-246
https://www.phoeniximport.com/nl/4/12660/armband-zwarte-onyx-rode-tijgeroog-aa-kwaliteit-elastisch-08-cm.aspx,/products/armband-zwarte-onyx-rode-tijgeroog-aa-kwaliteit-elastisch
https://www.phoeniximport.com/nl/4/2044/armband-koper-oneindigheid-magnetisch-8-mm.aspx,/products/new-176
https://www.phoeniximport.com/nl/4/17845/oorbellen-bloem-des-levens-met-rozenkwarts-25-cm.aspx,/products/oorbellen-bloem-des-levens-met-rozenkwarts
https://www.phoeniximport.com/nl/4/77125/smaragd-edelsteenhanger-met-geboord-oogje-2-3cm.aspx,/products/smaragd-edelsteenhanger-met-geboord-oogje
https://www.phoeniximport.com/nl/4/2341/armband-malachiet-chips-elastisch-04cm.aspx,/products/armband-malachiet-chips-elastisch
https://www.phoeniximport.com/nl/4/17829/hanger-lotus-met-religieuze-symbolen-28-cm.aspx,/products/hanger-lotus-met-religieuze-symbolen
https://www.phoeniximport.com/nl/4/12146/malaarmband-amazoniet-elastisch-met-lotus-08-cm.aspx,/products/mala-armband-amazoniet-elastisch-met-lotus
https://www.phoeniximport.com/nl/4/12577/hanger-halve-maan-amazoniet-2cm.aspx,/products/new-174
https://www.phoeniximport.com/nl/4/12570/armband-amethist-elastisch-met-ster-bedel-6mm.aspx,/products/armband-amethist-elastisch-met-ster-bedel
https://www.phoeniximport.com/nl/4/77131/amethist-edelsteenhanger-met-geboord-oog-en-kapje-1-3-cm.aspx,/products/amethist-edelsteenhanger-met-geboord-oog-en-kapje
https://www.phoeniximport.com/nl/4/6136/oorbellen-libelle-goudkleurig-25-cm.aspx,/products/oorbellen-libelle-goudkleurig
https://www.phoeniximport.com/nl/4/12574/hanger-halve-maan-tijgeroog-2cm.aspx,/products/new-220
https://www.phoeniximport.com/nl/4/13148/hanger-citrien-ruw-gebrande-amethist-2cm.aspx,/products/hanger-citrien-ruw-gebrande-amethist
https://www.phoeniximport.com/nl/4/5960/hanger-yin-yang-obsidiaanbergkristal-3-cm.aspx,/products/hanger-yin-yang-obsidiaan-bergkristal
https://www.phoeniximport.com/nl/4/13143/hanger-amethist-hartvorm-25-cm-55g.aspx,/products/hanger-amethist-hartvorm
https://www.phoeniximport.com/nl/4/13276/hanger-bloem-des-levens-paars-38-cm.aspx,/products/hanger-bloem-des-levens-paars
https://www.phoeniximport.com/nl/4/6008/armband-tijgeroog-04-cm.aspx,/products/armband-tijgeroog
https://www.phoeniximport.com/nl/4/5909/shungiet-hanger-getrommeld-3cm-7g.aspx,/products/shungiet-hanger-getrommeld
https://www.phoeniximport.com/nl/4/71407/rozenkwarts-edelsteenhanger-fantasievorm-3cm.aspx,/products/rozenkwarts-edelsteenhanger-fantasievorm
https://www.phoeniximport.com/nl/4/70303/amethist-licht-edelsteenhanger-15-3cm.aspx,/products/amethist-licht-edelsteenhanger
https://www.phoeniximport.com/nl/4/77122/carneool-edelsteenhanger-met-geboord-oogje-1-25cm.aspx,/products/carneool-edelsteenhanger-met-geboord-oogje
https://www.phoeniximport.com/nl/4/77113/chevron-amethist-edelsteenhanger-met-geboord-oogje-2-3-cm.aspx,/products/chevron-amethist-edelsteenhanger-met-geboord-oogje
https://www.phoeniximport.com/nl/4/77128/amazoniet-edelsteenhanger-met-geboord-oogje.aspx,/products/amazoniet-edelsteenhanger-met-geboord-oogje
https://www.phoeniximport.com/nl/4/12582/hanger-engelenvleugel-bergkristal-3-cm.aspx,/products/new-138
https://www.phoeniximport.com/nl/4/12569/armband-amethist-elastisch-met-ster-bedel-4mm.aspx,/products/armband-amethist-elastisch-met-ster-bedel-1
https://www.phoeniximport.com/nl/4/2525/mala-been-108-schedelvormige-kralen-met-guru-kraal-10-cm.aspx,/products/mala-been-108-schedelvormige-kralen-met-guru-kraal
https://www.phoeniximport.com/nl/4/12539/armband-shungiet-elastisch-06cm.aspx,/products/armband-shungiet-elastisch
https://www.phoeniximport.com/nl/4/1969/armband-koper-double-helix-magnetisch-65cm.aspx,/products/armband-koper-double-helix-magnetisch
https://www.phoeniximport.com/nl/4/17652/orgoniet-hanger-hartvormig-in-meerdere-kleuren-4x42-cm.aspx,/products/orgoniet-hanger-hartvormig-in-meerdere-kleuren
https://www.phoeniximport.com/nl/4/70321/lapis-lazuli-edelsteenhanger-15-3cm.aspx,/products/lapis-lazuli-edelsteenhanger
https://www.phoeniximport.com/nl/4/1985/gedraaide-armband-turquoisekleurige-stenen-65cm.aspx,/products/gedraaide-armband-turquoisekleurige-stenen
https://www.phoeniximport.com/nl/4/70336/zonnesteen-edelsteenhanger-15-3cm.aspx,/products/zonnesteen-edelsteenhanger
https://www.phoeniximport.com/nl/4/11141/armband-citrien-chips-elastisch-07cm.aspx,/products/armband-citrien-chips-elastisch
https://www.phoeniximport.com/nl/4/12616/oorbellen-kambabagroene-aventurijn-klavertje-8-mm.aspx,/products/oorbellen-kambaba-groene-aventurijn-klavertje
https://www.phoeniximport.com/nl/4/77138/rode-agaat-edelsteenhanger-met-geboord-oog-en-kapje-1-25-cm.aspx,/products/rode-agaat-edelsteenhanger-met-geboord-oog-en-kapje
https://www.phoeniximport.com/nl/4/78158/hanger-toermalijn-15-3-cm.aspx,/products/hanger-toermalijn
https://www.phoeniximport.com/nl/4/13134/hanger-opaliet-4cm.aspx,/products/hanger-opaliet
https://www.phoeniximport.com/nl/4/71048/groene-calciet-ruw-edelsteenhanger-2-4cm.aspx,/products/groene-calciet-ruw-edelsteenhanger
https://www.phoeniximport.com/nl/4/70314/heliotroop-bloedsteen-edelsteenhanger-15-3cm.aspx,/products/heliotroop-bloedsteen-edelsteenhanger
https://www.phoeniximport.com/nl/4/70312/paarse-fluoriet-edelsteenhanger-15-3cm.aspx,/products/paarse-fluoriet-edelsteenhanger
https://www.phoeniximport.com/nl/4/13293/armband-pyriet-elastisch-08cm9cm.aspx,/products/armband-pyriet-elastisch
https://www.phoeniximport.com/nl/4/12607/armband-citrienbergkristal-met-boeddha-6-8-mm.aspx,/products/armband-citrien-bergkristal-met-boeddha
https://www.phoeniximport.com/nl/4/15629/mala-malachiet-look-synthetisch-108-kralen-08-cm.aspx,/products/mala-malachiet-look-synthetisch-108-kralen
https://www.phoeniximport.com/nl/4/12703/geschenkflesje-aan-koord-met-groene-aventurijn-en-klavertje-vier-36-cm.aspx,/products/new-499
https://www.phoeniximport.com/nl/4/18026/rituele-schelp-hanger-met-witmetaal-7-cm.aspx,/products/rituele-schelp-hanger-met-witmetaal
https://www.phoeniximport.com/nl/4/11138/armband-rozenkwarts-chips-elastisch--07cm.aspx,/products/armband-rozenkwarts-chips-elastisch
https://www.phoeniximport.com/nl/4/71101/groene-fluoriet-ruw-edelsteenhanger-25cm.aspx,/products/groene-fluoriet-ruw-edelsteenhanger
https://www.phoeniximport.com/nl/4/70337/ametrien-edelsteenhanger-15-3cm.aspx,/products/ametrien-edelsteenhanger
https://www.phoeniximport.com/nl/4/13115/armband-amazoniet-verstelbaar-06-cm.aspx,/products/armband-amazoniet-verstelbaar
https://www.phoeniximport.com/nl/4/12562/ring-zwarte-toermalijn-elastisch-3mm.aspx,/products/ring-zwarte-toermalijn-elastisch
https://www.phoeniximport.com/nl/4/12572/hanger-halve-maan-bergkristal-2cm.aspx,/products/new-51
https://www.phoeniximport.com/nl/4/70340/aquamarijn-a-kwaliteit-edelsteenhanger-15-3cm.aspx,/products/aquamarijn-a-kwaliteit-edelsteenhanger
https://www.phoeniximport.com/nl/4/2043/armband-koper-maanfasen-magnetisch-8-mm.aspx,/products/new-243
https://www.phoeniximport.com/nl/4/5997/armband-aventurijn-06-cm.aspx,/products/armband-aventurijn
https://www.phoeniximport.com/nl/4/17680/armband-koper-7-chakra-mineralen-magnetisch-65cm.aspx,/products/armband-koper-7-chakra-mineralen-magnetisch
https://www.phoeniximport.com/nl/4/64545/levensboom-bola-zwangerschapshanger-goudkleur-25-cm.aspx,/products/levensboom-bola-zwangerschapshanger-goudkleur
https://www.phoeniximport.com/nl/4/2323/mala-gouden-driehoek-aa-kwaliteit-108-kralen-tasje-06-c.aspx,/products/mala-gouden-driehoek-aa-kwaliteit-108-kralen-tasje
https://www.phoeniximport.com/nl/4/1981/armband-koper-gebandeerd-magnetisch-65cm.aspx,/products/armband-koper-gebandeerd-magnetisch
https://www.phoeniximport.com/nl/4/14136/donut-lapis-lazuli-zonder-koord-50-cm.aspx,/products/donut-lapis-lazuli-zonder-koord
https://www.phoeniximport.com/nl/4/5954/armband-lavarozenkwarts-06cm.aspx,/products/armband-lava-rozenkwarts
https://www.phoeniximport.com/nl/4/12535/mala-xinyi-jade-met-kwast-08cm.aspx,/products/mala-xinyi-jade-met-kwast
https://www.phoeniximport.com/nl/4/6027/armband-toermalijn-multicolour-04cm.aspx,/products/armband-toermalijn-multicolour
https://www.phoeniximport.com/nl/4/17823/oorbellen-seed-of-life-messing-goudkleurig-25-cm.aspx,/products/oorbellen-seed-of-life-messing-goudkleurig
https://www.phoeniximport.com/nl/4/77147/zwarte-onyx-edelsteenhanger-met-geboord-oog-en-kapje-1-25-cm.aspx,/products/zwarte-onyx-edelsteenhanger-met-geboord-oog-en-kapje
https://www.phoeniximport.com/nl/4/5952/armband-witte-potato-parels--08cm.aspx,/products/armband-witte-potato-parels
https://www.phoeniximport.com/nl/4/70350/grijze-agaat-edelsteenhanger-15-3cm.aspx,/products/grijze-agaat-edelsteenhanger
https://www.phoeniximport.com/nl/4/19905/palo-santo-armband-ovale-kralen-elastisch-1-cm.aspx,/products/palo-santo-armband-ovale-kralen-elastisch
https://www.phoeniximport.com/nl/4/24011/mala-lotuszaad-108-kralen-aa-kwaliteit-08-cm.aspx,/products/mala-lotuszaad-108-kralen
https://www.phoeniximport.com/nl/4/77133/rozenkwarts-edelsteenhanger-met-geboord-oog-en-kapje-1-3-cm.aspx,/products/rozenkwarts-edelsteenhanger-met-geboord-oog-en-kapje
https://www.phoeniximport.com/nl/4/12590/verstelbare-halsketting-zonnesteen-met-zon-hanger-37-cm.aspx,/products/new-481
https://www.phoeniximport.com/nl/4/12138/hanger-amethist-4-cm.aspx,/products/hanger-amethist
https://www.phoeniximport.com/nl/4/1949/gedraaide-armband-brons-en-goudkleurig-68cm.aspx,/products/gedraaide-armband-brons-en-goudkleurig
https://www.phoeniximport.com/nl/4/17581/bloem-des-levens-hanger-messing-goudkleurig-4-cm.aspx,/products/bloem-des-levens-hanger-messing-goudkleurig
https://www.phoeniximport.com/nl/4/13294/armband-7-chakra-chips-elastisch.aspx,/products/armband-7-chakra-chips-elastisch
https://www.phoeniximport.com/nl/4/70329/rozenkwarts-a-kwaliteit-edelstenhanger-15-3cm.aspx,/products/rozenkwarts-a-kwaliteit-edelstenhanger
https://www.phoeniximport.com/nl/4/12682/armband-amazoniet-facet-aa-kwaliteit-elastisch-08-cm.aspx,/products/armband-amazoniet-facet-aa-kwaliteit-elastisch
https://www.phoeniximport.com/nl/4/71436/natuurlijke-citrien-edelsteenhanger-met-geboord-oogje-25cm.aspx,/products/natuurlijke-citrien-edelsteenhanger-met-geboord-oogje
https://www.phoeniximport.com/nl/4/2530/mala-schelp-naturel-108-kralen-08-cm.aspx,/products/mala-schelp-naturel-108-kralen
https://www.phoeniximport.com/nl/4/5980/armband-toermalijnkwarts-elastisch-04-cm.aspx,/products/armband-toermalijnkwarts-elastisch
https://www.phoeniximport.com/nl/4/11143/armband-groene-aventurijn-chips-elastisch--07-cm.aspx,/products/armband-groene-aventurijn-chips-elastisch
https://www.phoeniximport.com/nl/4/6317/geschenkflesje-aan-koord-met-pyriet-en-feng-shui-kikker-36cm.aspx,/products/geschenkflesje-aan-koord-met-pyriet-en-feng-shui-kikker
https://www.phoeniximport.com/nl/4/13106/hanger-lavasteen-hartvorm-3-cm.aspx,/products/hanger-lavasteen-hartvorm
https://www.phoeniximport.com/nl/4/12640/armband-rudraksha-perzik-maansteen-aa-kwaliteit-elastisch-08-cm.aspx,/products/armband-rudraksha-perzik-maansteen-aa-kwaliteit-elastisch
https://www.phoeniximport.com/nl/4/77104/rozenkwarts-edelsteenhanger-met-geboord-oogje-1-3cm.aspx,/products/rozenkwarts-edelsteenhanger-met-geboord-oogje
https://www.phoeniximport.com/nl/4/1983/gevlochten-armband-brons-en-goudkleurig-65cm.aspx,/products/gevlochten-armband-brons-en-goudkleurig
https://www.phoeniximport.com/nl/4/13146/hanger-bergkristal-facet-s-25-3-cm.aspx,/products/hanger-bergkristal-facet-s
https://www.phoeniximport.com/nl/4/5978/hanger-ammoniet-35-cm.aspx,/products/hanger-ammoniet
https://www.phoeniximport.com/nl/4/13111/malaarmband-amazoniet-elastisch-08-cm.aspx,/products/mala-armband-amazoniet-elastisch
https://www.phoeniximport.com/nl/4/6313/geschenkflesje-aan-koord-met-toermalijn-en-hart-36cm.aspx,/products/geschenkflesje-aan-koord-met-toermalijn-en-hart
https://www.phoeniximport.com/nl/4/12644/armband-thuliet-facet-aa-kwaliteit-elastisch-06-cm.aspx,/products/armband-thuliet-facet-aa-kwaliteit-elastisch
https://www.phoeniximport.com/nl/4/6357/geschenkflesje-aan-koord-met-regenboog-maansteen-en-godinnensymbool-36cm.aspx,/products/geschenkflesje-aan-koord-met-regenboog-maansteen-en-godinnensymbool
https://www.phoeniximport.com/nl/4/17673/orgoniet-hanger-aartsengel-michael-4-cm.aspx,/products/orgoniet-hanger-aartsengel-michael
https://www.phoeniximport.com/nl/4/70353/groene-calciet-edelsteenhanger-15-3cm.aspx,/products/groene-calciet-edelsteenhanger
https://www.phoeniximport.com/nl/4/77170/roze-opaal-edelsteenhanger-met-oog-en-kapje-25-4cm.aspx,/products/roze-opaal-edelsteenhanger-met-oog-en-kapje
https://www.phoeniximport.com/nl/4/12223/malaarmband-amethist-elastisch-met-lotus-08-cm.aspx,/products/mala-armband-amethist-elastisch-met-lotus
https://www.phoeniximport.com/nl/4/78088/hanger-chakra-levensboom-messing-koperkleurig-4-cm.aspx,/products/new-447
https://www.phoeniximport.com/nl/4/77121/sodaliet-edelsteenhanger-met-geboord-oogje-2-3cm.aspx,/products/sodaliet-edelsteenhanger-met-geboord-oogje
https://www.phoeniximport.com/nl/4/5947/armband-fluoriet-03cm.aspx,/products/armband-fluoriet
https://www.phoeniximport.com/nl/4/71435/andes-opaal-edelsteenhanger-met-geboord-oogje-2cm.aspx,/products/andes-opaal-edelsteenhanger-met-geboord-oogje
https://www.phoeniximport.com/nl/4/12542/ring-7-chakra-stenen-elastisch-3mm.aspx,/products/ring-7-chakra-stenen-elastisch
https://www.phoeniximport.com/nl/4/12565/armband-maansteen-elastisch-met-maan-bedel-4mm.aspx,/products/armband-maansteen-elastisch-met-maan-bedel
https://www.phoeniximport.com/nl/4/12665/armband-amethist-facet-aa-kwaliteit-elastisch-06-cm.aspx,/products/armband-amethist-facet-aa-kwaliteit-elastisch-1
https://www.phoeniximport.com/nl/4/13144/hanger-amethist-druppelvorm-25-cm-4g.aspx,/products/hanger-amethist-druppelvorm
https://www.phoeniximport.com/nl/4/14147/hanger-bloem-des-levens-met-amethist-3cm.aspx,/products/hanger-bloem-des-levens-met-amethist
https://www.phoeniximport.com/nl/4/12629/angeliet-armband-met-engelvleugel-elastisch-06-cm.aspx,/products/angeliet-armband-met-engelvleugel-elastisch
https://www.phoeniximport.com/nl/4/12544/armband-drie-kleuren-tijgeroog-roodoranjeblauw-elastisch-8mm.aspx,/products/armband-drie-kleuren-tijgeroog-rood-oranje-blauw-elastisch
https://www.phoeniximport.com/nl/4/17846/oorbellen-bloem-des-levens-met-bergkristal-25-cm.aspx,/products/oorbellen-bloem-des-levens-met-bergkristal
https://www.phoeniximport.com/nl/4/1958/gedraaide-armband-goudkleurig-7cm.aspx,/products/gedraaide-armband-goudkleurig
https://www.phoeniximport.com/nl/4/5999/armband-rozenkwarts--05cm.aspx,/products/armband-rozenkwarts
https://www.phoeniximport.com/nl/4/71424/toermalijnkwarts-edelsteenhanger-met-geboord-oogje-2cm.aspx,/products/toermalijnkwarts-edelsteenhanger-met-geboord-oogje
https://www.phoeniximport.com/nl/4/6119/7-chakra-edelsteenhanger-maanvorm-3cm.aspx,/products/7-chakra-edelsteenhanger-maanvorm
https://www.phoeniximport.com/nl/4/12568/armband-rozenkwarts-elastisch-met-zon-bedel-6mm.aspx,/products/armband-rozenkwarts-elastisch-met-zon-bedel
https://www.phoeniximport.com/nl/4/77132/rode-jaspis-edelsteenhanger-met-geboord-oog-en-kapje-2-3-cm.aspx,/products/rode-jaspis-edelsteenhanger-met-geboord-oog-en-kapje
https://www.phoeniximport.com/nl/4/70352/bergkristal-edelsteenhanger-15-3cm.aspx,/products/bergkristal-edelsteenhanger
https://www.phoeniximport.com/nl/4/71045/aquamarijn-ruw-edelsteenhanger--1-3cm.aspx,/products/aquamarijn-ruw-edelsteenhanger
https://www.phoeniximport.com/nl/4/12655/armband-mookaiet-aa-kwaliteit-elastisch-06-cm.aspx,/products/armband-mookaiet-aa-kwaliteit-elastisch
https://www.phoeniximport.com/nl/4/2048/armband-koper-kruislingse-strepen-magnetisch-8-mm.aspx,/products/new-141
https://www.phoeniximport.com/nl/4/13137/hanger-lapis-lazuli--4cm.aspx,/products/hanger-lapis-lazuli
https://www.phoeniximport.com/nl/4/71074/zwarte-toermalijn-ruw-edelsteenhanger-3-45-cm.aspx,/products/zwarte-toermalijn-ruw-edelsteenhanger-1
https://www.phoeniximport.com/nl/4/12556/ring-lapis-lazuli-elastisch-3mm.aspx,/products/ring-lapis-lazuli-elastisch
https://www.phoeniximport.com/nl/4/12545/armband-kambaba-jaspistijgeroogpicture-jaspis-elastisch-8mm.aspx,/products/armband-kambaba-jaspis-tijgeroog-picture-jaspis-elastisch
https://www.phoeniximport.com/nl/4/13136/hanger-groene-aventurijn-4cm.aspx,/products/hanger-groene-aventurijn
https://www.phoeniximport.com/nl/4/5962/armband-aquamarijn-03cm.aspx,/products/armband-aquamarijn
https://www.phoeniximport.com/nl/4/71061/jade-serpentine-rough-gemstone-pendant-35-cm.aspx,/products/jade-serpentine-rough-gemstone-pendant
https://www.phoeniximport.com/nl/4/12670/armband-bergkristal-facet-aa-kwaliteit-elastisch-08-cm.aspx,/products/armband-bergkristal-facet-aa-kwaliteit-elastisch
https://www.phoeniximport.com/nl/4/12631/angelietbergkristal-oorbellen-met-hart-08-cm.aspx,/products/angeliet-bergkristal-oorbellen-met-hart
https://www.phoeniximport.com/nl/4/12173/malaarmband-rozenkwarts-elastisch-met-boeddha-08-cm.aspx,/products/mala-armband-rozenkwarts-elastisch-met-boeddha
https://www.phoeniximport.com/nl/4/17583/bloem-des-levens-oorbellen-messing-zilverkleurig-25-cm.aspx,/products/bloem-des-levens-oorbellen-messing-zilverkleurig
https://www.phoeniximport.com/nl/4/12533/mala-amethist-aventurijn-bergkristal-ohm-08-cm.aspx,/products/mala-amethist-aventurijn-bergkristal-ohm
https://www.phoeniximport.com/nl/4/17826/ring-bloem-des-levens-messing-roze-goudkleur-3x2-cm.aspx,/products/ring-bloem-des-levens-messing-roze-goudkleur
https://www.phoeniximport.com/nl/4/2398/mala-rozenkwarts-aa-kwaliteit-108-kralen-tasje-06-cm.aspx,/products/mala-rozenkwarts-aa-kwaliteit-108-kralen-tasje-1
https://www.phoeniximport.com/nl/4/6010/armband-zwart-lavasteen-07cm.aspx,/products/armband-zwart-lavasteen
https://www.phoeniximport.com/nl/4/12676/armband-regenboog-maansteen-facet-aa-kwaliteit-elastisch-08-cm.aspx,/products/armband-regenboog-maansteen-facet-aa-kwaliteit-elastisch
https://www.phoeniximport.com/nl/4/2539/malaarmband-rudraksha-21-kralen-verstelbaar-08-cm.aspx,/products/mala-armband-rudraksha-21-kralen-verstelbaar
https://www.phoeniximport.com/nl/4/70302/amethist-donker-edelsteenhanger-15-3cm.aspx,/products/amethist-donker-edelsteenhanger
https://www.phoeniximport.com/nl/4/12222/malaarmband-bergkristal-elastisch-met-ohm-08-cm.aspx,/products/mala-armband-bergkristal-elastisch-met-ohm
https://www.phoeniximport.com/nl/4/12679/armband-tijgeroog-facet-aa-kwaliteit-elastisch-06-cm.aspx,/products/armband-tijgeroog-facet-aa-kwaliteit-elastisch-1
https://www.phoeniximport.com/nl/4/78191/set-van-7-chakra-hangers-35cm.aspx,/products/set-van-7-chakra-hangers
https://www.phoeniximport.com/nl/4/6311/geschenkflesje-aan-koord-met-multicoloured-maansteen-en-eenhoorn-36cm.aspx,/products/geschenkflesje-aan-koord-met-multicoloured-maansteen-en-eenhoorn
https://www.phoeniximport.com/nl/4/6319/geschenkflesje-aan-koord-met-carneool-en-lieveheersbeestje-36cm.aspx,/products/geschenkflesje-aan-koord-met-carneool-en-lieveheersbeestje
https://www.phoeniximport.com/nl/4/6123/amethistpunt-hanger-4-cm.aspx,/products/amethistpunt-hanger
https://www.phoeniximport.com/nl/4/13140/hanger-rozenkwarts-ruw-goudkleur-2-cm.aspx,/products/hanger-rozenkwarts-ruw-goudkleur
https://www.phoeniximport.com/nl/4/71069/shungiet-ruw-edelsteenhanger-3-45cm.aspx,/products/shungiet-ruw-edelsteenhanger
https://www.phoeniximport.com/nl/4/71085/ioliet-watersaffier-ruw-edelsteenhanger-25-cm.aspx,/products/ioliet-watersaffier-ruw-edelsteenhanger
https://www.phoeniximport.com/nl/4/70346/rhodochrosiet-edelsteenhanger-15-3cm.aspx,/products/rhodochrosiet-edelsteenhanger
https://www.phoeniximport.com/nl/4/71406/bergkristal-edelsteenhanger-fantasievorm-3cm.aspx,/products/bergkristal-edelsteenhanger-fantasievorm
https://www.phoeniximport.com/nl/4/17832/oorbellen-bohemian-met-amethist-3x15-cm.aspx,/products/oorbellen-bohemian-met-amethist
https://www.phoeniximport.com/nl/4/12226/mala-rozenkwartsamethist-elastisch-met-lotus-08-cm.aspx,/products/mala-rozenkwarts-amethist-elastisch-met-lotus
https://www.phoeniximport.com/nl/4/77137/tijgeroog-edelsteenhanger-met-geboord-oog-en-kapje-2-3-cm.aspx,/products/tijgeroog-edelsteenhanger-met-geboord-oog-en-kapje
https://www.phoeniximport.com/nl/4/13102/armband-met-bedeltje-rode-granaat-elastisch-05-cm.aspx,/products/armband-met-bedeltje-rode-granaat-elastisch
https://www.phoeniximport.com/nl/4/12711/geschenkflesje-aan-koord-met-zwarte-toermalijn-en-maanfasen-36-cm.aspx,/products/new-505
https://www.phoeniximport.com/nl/4/12566/armband-berg-kristal-elastisch-met-maan-bedel-6mm.aspx,/products/armband-berg-kristal-elastisch-met-maan-bedel
https://www.phoeniximport.com/nl/4/12598/elastische-ring-facet-geslepen-rozenkwarts-2-cm.aspx,/products/new-487
https://www.phoeniximport.com/nl/4/71052/bergkristal-ruw-edelsteenhanger-35cm.aspx,/products/bergkristal-ruw-edelsteenhanger
https://www.phoeniximport.com/nl/4/71404/sodaliet-edelsteenhanger-hartvorm-2-3cm.aspx,/products/sodaliet-edelsteenhanger-hartvorm
https://www.phoeniximport.com/nl/4/5963/armband-bamboe-koraal-06cm.aspx,/products/armband-bamboe-koraal
https://www.phoeniximport.com/nl/4/12649/mala-zwarte-onyx-matte-finish-aa-kwaliteit-in-zakje-06-cm.aspx,/products/mala-zwarte-onyx-matte-finish-aa-kwaliteit-in-zakje
https://www.phoeniximport.com/nl/4/71051/citrien-gebrande-amethist-ruw-edelsteenhanger-25-4cm.aspx,/products/citrien-gebrande-amethist-ruw-edelsteenhanger-1
https://www.phoeniximport.com/nl/4/6125/rozenkwartspunt-hanger-4-cm.aspx,/products/rozenkwartspunt-hanger
https://www.phoeniximport.com/nl/4/12642/armband-aquamarijn-rozenkwarts-amazoniet-thuliet-aa-kwaliteit-elastisch-06-cm.aspx,/products/armband-aquamarijn-rozenkwarts-amazoniet-thuliet-aa-kwaliteit-elastisch-1
https://www.phoeniximport.com/nl/4/17579/bloem-des-levens-hanger-messing-goudkleurig-3-cm.aspx,/products/bloem-des-levens-hanger-messing-goudkleurig-1
https://www.phoeniximport.com/nl/4/12639/mala-perzik-maansteen-rudraksha-aa-kwaliteit-in-zakje-06-cm.aspx,/products/mala-perzik-maansteen-rudraksha-aa-kwaliteit-in-zakje
https://www.phoeniximport.com/nl/4/12567/armband-zonnesteen-elastisch-met-zon-bedel-4mm.aspx,/products/armband-zonnesteen-elastisch-met-zon-bedel-1
https://www.phoeniximport.com/nl/4/77148/amazoniet-edelsteenhanger-met-geboord-oog-en-kapje-1-25-cm.aspx,/products/amazoniet-edelsteenhanger-met-geboord-oog-en-kapje
https://www.phoeniximport.com/nl/4/70324/mosagaat-edelsteenhanger-15-3cm.aspx,/products/mosagaat-edelsteenhanger
https://www.phoeniximport.com/nl/4/71071/tijgeroog-ruw-edelsteenhanger-25-45cm.aspx,/products/tijgeroog-ruw-edelsteenhanger
https://www.phoeniximport.com/nl/4/12595/open-ring-met-7-chakra-stenen-2-cm.aspx,/products/new-490
https://www.phoeniximport.com/nl/4/70332/zwarte-toermalijn-edelsteenhanger-15-3cm.aspx,/products/zwarte-toermalijn-edelsteenhanger
https://www.phoeniximport.com/nl/4/78084/armband-rudrakshalavasteen-elastisch-08-cm-9-cm.aspx,/products/armband-rudraksha-lavasteen-elastisch
https://www.phoeniximport.com/nl/4/12549/armband-maansteen-elastisch-met-sterrenmaanzon-bedels-4mm.aspx,/products/armband-maansteen-elastisch-met-sterren-maan-zon-bedels
https://www.phoeniximport.com/nl/4/15659/armband-turkoois-koraal-zwarte-agaat-verstelbaar-7cm.aspx,/products/armband-turkoois-koraal-zwarte-agaat-verstelbaar
https://www.phoeniximport.com/nl/4/12558/ring-groene-aventurijn-elastisch-3mm.aspx,/products/ring-groene-aventurijn-elastisch
https://www.phoeniximport.com/nl/4/17654/orgoniet-hanger-pegelvormig-meerkleurig-5-cm.aspx,/products/orgoniet-hanger-pegelvormig-meerkleurig
https://www.phoeniximport.com/nl/4/2541/malaarmband-gepolijste-rudraksha-21-kralen-verstelbaar-08-cm.aspx,/products/mala-armband-gepolijste-rudraksha-21-kralen-verstelbaar
https://www.phoeniximport.com/nl/4/71401/groene-kwarts-edelsteenhanger-hartvorm-2-3cm.aspx,/products/groene-kwarts-edelsteenhanger-hartvorm
https://www.phoeniximport.com/nl/4/17265/mala-rudraksha-108-kralen-gepolijst-10-cm.aspx,/products/mala-rudraksha-108-kralen-gepolijst
https://www.phoeniximport.com/nl/4/12645/tulsi-mala-met-angeliet-amazoniet-aa-kwaliteit-in-zakje-08-cm.aspx,/products/tulsi-mala-met-angeliet-amazoniet-aa-kwaliteit-in-zakje
https://www.phoeniximport.com/nl/4/70331/tijgeroog-edelsteenhanger-15-3cm.aspx,/products/tijgeroog-edelsteenhanger
https://www.phoeniximport.com/nl/4/5990/rozenkwarts-oorstekers-925-zilver-08-cm.aspx,/products/rozenkwarts-oorstekers-925-zilver
https://www.phoeniximport.com/nl/4/12617/oorbellen-chevron-amethistbergkristal-met-lotus-8mm.aspx,/products/oorbellen-chevron-amethist-bergkristal-met-lotus
https://www.phoeniximport.com/nl/4/12538/malaarmband-xinyi-jade-elastisch-08cm.aspx,/products/mala-armband-xinyi-jade-elastisch
https://www.phoeniximport.com/nl/4/77103/rode-jaspis-edelsteenhanger-met-geboord-oogje-1-25cm.aspx,/products/rode-jaspis-edelsteenhanger-met-geboord-oogje
https://www.phoeniximport.com/nl/4/70320/labradoriet-edelsteenhanger-15-3cm.aspx,/products/labradoriet-edelsteenhanger
https://www.phoeniximport.com/nl/4/77143/sodaliet-edelsteenhanger-met-geboord-oog-en-kapje-2-3-cm.aspx,/products/sodaliet-edelsteenhanger-met-geboord-oog-en-kapje
https://www.phoeniximport.com/nl/4/17670/orgoniet-hanger-aartsengel-raphal-4-cm.aspx,/products/orgoniet-hanger-aartsengel-raphael
https://www.phoeniximport.com/nl/4/11139/armband-bergkristal-chips-elastisch-07cm.aspx,/products/armband-bergkristal-chips-elastisch
https://www.phoeniximport.com/nl/4/14149/hanger-levensboom-met-groene-aventurijn-3cm.aspx,/products/hanger-levensboom-met-groene-aventurijn
https://www.phoeniximport.com/nl/4/6141/divine-angel-hangers-display-met-36-stuks-25-cm.aspx,/products/divine-angel-hangers-display-met-36-stuks
https://www.phoeniximport.com/nl/4/12600/armband-granaatrozenkwarts-met-hartje-8mm.aspx,/products/armband-granaat-rozenkwarts-met-hartje
https://www.phoeniximport.com/nl/4/12221/malaarmband-bergkristal-elastisch-met-boeddha-08-cm.aspx,/products/mala-armband-bergkristal-elastisch-met-boeddha
https://www.phoeniximport.com/nl/4/12571/hanger-halve-maan-rozenkwarts-2cm.aspx,/products/new-62
https://www.phoeniximport.com/nl/4/12592/verstelbare-halsketting-rozenkwarts-met-ster-hanger-37-cm.aspx,/products/new-500
https://www.phoeniximport.com/nl/4/6135/oorbellen-levensboom-goudkleurig-25-cm.aspx,/products/oorbellen-levensboom-goudkleurig
https://www.phoeniximport.com/nl/4/17818/oorbellen-bohemian-messing-zilverkleurig-3-cm.aspx,/products/oorbellen-bohemian-messing-zilverkleurig
https://www.phoeniximport.com/nl/4/11146/armband-gouden-driehoek-chips-elastisch-07-cm.aspx,/products/armband-gouden-driehoek-chips-elastisch
https://www.phoeniximport.com/nl/4/70348/witte-labradoriet-edelsteenhanger-15-3cm.aspx,/products/witte-labradoriet-edelsteenhanger
https://www.phoeniximport.com/nl/4/19928/palo-santo-sjamanen-ketting-met-inca-kruis-14-cm.aspx,/products/palo-santo-sjamanen-ketting-met-inca-kruis
https://www.phoeniximport.com/nl/4/77160/rhodoniet-edelsteenhanger-met-geboord-oogje-2-3cm.aspx,/products/rhodoniet-edelsteenhanger-met-geboord-oogje
https://www.phoeniximport.com/nl/4/78083/armband-rudrakshalavasteen-met-ohm-elastisch-08cm9cm.aspx,/products/armband-rudraksha-lavasteen-met-ohm-elastisch
https://www.phoeniximport.com/nl/4/12662/mala-tijgeroog-kattenoog-aa-kwaliteit-in-zakje-06-cm.aspx,/products/mala-tijgeroog-kattenoog-aa-kwaliteit-in-zakje
https://www.phoeniximport.com/nl/4/12564/armband-zonnesteen-elastisch-met-zon-bedel-6mm.aspx,/products/armband-zonnesteen-elastisch-met-zon-bedel
https://www.phoeniximport.com/nl/4/17817/ring-bloem-des-levens-messing-goudkleurig--3x2-cm.aspx,/products/ring-bloem-des-levens-messing-goudkleurig
https://www.phoeniximport.com/nl/4/78149/7-chakra-armband-elastisch-07cm.aspx,/products/7-chakra-armband-elastisch
https://www.phoeniximport.com/nl/4/12706/geschenkflesje-aan-koord-met-zwarte-toermalijn-en-levensboom-36-cm.aspx,/products/new-497
https://www.phoeniximport.com/nl/4/12707/geschenkflesje-aan-koord-met-rozenkwarts-en-godin-36-cm.aspx,/products/new-502
https://www.phoeniximport.com/nl/4/6309/geschenkflesje-aan-koord-met-blue-lace-agaat-en-ganesha-36cm.aspx,/products/geschenkflesje-aan-koord-met-blue-lace-agaat-en-ganesha
https://www.phoeniximport.com/nl/4/2467/armbandje-infinity-set-van-10-verschillende-kleuren-24-g.aspx,/products/armbandje-infinity-set-van-10-verschillende-kleuren
https://www.phoeniximport.com/nl/4/13113/armband-obsidiaan-verstelbaar-06-cm.aspx,/products/armband-obsidiaan-verstelbaar
https://www.phoeniximport.com/nl/4/77115/kattenoog-edelsteenhanger-met-geboord-oogje-1-25cm.aspx,/products/kattenoog-edelsteenhanger-met-geboord-oogje
https://www.phoeniximport.com/nl/4/2527/mala-gepolijste-rudraksha-108-kralen-08-cm.aspx,/products/mala-gepolijste-rudraksha-108-kralen-1
https://www.phoeniximport.com/nl/4/12593/open-ring-met-tijgeroog-2-cm.aspx,/products/new-492
https://www.phoeniximport.com/nl/4/71064/rhodoniet-ruw-edelsteenhanger-3cm.aspx,/products/rhodoniet-ruw-edelsteenhanger
https://www.phoeniximport.com/nl/4/12229/malaarmband-roze-zebra-jaspis-elastisch-08-cm.aspx,/products/mala-armband-roze-zebra-jaspis-elastisch
https://www.phoeniximport.com/nl/4/78135/shungiet-hanger-5-cm.aspx,/products/shungiet-hanger
https://www.phoeniximport.com/nl/4/77117/zwavelkwarts-edelsteenhanger-met-geboord-oogje-2-3cm.aspx,/products/zwavelkwarts-edelsteenhanger-met-geboord-oogje
https://www.phoeniximport.com/nl/4/6132/oorbellen-zonnesteen-en-zon-goudkleurig-25-cm.aspx,/products/oorbellen-zonnesteen-en-zon-goudkleurig
https://www.phoeniximport.com/nl/4/71425/mookaet-edelsteenhanger-met-geboord-oogje-2cm.aspx,/products/mookaiet-edelsteenhanger-met-geboord-oogje
https://www.phoeniximport.com/nl/4/12669/armband-bergkristal-facet-aa-kwaliteit-elastisch-06-cm.aspx,/products/armband-bergkristal-facet-aa-kwaliteit-elastisch-1
https://www.phoeniximport.com/nl/4/1971/armband-koper-touwmotief-magnetisch-65cm.aspx,/products/armband-koper-touwmotief-magnetisch
https://www.phoeniximport.com/nl/4/2049/armband-koper-bladeren-magnetisch-8-mm.aspx,/products/new-131
https://www.phoeniximport.com/nl/4/70335/versteend-hout-edelsteenhanger-15-3cm.aspx,/products/versteend-hout-edelsteenhanger
https://www.phoeniximport.com/nl/4/12624/agaat-armband-elastisch-04-cm.aspx,/products/agaat-armband-elastisch
https://www.phoeniximport.com/nl/4/70356/amethistkwarts-edelsteenhanger-15-3cm.aspx,/products/amethistkwarts-edelsteenhanger
https://www.phoeniximport.com/nl/4/13110/armband-rozenkwarts-dubbele-rij-verstelbaar-06-cm.aspx,/products/armband-rozenkwarts-dubbele-rij-verstelbaar
https://www.phoeniximport.com/nl/4/2514/mala-sodaliet-aa-kwaliteit-108-kralen-tasje-06-cm.aspx,/products/mala-sodaliet-aa-kwaliteit-108-kralen-tasje
https://www.phoeniximport.com/nl/4/5949/armband-amethist-facet--06cm.aspx,/products/armband-amethist-facet
https://www.phoeniximport.com/nl/4/19933/palo-santo-ketting-staafjes-elastisch-24x08cm.aspx,/products/palo-santo-ketting-staafjes-elastisch
https://www.phoeniximport.com/nl/4/2531/mala-been-naturel-108-kralen-08-cm.aspx,/products/mala-been-naturel-108-kralen-1
https://www.phoeniximport.com/nl/4/6088/bergkristal-trommelsteen-hanger-geboord-25-35-cm.aspx,/products/bergkristal-trommelsteen-hanger-geboord
https://www.phoeniximport.com/nl/4/71076/bergkristal-ruw-edelsteenhanger--4cm.aspx,/products/bergkristal-ruw-edelsteenhanger-1
https://www.phoeniximport.com/nl/4/70349/rode-agaat-edelsteenhanger-15-3cm.aspx,/products/rode-agaat-edelsteenhanger
https://www.phoeniximport.com/nl/4/12576/hanger-halve-maan-lapis-lazuli-2cm.aspx,/products/new-198
https://www.phoeniximport.com/nl/4/77151/groene-fluoriet-edelsteenhanger-met-geboord-oog-2-3cm.aspx,/products/groene-fluoriet-edelsteenhanger-met-geboord-oog
https://www.phoeniximport.com/nl/4/14190/gomati-chakra-hanger-rond-4cm.aspx,/products/gomati-chakra-hanger-rond
https://www.phoeniximport.com/nl/4/77149/aquamarijn-edelsteenhanger-met-geboord-oog-en-kapje-1-25-cm.aspx,/products/aquamarijn-edelsteenhanger-met-geboord-oog-en-kapje
https://www.phoeniximport.com/nl/4/2045/armband-koper-bloemmotief-magnetisch-8-mm.aspx,/products/new-165
https://www.phoeniximport.com/nl/4/6080/fluoriet-trommelsteen-hanger-geboord-25-3-cm.aspx,/products/fluoriet-trommelsteen-hanger-geboord
https://www.phoeniximport.com/nl/4/12671/armband-labradoriet-facet-aa-kwaliteit-elastisch-06-cm.aspx,/products/armband-labradoriet-facet-aa-kwaliteit-elastisch
https://www.phoeniximport.com/nl/4/71437/rhodochrosiet-edelsteenhanger-met-geboord-oogje-25cm.aspx,/products/rhodochrosiet-edelsteenhanger-met-geboord-oogje
https://www.phoeniximport.com/nl/4/13105/armband-lavasteen-elastisch-12-cm.aspx,/products/armband-lavasteen-elastisch
https://www.phoeniximport.com/nl/4/12594/open-ring-met-amethist-2-cm.aspx,/products/new-491
https://www.phoeniximport.com/nl/4/17681/armbanden-magnetisch-koper-set-van-2-stuks--75-cm.aspx,/products/armbanden-magnetisch-koper-set-van-2-stuks-1
https://www.phoeniximport.com/nl/4/1986/schakelarmband-goudkleurig-65cm.aspx,/products/schakelarmband-goudkleurig
https://www.phoeniximport.com/nl/4/11145/armband-amethist-chips-elastisch-07cm.aspx,/products/armband-amethist-chips-elastisch
https://www.phoeniximport.com/nl/4/6356/geschenkflesje-aan-koord-met-zonnesteen-en-seed-of-life-36cm.aspx,/products/geschenkflesje-aan-koord-met-zonnesteen-en-seed-of-life
https://www.phoeniximport.com/nl/4/17814/oorbellen-lotus-mandala-messing-goudkleurig-35-cm.aspx,/products/oorbellen-lotus-mandala-messing-goudkleurig
https://www.phoeniximport.com/nl/4/77126/bergkristal-edelsteenhanger-met-geboord-oogje-1-25cm.aspx,/products/bergkristal-edelsteenhanger-met-geboord-oogje
https://www.phoeniximport.com/nl/4/78080/armband-rudrakshabergkristal-elastisch-08-cm8-cm.aspx,/products/armband-rudraksha-bergkristal-elastisch
https://www.phoeniximport.com/nl/4/77106/rookkwarts-edelsteenhanger-met-geboord-oogje-05-2cm.aspx,/products/rookkwarts-edelsteenhanger-met-geboord-oogje
https://www.phoeniximport.com/nl/4/70310/groene-fluoriet-edelsteenhanger-15-3cm.aspx,/products/groene-fluoriet-edelsteenhanger
https://www.phoeniximport.com/nl/4/6024/donut-amethist-zonder-koord-4-cm.aspx,/products/donut-amethist-zonder-koord
https://www.phoeniximport.com/nl/4/71399/rozenkwarts-edelsteenhanger-hartvorm-2-3cm.aspx,/products/rozenkwarts-edelsteenhanger-hartvorm
https://www.phoeniximport.com/nl/4/5964/armband-gouden-driehoek-08cm.aspx,/products/armband-gouden-driehoek
https://www.phoeniximport.com/nl/4/71423/melkkwarts-edelsteenhanger-met-geboord-oogje-2cm.aspx,/products/melkkwarts-edelsteenhanger-met-geboord-oogje
https://www.phoeniximport.com/nl/4/78096/ring-met-bergkristal-07cm.aspx,/products/ring-met-bergkristal
https://www.phoeniximport.com/nl/4/12647/mala-tulsi-lavasteen-in-zakje-06-cm.aspx,/products/mala-tulsi-lavasteen-in-zakje-1
https://www.phoeniximport.com/nl/4/71058/labradoriet-ruw-edelsteenhanger--25cm.aspx,/products/labradoriet-ruw-edelsteenhanger
https://www.phoeniximport.com/nl/4/12599/elastische-ring-facet-geslepen-tijgeroog-2-cm.aspx,/products/new-486
https://www.phoeniximport.com/nl/4/12141/mala-amazoniet-elastisch-met-lotus-08-cm.aspx,/products/mala-amazoniet-elastisch-met-lotus
https://www.phoeniximport.com/nl/4/2346/mala-carneool-108-kralen-08-cm.aspx,/products/mala-carneool-108-kralen
https://www.phoeniximport.com/nl/4/19930/palo-santo-armband-ovaal-en-donut-elastisch-1-cm.aspx,/products/palo-santo-armband-ovaal-en-donut-elastisch
https://www.phoeniximport.com/nl/4/13139/hanger-fluoriet-4cm.aspx,/products/hanger-fluoriet
https://www.phoeniximport.com/nl/4/12587/verstelbare-halsketting-lapis-lazuli-met-maan-hanger-37-cm.aspx,/products/new-483
https://www.phoeniximport.com/nl/4/19906/palo-santo-armband-4-huayruro-kralen-elastisch-08-cm.aspx,/products/palo-santo-armband-4-huayruro-kralen-elastisch
https://www.phoeniximport.com/nl/4/17655/orgoniet-ronde-hanger-meerkleurig-4-cm.aspx,/products/orgoniet-ronde-hanger-meerkleurig
https://www.phoeniximport.com/nl/4/78082/armband-hematietgranaat-facet-met-ohm-elastisch-05-cm-7-cm.aspx,/products/armband-hematiet-granaat-facet-met-ohm-elastisch
https://www.phoeniximport.com/nl/4/64544/hanger-ganesha-blad-zilverkleur-4cm.aspx,/products/hanger-ganesha-blad-zilverkleur
https://www.phoeniximport.com/nl/4/71114/lapis-lazuli-ruw-edelsteenhanger-2cm.aspx,/products/lapis-lazuli-ruw-edelsteenhanger
https://www.phoeniximport.com/nl/4/17869/armband-magnetisch-koper-bloem-des-levens-set-van-2-7-cm.aspx,/products/armband-magnetisch-koper-bloem-des-levens-set-van-2
https://www.phoeniximport.com/nl/4/12615/oorbellen-rozenkwartsaardbeienkwarts-met-hartje-8mm.aspx,/products/oorbellen-rozenkwarts-aardbeienkwarts-met-hartje
https://www.phoeniximport.com/nl/4/71113/hemimorfiet-ruw-edelsteenhanger-2cm.aspx,/products/hemimorfiet-ruw-edelsteenhanger
https://www.phoeniximport.com/nl/4/12620/oorbellen-bergkristalamethist-bloem-des-levens-8mm.aspx,/products/oorbellen-bergkristal-amethist-bloem-des-levens
https://www.phoeniximport.com/nl/4/78086/armband-rudraksharozenkwarts-elastisch-08-cm8-cm.aspx,/products/armband-rudraksha-rozenkwarts-elastisch
https://www.phoeniximport.com/nl/4/1979/gedraaide-armband-brons-en-goudkleurig-triple-twist-65cm.aspx,/products/gedraaide-armband-brons-en-goudkleurig-triple-twist
https://www.phoeniximport.com/nl/4/77164/lapis-lazuli-edelsteenhanger-met-geboord-oogje-1-25cm.aspx,/products/lapis-lazuli-edelsteenhanger-met-geboord-oogje
https://www.phoeniximport.com/nl/4/71430/prasioliet-edelsteenhanger-met-geboord-oogje-25cm.aspx,/products/prasioliet-edelsteenhanger-met-geboord-oogje
https://www.phoeniximport.com/nl/4/71433/angeliet-edelsteenhanger-met-geboord-oogje-25cm.aspx,/products/angeliet-edelsteenhanger-met-geboord-oogje
https://www.phoeniximport.com/nl/4/11144/armband-tijgeroog-chips-elastisch-07cm.aspx,/products/armband-tijgeroog-chips-elastisch
https://www.phoeniximport.com/nl/4/12611/armband-multi-stone-8mm.aspx,/products/armband-multi-stone
https://www.phoeniximport.com/nl/4/12557/ring-tijgeroog-elastisch-3mm.aspx,/products/ring-tijgeroog-elastisch
https://www.phoeniximport.com/nl/4/70325/opaliet-edelsteenhanger-15-3cm.aspx,/products/opaliet-edelsteenhanger
https://www.phoeniximport.com/nl/4/71396/rozenkwarts-edelsteenhanger-druppelvorm-2-3cm.aspx,/products/rozenkwarts-edelsteenhanger-druppelvorm
https://www.phoeniximport.com/nl/4/78322/7-chakra-edelsteenhanger-35cm.aspx,/products/7-chakra-edelsteenhanger
https://www.phoeniximport.com/nl/4/12137/hanger-tijgeroog-4-cm.aspx,/products/hanger-tijgeroog
https://www.phoeniximport.com/nl/4/17842/oorbellen-lotus-messing-zilverkleur-18-cm.aspx,/products/oorbellen-lotus-messing-zilverkleur
https://www.phoeniximport.com/nl/4/77140/chevron-amethist-edelsteenhanger-met-geboord-oog-en-kapje-2-3cm.aspx,/products/chevron-amethist-edelsteenhanger-met-geboord-oog-en-kapje
https://www.phoeniximport.com/nl/4/71066/rutielkwarts-ruw-edelsteenhanger-25cm.aspx,/products/rutielkwarts-ruw-edelsteenhanger
https://www.phoeniximport.com/nl/4/16446/set-7-chakra-hangers-met-sanskriet-letters-2-cm.aspx,/products/set-7-chakra-hangers-met-sanskriet-letters
https://www.phoeniximport.com/nl/4/12610/armband-fluorietamethist-met-levensboom-8mm.aspx,/products/armband-fluoriet-amethist-met-levensboom
https://www.phoeniximport.com/nl/4/6016/harten-hangers-amethist-geboord-20-cm.aspx,/products/harten-hangers-amethist-geboord
https://www.phoeniximport.com/nl/4/15658/armband-turkoois-zwarte-agaat-verstelbaar-7-cm.aspx,/products/armband-turkoois-zwarte-agaat-verstelbaar
https://www.phoeniximport.com/nl/4/71049/oranje-calciet-ruw-edelsteenhanger--3cm.aspx,/products/oranje-calciet-ruw-edelsteenhanger
https://www.phoeniximport.com/nl/4/71107/durmotieriet-ruw-edelsteenhanger-25cm.aspx,/products/durmotieriet-ruw-edelsteenhanger
https://www.phoeniximport.com/nl/4/12548/armband-zonnesteen-elastisch-met-sterrenmaanzon-bedels-4mm.aspx,/products/armband-zonnesteen-elastisch-met-sterren-maan-zon-bedels
https://www.phoeniximport.com/nl/4/17849/oorbellen-met-amethist-4x25-cm.aspx,/products/oorbellen-met-amethist
https://www.phoeniximport.com/nl/4/19925/palo-santo-mala-met-guru-kraal-knoopjes-09-cm.aspx,/products/palo-santo-mala-met-guru-kraal-knoopjes
https://www.phoeniximport.com/nl/4/6009/armband-zwarte-toermalijn-05-cm.aspx,/products/armband-zwarte-toermalijn
https://www.phoeniximport.com/nl/4/12678/armband-aventurijn-facet-aa-kwaliteit-elastisch-08-cm.aspx,/products/armband-aventurijn-facet-aa-kwaliteit-elastisch
https://www.phoeniximport.com/nl/4/6133/oorbellen-maan-en-ster-goudkleurig-25-cm.aspx,/products/oorbellen-maan-en-ster-goudkleurig
https://www.phoeniximport.com/nl/4/77161/apatiet-edelsteenhanger-met-geboord-oogje.aspx,/products/apatiet-edelsteenhanger-met-geboord-oogje
https://www.phoeniximport.com/nl/4/77154/zwarte-obsidiaan-edelsteenhanger-met-geboord-oog-1-25-cm.aspx,/products/zwarte-obsidiaan-edelsteenhanger-met-geboord-oog
https://www.phoeniximport.com/nl/4/17616/engelen-armband-aartsengel-uril-75cm-47g.aspx,/products/engelen-armband-aartsengel-uriel
https://www.phoeniximport.com/nl/4/78097/armband-met-lapis-lazuli-65cm.aspx,/products/armband-met-lapis-lazuli
https://www.phoeniximport.com/nl/4/12675/armband-regenboog-maansteen-facet-aa-kwaliteit-elastisch-06-cm.aspx,/products/armband-regenboog-maansteen-facet-aa-kwaliteit-elastisch-1
https://www.phoeniximport.com/nl/4/70304/carneool-edelsteenhanger-15-3cm.aspx,/products/carneool-edelsteenhanger
https://www.phoeniximport.com/nl/4/71112/sodaliet-ruw-edelsteenhanger-2cm.aspx,/products/sodaliet-ruw-edelsteenhanger
https://www.phoeniximport.com/nl/4/12220/malaarmband-bergkristal-elastisch-met-lotus-08-cm.aspx,/products/mala-armband-bergkristal-elastisch-met-lotus
https://www.phoeniximport.com/nl/4/12563/armband-maansteen-elastisch-met-maan-bedel-6mm.aspx,/products/armband-maansteen-elastisch-met-maan-bedel-1
https://www.phoeniximport.com/nl/4/12578/armband-elastisch-toermalijn-mix-06-cm.aspx,/products/new-119
https://www.phoeniximport.com/nl/4/13142/hanger-amethist-ruw-2cm.aspx,/products/hanger-amethist-ruw
https://www.phoeniximport.com/nl/4/70317/jade-edelsteenhanger-15-3cm.aspx,/products/jade-edelsteenhanger
https://www.phoeniximport.com/nl/4/71102/maansteen-ruw-edelsteenhanger-25cm.aspx,/products/maansteen-ruw-edelsteenhanger
https://www.phoeniximport.com/nl/4/77156/witte-howliet-edelsteenhanger-met-geboord-oog-2-3cm.aspx,/products/witte-howliet-edelsteenhanger-met-geboord-oog
https://www.phoeniximport.com/nl/4/2342/mala-agaat-wit-aa-kwaliteit-108-kralen-08-cm.aspx,/products/mala-agaat-wit-aa-kwaliteit-108-kralen
https://www.phoeniximport.com/nl/4/12627/prehniet-armband-facet-geslepen-elastisch-04-cm.aspx,/products/prehniet-armband-facet-geslepen-elastisch
https://www.phoeniximport.com/nl/4/78112/ring-met-turquoise-1cm.aspx,/products/ring-met-turquoise
https://www.phoeniximport.com/nl/4/77109/rode-agaat-edelsteenhanger-met-geboord-oogje-1-25cm.aspx,/products/rode-agaat-edelsteenhanger-met-geboord-oogje
https://www.phoeniximport.com/nl/4/12179/malaarmband-sandelhout-elastisch-08-cm.aspx,/products/mala-armband-sandelhout-elastisch
https://www.phoeniximport.com/nl/4/12579/armband-elastisch-agaat-mix-08-cm.aspx,/products/new-109
https://www.phoeniximport.com/nl/4/12712/geschenkflesje-aan-koord-met-pyriet-en-bloem-des-levens-36-cm.aspx,/products/new-493
https://www.phoeniximport.com/nl/4/11142/armband-aardbeienkwarts-chips-elastisch--07-cm.aspx,/products/armband-aardbeienkwarts-chips-elastisch
https://www.phoeniximport.com/nl/4/6129/verstelbare-ring-met-parel-en-rozenkwarts-hart-2-cm.aspx,/products/verstelbare-ring-met-parel-en-rozenkwarts-hart
https://www.phoeniximport.com/nl/4/12581/hanger-engelenvleugel-rozenkwarts-3-cm.aspx,/products/new-149
https://www.phoeniximport.com/nl/4/70354/oranje-calciet-edelsteenhanger-15-3cm.aspx,/products/oranje-calciet-edelsteenhanger
https://www.phoeniximport.com/nl/4/12139/hanger-rozenkwarts-4-cm.aspx,/products/hanger-rozenkwarts
https://www.phoeniximport.com/nl/4/71059/malachiet-ruw-edelsteenhanger-25cm.aspx,/products/malachiet-ruw-edelsteenhanger
https://www.phoeniximport.com/nl/4/17582/bloem-des-levens-oorbellen-messing-goudkleurig-25-cm.aspx,/products/bloem-des-levens-oorbellen-messing-goudkleurig
https://www.phoeniximport.com/nl/4/71077/rookkwarts-ruw-edelsteenhanger-3cm.aspx,/products/rookkwarts-ruw-edelsteenhanger
https://www.phoeniximport.com/nl/4/12601/armband-tijgeroogrutielkwarts-met-olifant-8-mm.aspx,/products/armband-tijgeroog-rutielkwarts-met-olifant
https://www.phoeniximport.com/nl/4/71062/zebra-onyx-ruw-edelsteenhanger-25cm.aspx,/products/zebra-onyx-ruw-edelsteenhanger
https://www.phoeniximport.com/nl/4/70355/maansteen-edelsteenhanger-15-3cm.aspx,/products/maansteen-edelsteenhanger
https://www.phoeniximport.com/nl/4/77152/sneeuwvlok-obsidiaan-edelsteenhanger-met-geboord-oog-1-25-cm.aspx,/products/sneeuwvlok-obsidiaan-edelsteenhanger-met-geboord-oog
https://www.phoeniximport.com/nl/4/78113/ring-met-amethist-2cm.aspx,/products/ring-met-amethist
https://www.phoeniximport.com/nl/4/12626/lavasteen-armband-met-7-edelstenen-elastisch-04-cm.aspx,/products/lavasteen-armband-met-7-edelstenen-elastisch
https://www.phoeniximport.com/nl/4/78159/orgoniet-hanger-shungiet-45-cm.aspx,/products/orgoniet-hanger-shungiet
https://www.phoeniximport.com/nl/4/77108/tijgeroog-edelsteenhanger-met-geboord-oogje-1-25cm.aspx,/products/tijgeroog-edelsteenhanger-met-geboord-oogje
https://www.phoeniximport.com/nl/4/71426/amber-copal-edelsteenhanger-met-geboord-oogje-25cm.aspx,/products/amber-copal-edelsteenhanger-met-geboord-oogje
https://www.phoeniximport.com/nl/4/12547/armband-lapis-elastisch-met-sterrenmaanzon-bedels-4mm.aspx,/products/armband-lapis-elastisch-met-sterren-maan-zon-bedels
https://www.phoeniximport.com/nl/4/78110/armband-amethist-fijn-06cm.aspx,/products/armband-amethist-fijn
https://www.phoeniximport.com/nl/4/12641/armband-rozenkwarts-thuliet-aa-kwaliteit-elastisch-06-cm.aspx,/products/armband-rozenkwarts-thuliet-aa-kwaliteit-elastisch
https://www.phoeniximport.com/nl/4/77146/bergkristal-edelsteenhanger-met-geboord-oog-en-kapje-2-3-cm.aspx,/products/bergkristal-edelsteenhanger-met-geboord-oog-en-kapje
https://www.phoeniximport.com/nl/4/12555/ring-amethist-elastisch-3mm.aspx,/products/ring-amethist-elastisch
https://www.phoeniximport.com/nl/4/19904/palo-santo-armband-rond-en-ovaal-elastisch-08-cm.aspx,/products/palo-santo-armband-rond-en-ovaal-elastisch
https://www.phoeniximport.com/nl/4/6124/bergkristalpunt-hanger-4-cm.aspx,/products/bergkristalpunt-hanger
https://www.phoeniximport.com/nl/4/6128/chakra-hanger-zilverkleurig-hart-levensboom-3-cm.aspx,/products/chakra-hanger-zilverkleurig-hart-levensboom
https://www.phoeniximport.com/nl/4/12589/verstelbare-halsketting-tijgeroog-met-maan-hanger-37-cm.aspx,/products/new-504
https://www.phoeniximport.com/nl/4/6004/halsketting-zwarte-toermalijn-45-cm.aspx,/products/halsketting-zwarte-toermalijn
https://www.phoeniximport.com/nl/4/77171/chrysopraas-edelsteenhanger-met-oog-en-kapje-2-3cm.aspx,/products/chrysopraas-edelsteenhanger-met-oog-en-kapje
https://www.phoeniximport.com/nl/4/77123/zwarte-toermalijn-edelsteenhanger-met-geboord-oogje.aspx,/products/zwarte-toermalijn-edelsteenhanger-met-geboord-oogje
https://www.phoeniximport.com/nl/4/70307/citrien-edelsteenhanger-15-3cm.aspx,/products/citrien-edelsteenhanger
https://www.phoeniximport.com/nl/4/71428/hematoide-kwarts-edelsteenhanger-met-geboord-oogje-25cm.aspx,/products/hematoide-kwarts-edelsteenhanger-met-geboord-oogje
https://www.phoeniximport.com/nl/4/71409/agaat-edelsteenhanger-fantasievorm-3cm.aspx,/products/agaat-edelsteenhanger-fantasievorm
https://www.phoeniximport.com/nl/4/78140/orgoniet-hanger-bloem-des-levens-seleniet-4-cm.aspx,/products/orgoniet-hanger-bloem-des-levens-seleniet
https://www.phoeniximport.com/nl/4/77162/labradoriet-edelsteenhanger-met-geboord-oogje-1-25cm.aspx,/products/labradoriet-edelsteenhanger-met-geboord-oogje
https://www.phoeniximport.com/nl/4/78104/armband-lotus-met-maansteen--04cm.aspx,/products/armband-lotus-met-maansteen
https://www.phoeniximport.com/nl/4/13117/armband-amazonietzwarte-agaat-06-cm.aspx,/products/armband-amazoniet-zwarte-agaat
https://www.phoeniximport.com/nl/4/70319/kattenoog-edelsteenhanger-15-3cm.aspx,/products/kattenoog-edelsteenhanger
https://www.phoeniximport.com/nl/4/78109/armband-met-amethist-65cm.aspx,/products/armband-met-amethist
https://www.phoeniximport.com/nl/4/13112/malaarmband-amazoniet-elastisch-met-ohm-08-cm.aspx,/products/mala-armband-amazoniet-elastisch-met-ohm
https://www.phoeniximport.com/nl/4/12536/malaarmband-rhodoniet-grijze-kwarts-veer-08-cm.aspx,/products/mala-armband-rhodoniet-grijze-kwarts-veer
https://www.phoeniximport.com/nl/4/12650/armband-zwarte-onyx-matte-finish-aa-kwaliteit-elastisch-10-cm.aspx,/products/armband-zwarte-onyx-matte-finish-aa-kwaliteit-elastisch
https://www.phoeniximport.com/nl/4/71043/agaat-geode-edelsteenhanger-4cm.aspx,/products/agaat-geode-edelsteenhanger
https://www.phoeniximport.com/nl/4/78114/oorbellen-met-zwarte-toermalijn-4cm.aspx,/products/oorbellen-met-zwarte-toermalijn
https://www.phoeniximport.com/nl/4/15137/armband-rudraksha-tijgeroog-en-lavasteen-10-mm.aspx,/products/new-armband-rudraksha-tijgeroog-lavasteen
https://www.phoeniximport.com/nl/4/64546/levensboom-bola-zwangerschapshanger-zilverkleur-25-cm.aspx,/products/levensboom-bola-zwangerschapshanger-zilverkleur
https://www.phoeniximport.com/nl/4/70327/rhodoniet-edelsteenhanger-15-3cm.aspx,/products/rhodoniet-edelsteenhanger
https://www.phoeniximport.com/nl/4/77112/rutielkwarts-edelsteenhanger-met-geboord-oogje-2-3cm.aspx,/products/rutielkwarts-edelsteenhanger-met-geboord-oogje
https://www.phoeniximport.com/nl/4/5991/amethist-oorstekers-925-zilver-06-cm.aspx,/products/amethist-oorstekers-925-zilver
https://www.phoeniximport.com/nl/4/5992/armband-shungiet-elastisch-08cm7cm.aspx,/products/armband-shungiet-elastisch-1
https://www.phoeniximport.com/nl/4/2386/mala-rudraksha-108-kralen-met-rode-kwast-08-cm.aspx,/products/mala-rudraksha-108-kralen-met-rode-kwast-1
https://www.phoeniximport.com/nl/4/77159/honing-calciet-edelsteenhanger-met-geboord-oog-1-25cm.aspx,/products/honing-calciet-edelsteenhanger-met-geboord-oog
https://www.phoeniximport.com/nl/4/12552/armband-ambercitrien-elastisch-6mm.aspx,/products/armband-amber-citrien-elastisch
https://www.phoeniximport.com/nl/4/19921/palo-santo-ketting-veer-klein-6-cm.aspx,/products/palo-santo-ketting-veer-klein
https://www.phoeniximport.com/nl/4/71055/fluoriet-ruw-edelsteenhanger-25-4cm.aspx,/products/fluoriet-ruw-edelsteenhanger
https://www.phoeniximport.com/nl/4/6308/geschenkflesje-aan-koord-met-angeliet-en-engelenvleugel-36cm.aspx,/products/geschenkflesje-aan-koord-met-angeliet-en-engelenvleugel
https://www.phoeniximport.com/nl/4/5957/armband-lavaamethist-06cm.aspx,/products/armband-lava-amethist
https://www.phoeniximport.com/nl/4/78087/hanger-chakra-levensboom-messing-zilverkleurig-4-cm.aspx,/products/new-448
https://www.phoeniximport.com/nl/4/5953/armband-beryl-04-cm.aspx,/products/armband-beryl
https://www.phoeniximport.com/nl/4/78105/armband-bloem-des-levens-met-amethist--03-cm.aspx,/products/armband-bloem-des-levens-met-amethist
https://www.phoeniximport.com/nl/4/19923/palo-santo-armband-ronde-kralen-m-elastisch-08-cm.aspx,/products/palo-santo-armband-ronde-kralen-m-elastisch
https://www.phoeniximport.com/nl/4/70305/chalcedoon-edelsteenhanger-15-3cm.aspx,/products/chalcedoon-edelsteenhanger
https://www.phoeniximport.com/nl/4/71046/blauwe-kyaniet-ruw-edelsteenhanger-35cm.aspx,/products/blauwe-kyaniet-ruw-edelsteenhanger-1
https://www.phoeniximport.com/nl/4/71402/rookkwarts-edelsteenhanger-hartvorm-2-3cm.aspx,/products/rookkwarts-edelsteenhanger-hartvorm
https://www.phoeniximport.com/nl/4/6183/edelsteenringen-assorti-24-stuks-in-displaydoos-11x11x6cm.aspx,/products/edelsteenringen-assorti-24-stuks-in-displaydoos
https://www.phoeniximport.com/nl/4/12651/armband-shiva-oog-agaat-aa-kwaliteit-elastisch-10-cm.aspx,/products/armband-shiva-oog-agaat-aa-kwaliteit-elastisch
https://www.phoeniximport.com/nl/4/19909/palo-santo-ketting-veer-groot-9-cm.aspx,/products/palo-santo-ketting-veer-groot
https://www.phoeniximport.com/nl/4/78137/shungiet-hanger-hartvormig-35-cm.aspx,/products/shungiet-hanger-hartvormig
https://www.phoeniximport.com/nl/4/12531/mala-rozenkwarts-amazoniet-rhodoniet-lotus-08cm.aspx,/products/mala-rozenkwarts-amazoniet-rhodoniet-lotus
https://www.phoeniximport.com/nl/4/70316/howliet-edelsteenhanger-15-3cm.aspx,/products/howliet-edelsteenhanger
https://www.phoeniximport.com/nl/4/6131/verstelbare-ring-met-ster-en-parel-2-cm.aspx,/products/verstelbare-ring-met-ster-en-parel
https://www.phoeniximport.com/nl/4/12612/oorbellen-granaatrozenkwarts-met-hartje-8mm.aspx,/products/oorbellen-granaat-rozenkwarts-met-hartje
https://www.phoeniximport.com/nl/4/11147/armband-zwarte-toermalijn-chips-elastisch--07-cm.aspx,/products/armband-zwarte-toermalijn-chips-elastisch
https://www.phoeniximport.com/nl/4/12713/set-armband-ring-met-goudkleurige-kralen-pasteltinten-7-cm.aspx,/products/new-480
https://www.phoeniximport.com/nl/4/12534/mala-roze-aventurijn-met-kwast-08cm.aspx,/products/mala-roze-aventurijn-met-kwast
https://www.phoeniximport.com/nl/4/5965/armband-larimar-06cm.aspx,/products/armband-larimar
https://www.phoeniximport.com/nl/4/13145/hanger-amethist-facet-32-cm-45g.aspx,/products/hanger-amethist-facet
https://www.phoeniximport.com/nl/4/12603/armband-rozenkwartsaardbeien-kwarts-met-hartje-8-mm.aspx,/products/armband-rozenkwarts-aardbeien-kwarts-met-hartje
https://www.phoeniximport.com/nl/4/12546/armband-amazoniet-elastisch-hartvormig-10mm.aspx,/products/armband-amazoniet-elastisch-hartvormig
https://www.phoeniximport.com/nl/4/70328/rookkwarts-edelsteenhanger.aspx,/products/rookkwarts-edelsteenhanger
https://www.phoeniximport.com/nl/4/2078/armband-infinity-messing-goudkleurig-verstelbaar-7-cm.aspx,/products/new-261
https://www.phoeniximport.com/nl/4/77139/rutielkwarts-edelsteenhanger-met-geboord-oog-en-kapje-1-25cm.aspx,/products/rutielkwarts-edelsteenhanger-met-geboord-oog-en-kapje
https://www.phoeniximport.com/nl/4/12606/armband-lapis-lazulirutielkwarts-met-ganesha-08-cm.aspx,/products/armband-lapis-lazuli-rutielkwarts-met-ganesha
https://www.phoeniximport.com/nl/4/17828/ring-bloem-des-levens-messing-zilverkleur-3x2-cm.aspx,/products/ring-bloem-des-levens-messing-zilverkleur
https://www.phoeniximport.com/nl/4/78100/armband-veer-met-lapis-lazuli--65cm.aspx,/products/armband-veer-met-lapis-lazuli
https://www.phoeniximport.com/nl/4/77169/chalcedoon-edelsteenhanger-met-oog-en-kapje--1-25cm.aspx,/products/chalcedoon-edelsteenhanger-met-oog-en-kapje
https://www.phoeniximport.com/nl/4/12667/armband-rozenkwarts-facet-aa-kwaliteit-elastisch-06-cm.aspx,/products/armband-rozenkwarts-facet-aa-kwaliteit-elastisch-1
https://www.phoeniximport.com/nl/4/12646/tulsi-mala-met-thuliet-rozenkwarts-aa-kwaliteit-in-zakje-08-cm.aspx,/products/tulsi-mala-met-thuliet-rozenkwarts-aa-kwaliteit-in-zakje
https://www.phoeniximport.com/nl/4/12224/malaarmband-amethist-elastisch-met-boeddha-08-cm.aspx,/products/mala-armband-amethist-elastisch-met-boeddha
https://www.phoeniximport.com/nl/4/71103/vuuragaat-ruw-edelsteenhanger-2cm.aspx,/products/vuuragaat-ruw-edelsteenhanger
https://www.phoeniximport.com/nl/4/12532/mala-rhodoniet-grijze-kwarts-veer-08cm.aspx,/products/mala-rhodoniet-grijze-kwarts-veer
https://www.phoeniximport.com/nl/4/12677/armband-aventurijn-facet-aa-kwaliteit-elastisch-06-cm.aspx,/products/armband-aventurijn-facet-aa-kwaliteit-elastisch-1
https://www.phoeniximport.com/nl/4/78099/oorbellen-zwarte-toermalijn-35cm.aspx,/products/oorbellen-zwarte-toermalijn
https://www.phoeniximport.com/nl/4/64547/lotus-bola-zwangerschapshanger-goudkleur-25-cm.aspx,/products/lotus-bola-zwangerschapshanger-goudkleur
https://www.phoeniximport.com/nl/4/15638/mala-wijsheid-111-kralen-06-cm.aspx,/products/mala-wijsheid-111-kralen
https://www.phoeniximport.com/nl/4/17819/ring-lotus-messing-zilverkleurig-25cm.aspx,/products/ring-lotus-messing-zilverkleurig
https://www.phoeniximport.com/nl/4/15941/malaarmband-rudraksha-ompmh-21-kralen-12-cm.aspx,/products/mala-armband-rudraksha-ompmh-21-kralen
https://www.phoeniximport.com/nl/4/70306/citrien-gebrande-amethist-edelsteenhanger-15-3cm.aspx,/products/citrien-gebrande-amethist-edelsteenhanger
https://www.phoeniximport.com/nl/4/70344/regenboog-obsidiaan-edelsteenhanger-15-3cm.aspx,/products/regenboog-obsidiaan-edelsteenhanger
https://www.phoeniximport.com/nl/4/12709/geschenkflesje-aan-koord-met-zonnesteen-en-zon-36-cm.aspx,/products/new-495
https://www.phoeniximport.com/nl/4/6130/verstelbare-ring-met-parel-en-maan-2-cm.aspx,/products/verstelbare-ring-met-parel-en-maan
https://www.phoeniximport.com/nl/4/2528/mala-gepolijste-rudraksha-108-kralen-06-cm.aspx,/products/mala-gepolijste-rudraksha-108-kralen
https://www.phoeniximport.com/nl/4/17813/oorbellen-messing-druppelvorm-goudkleurig-3-cm.aspx,/products/oorbellen-messing-druppelvorm-goudkleurig
https://www.phoeniximport.com/nl/4/70301/amazoniet-edelsteenhanger-15-3cm.aspx,/products/amazoniet-edelsteenhanger
https://www.phoeniximport.com/nl/4/2046/armband-koper-chakrasymbolen-magnetisch-8-mm.aspx,/products/new-157
https://www.phoeniximport.com/nl/4/19922/palo-santo-ketting-chakana-inca-kruis-4-cm.aspx,/products/palo-santo-ketting-chakana-inca-kruis
https://www.phoeniximport.com/nl/4/12681/armband-amazoniet-facet-aa-kwaliteit-elastisch-06-cm.aspx,/products/armband-amazoniet-facet-aa-kwaliteit-elastisch-1
https://www.phoeniximport.com/nl/4/12541/armband-rozenkwarts-elastisch-hartvormig-10mm.aspx,/products/armband-rozenkwarts-elastisch-hartvormig
https://www.phoeniximport.com/nl/4/6079/amethist-trommelsteen-hanger-geboord-25-35-cm.aspx,/products/amethist-trommelsteen-hanger-geboord
https://www.phoeniximport.com/nl/4/12605/armband-chevron-amethistbergkristal-met-lotus-8-mm.aspx,/products/armband-chevron-amethist-bergkristal-met-lotus
https://www.phoeniximport.com/nl/4/12596/open-ring-met-rozenkwarts-2-cm.aspx,/products/new-489
https://www.phoeniximport.com/nl/4/13118/armband-amazoniet-ovale-kraaltjes-elastisch-06-cm.aspx,/products/armband-amazoniet-ovale-kraaltjes-elastisch
https://www.phoeniximport.com/nl/4/6126/groene-aventurijnpunt-hanger-4-cm.aspx,/products/groene-aventurijnpunt-hanger
https://www.phoeniximport.com/nl/4/17675/armband-7-chakras-elastisch--09cm.aspx,/products/armband-7-chakras-elastisch
https://www.phoeniximport.com/nl/4/12580/armband-elastisch-zwarte-toermalijn-08-cm.aspx,/products/new-100
https://www.phoeniximport.com/nl/4/2406/mala-schelp-gegraveerd-ompmh-21-kralen-verstelbaar-08-cm.aspx,/products/mala-schelp-gegraveerd-ompmh-21-kralen-verstelbaar
https://www.phoeniximport.com/nl/4/78111/ring-met-tijgeroog-07cm.aspx,/products/ring-met-tijgeroog
https://www.phoeniximport.com/nl/4/70315/hematiet-edelsteenhanger-15-3cm.aspx,/products/hematiet-edelsteenhanger
https://www.phoeniximport.com/nl/4/12561/ring-amazoniet-elastisch-3mm.aspx,/products/ring-amazoniet-elastisch
https://www.phoeniximport.com/nl/4/12142/mala-amazoniet-elastisch-met-ohm-08-cm.aspx,/products/mala-amazoniet-elastisch-met-ohm
https://www.phoeniximport.com/nl/4/5973/hanger-toermalijn-925-zilver-25-35-cm.aspx,/products/hanger-toermalijn-925-zilver
https://www.phoeniximport.com/nl/4/2519/mala-citrien-aa-kwaliteit-108-kralen-tasje-06-cm.aspx,/products/mala-citrien-aa-kwaliteit-108-kralen-tasje
https://www.phoeniximport.com/nl/4/71056/groene-kwarts-ruw-edelsteenhanger-35cm.aspx,/products/groene-kwarts-ruw-edelsteenhanger
https://www.phoeniximport.com/nl/4/71106/serpentiniet-ruw-edelsteenhanger-2cm.aspx,/products/serpentiniet-ruw-edelsteenhanger
https://www.phoeniximport.com/nl/4/77111/unakiet-edelsteenhanger-met-geboord-oogje-1-25cm.aspx,/products/unakiet-edelsteenhanger-met-geboord-oogje
https://www.phoeniximport.com/nl/4/12225/malaarmband-amethist-elastisch-met-ohm-08-cm.aspx,/products/mala-armband-amethist-elastisch-met-ohm
https://www.phoeniximport.com/nl/4/12664/armband-veelkleurig-maansteen-facet-aa-kwaliteit-elastisch-08-cm.aspx,/products/armband-veelkleurig-maansteen-facet-aa-kwaliteit-elastisch
https://www.phoeniximport.com/nl/4/71395/amethist-edelsteenhanger-druppelvorm-2-3cm.aspx,/products/amethist-edelsteenhanger-druppelvorm
https://www.phoeniximport.com/nl/4/71070/zonnesteen-ruw-edelsteenhanger--3cm.aspx,/products/zonnesteen-ruw-edelsteenhanger
https://www.phoeniximport.com/nl/4/17816/levensboom-hanger-messing-goudkleurig-3-cm.aspx,/products/levensboom-hanger-messing-goudkleurig
https://www.phoeniximport.com/nl/4/13114/armband-toermalijn-verstelbaar-06-cm.aspx,/products/armband-toermalijn-verstelbaar
https://www.phoeniximport.com/nl/4/70343/malachiet-edelsteenhanger-15-3cm.aspx,/products/malachiet-edelsteenhanger
https://www.phoeniximport.com/nl/4/12584/chakra-armband-hematiet-elastisch-8-mm.aspx,/products/new-247
https://www.phoeniximport.com/nl/4/78098/armband-met-labradoriet-65cm.aspx,/products/armband-met-labradoriet
https://www.phoeniximport.com/nl/4/2344/mala-amethist-108-kralen-08-cm.aspx,/products/mala-amethist-108-kralen
https://www.phoeniximport.com/nl/4/2524/mala-rudraksha-108-kralen-met-oranje-kwast-08-cm.aspx,/products/mala-rudraksha-108-kralen-met-oranje-kwast
https://www.phoeniximport.com/nl/4/12608/armband-bergkristalamethist-bloem-des-levens-8-mm.aspx,/products/armband-bergkristal-amethist-bloem-des-levens
https://www.phoeniximport.com/nl/4/12657/armband-rode-tijgeroog-aa-kwaliteit-elastisch-06-cm.aspx,/products/armband-rode-tijgeroog-aa-kwaliteit-elastisch
https://www.phoeniximport.com/nl/4/71104/roze-opaal-ruw-edelsteenhanger-2cm.aspx,/products/roze-opaal-ruw-edelsteenhanger
https://www.phoeniximport.com/nl/4/1982/armband-koper-vier-koorden-magnetisch-65cm.aspx,/products/armband-koper-vier-koorden-magnetisch
https://www.phoeniximport.com/nl/4/6120/7-chakra-edelsteenhanger-hexagon-3cm.aspx,/products/7-chakra-edelsteenhanger-hexagon
https://www.phoeniximport.com/nl/4/77167/witte-maansteen-edelsteenhanger-met-geboord-oogje-1-25-cm.aspx,/products/witte-maansteen-edelsteenhanger-met-geboord-oogje
https://www.phoeniximport.com/nl/4/71067/oranje-seleniet-ruw-edelsteenhanger-55cm.aspx,/products/oranje-seleniet-ruw-edelsteenhanger
https://www.phoeniximport.com/nl/4/14146/hanger-bloem-des-levens-met-bergkristal-3cm.aspx,/products/hanger-bloem-des-levens-met-bergkristal
https://www.phoeniximport.com/nl/4/19926/palo-santo-ketting-elastisch-08-cm.aspx,/products/palo-santo-ketting-elastisch
https://www.phoeniximport.com/nl/4/6178/barnsteen-amber-hangers-12-stuks-in-displaydoos-24x25x9cm.aspx,/products/barnsteen-hangers-12-stuks-in-displaydoos
https://www.phoeniximport.com/nl/4/78329/bergkristal-edelsteenhanger-maanvorm-2x15cm.aspx,/products/bergkristal-edelsteenhanger-maanvorm
https://www.phoeniximport.com/nl/4/12143/mala-amazoniet-elastisch-met-boeddha-08-cm.aspx,/products/mala-amazoniet-elastisch-met-boeddha
https://www.phoeniximport.com/nl/4/5958/armband-amber-05cm.aspx,/products/armband-amber
https://www.phoeniximport.com/nl/4/78094/ring-met-zwarte-toermalijn-2cm.aspx,/products/ring-met-zwarte-toermalijn
https://www.phoeniximport.com/nl/4/12551/armband-aardbeienkwarts-elastisch-met-hartmaan-bedel-6mm.aspx,/products/armband-aardbeienkwarts-elastisch-met-hart-maan-bedel
https://www.phoeniximport.com/nl/4/12583/hanger-engelenvleugel-amethist-3-cm.aspx,/products/new-238
https://www.phoeniximport.com/nl/4/77134/groene-aventurijn-edelsteenhanger-met-geboord-oog-en-kapje-1-25cm.aspx,/products/groene-aventurijn-edelsteenhanger-met-geboord-oog-en-kapje
https://www.phoeniximport.com/nl/4/12227/mala-rozenkwartsamethist-elastisch-met-boeddha-08-cm.aspx,/products/mala-rozenkwarts-amethist-elastisch-met-boeddha
https://www.phoeniximport.com/nl/4/12559/ring-granaat-elastisch-3mm.aspx,/products/ring-granaat-elastisch
https://www.phoeniximport.com/nl/4/11140/armband-lapis-lazuli-chips-elastisch--07cm.aspx,/products/armband-lapis-lazuli-chips-elastisch
https://www.phoeniximport.com/nl/4/12140/hanger-bergkristal-4-cm.aspx,/products/hanger-bergkristal
https://www.phoeniximport.com/nl/4/12630/angelietbergkristal-armband-elastisch-met-hart-08-cm.aspx,/products/angeliet-bergkristal-armband-elastisch-met-hart
https://www.phoeniximport.com/nl/4/2526/mala-kokosnoot-108-kralen-08-cm.aspx,/products/mala-kokosnoot-108-kralen
https://www.phoeniximport.com/nl/4/2343/mala-agaat-zwart-108-kralen-08-cm.aspx,/products/mala-agaat-zwart-108-kralen
https://www.phoeniximport.com/nl/4/2391/mala-sandelhout-108-kralen-08-cm.aspx,/products/mala-sandelhout-108-kralen
https://www.phoeniximport.com/nl/4/2047/armband-koper-gevlochten-magnetisch-8-mm.aspx,/products/new-151
https://www.phoeniximport.com/nl/4/71403/tijgeroog-edelsteenhanger-hartvorm-2-3cm.aspx,/products/tijgeroog-edelsteenhanger-hartvorm
https://www.phoeniximport.com/nl/4/77168/chrysocolla-edelsteenhanger-met-geboord-oogje-1-3cm.aspx,/products/chrysocolla-edelsteenhanger-met-geboord-oogje
https://www.phoeniximport.com/nl/4/78081/armband-tijgerooglavasteen-elastisch-08-cm8-cm.aspx,/products/armband-tijgeroog-lavasteen-elastisch
https://www.phoeniximport.com/nl/4/12543/armband-blauwe-tijgeroog-elastisch-8mm.aspx,/products/armband-blauwe-tijgeroog-elastisch
https://www.phoeniximport.com/nl/4/77135/rookkwarts-edelsteenhanger-met-geboord-oog-en-kapje-2-3-cm.aspx,/products/rookkwarts-edelsteenhanger-met-geboord-oog-en-kapje
https://www.phoeniximport.com/nl/4/12588/verstelbare-halsketting-maansteen-met-maan-hanger-37-cm.aspx,/products/new-482
https://www.phoeniximport.com/nl/4/12654/armband-smaragd-aa-kwaliteit-elastisch-06-cm.aspx,/products/armband-smaragd-aa-kwaliteit-elastisch
https://www.phoeniximport.com/nl/4/12710/geschenkflesje-aan-koord-met-maansteen-en-maan-36-cm.aspx,/products/new-494
https://www.phoeniximport.com/nl/4/71081/pyriet-ruw-edelsteenhanger-25cm.aspx,/products/pyriet-ruw-edelsteenhanger
https://www.phoeniximport.com/nl/4/5948/armband-iris-bergkristal-08-cm.aspx,/products/armband-iris-bergkristal
https://www.phoeniximport.com/nl/4/12632/chakra-armband-dubbele-rij-verstelbaar-06cm.aspx,/products/chakra-armband-dubbele-rij-verstelbaar
https://www.phoeniximport.com/nl/4/78330/maansteen-edelsteenhanger-maanvorm-2x15cm.aspx,/products/maansteen-edelsteenhanger-maanvorm
https://www.phoeniximport.com/nl/4/12673/armband-lapis-lazuli-facet-aa-kwaliteit-elastisch-06-cm.aspx,/products/armband-lapis-lazuli-facet-aa-kwaliteit-elastisch
https://www.phoeniximport.com/nl/4/12704/geschenkflesje-aan-koord-met-angeliet-en-engelenvleugels-36-cm.aspx,/products/new-498
https://www.phoeniximport.com/nl/4/71080/witte-seleniet-ruw-edelsteenhanger-6cm.aspx,/products/witte-seleniet-ruw-edelsteenhanger-1
https://www.phoeniximport.com/nl/4/6150/love-hearts-12-sets-in-gratis-display-265x21-cm.aspx,/products/love-hearts-12-sets-in-gratis-display
https://www.phoeniximport.com/nl/4/77129/aquamarijn-edelsteenhanger-met-geboord-oogje-2-3cm.aspx,/products/aquamarijn-edelsteenhanger-met-geboord-oogje
https://www.phoeniximport.com/nl/4/6029/armband-amethist-6cm.aspx,/products/armband-amethist
https://www.phoeniximport.com/nl/4/6134/oorbellen-harten-goudkleurig-2-cm.aspx,/products/oorbellen-harten-goudkleurig
https://www.phoeniximport.com/nl/4/12661/armband-chakra-chips-aa-kwaliteit-elastisch-06-cm.aspx,/products/armband-chakra-chips-aa-kwaliteit-elastisch
https://www.phoeniximport.com/nl/4/77105/groene-aventurijn-edelsteenhanger-met-geboord-oogje-1-25-cm.aspx,/products/groene-aventurijn-edelsteenhanger-met-geboord-oogje
https://www.phoeniximport.com/nl/4/13109/armband-agaat-dubbele-rij-verstelbaar-06-cm.aspx,/products/armband-agaat-dubbele-rij-verstelbaar
https://www.phoeniximport.com/nl/4/14148/hanger-levensboom-met-bergkristal-3cm.aspx,/products/hanger-levensboom-met-bergkristal
https://www.phoeniximport.com/nl/4/12701/bedelarmband-met-chakra-symbolen-zonnesteen-7-cm.aspx,/products/new-501
https://www.phoeniximport.com/nl/4/5998/armband-bergkristal-06cm.aspx,/products/armband-bergkristal
https://www.phoeniximport.com/nl/4/70311/regenboog-fluoriet-edelsteenhanger-15-3cm.aspx,/products/regenboog-fluoriet-edelsteenhanger
https://www.phoeniximport.com/nl/4/77127/zwarte-onyx-edelsteenhanger-met-geboord-oogje-1-25cm.aspx,/products/zwarte-onyx-edelsteenhanger-met-geboord-oogje
https://www.phoeniximport.com/nl/4/6310/geschenkflesje-aan-koord-met-amethist-en-lotus-36cm.aspx,/products/geschenkflesje-aan-koord-met-amethist-en-lotus
https://www.phoeniximport.com/nl/4/12597/elastische-ring-facet-geslepen-groene-aventurijn-2-cm.aspx,/products/new-488
https://www.phoeniximport.com/nl/4/13282/malaarmband-sandelhout-elastisch-met-ganesha-08-cm.aspx,/products/mala-armband-sandelhout-elastisch-met-ganesha
https://www.phoeniximport.com/nl/4/17862/ring-seed-of-life-met-amethist-zilverkleur-36x22-cm.aspx,/products/ring-seed-of-life-met-amethist-zilverkleur
https://www.phoeniximport.com/nl/4/17656/orgoniet-ovaalvormige-hanger-meerkleurig-5-cm.aspx,/products/orgoniet-ovaalvormige-hanger-meerkleurig
https://www.phoeniximport.com/nl/4/15632/mala-wijsheid-111-kralen-08-cm.aspx,/products/mala-wijsheid-111-kralen-1
https://www.phoeniximport.com/nl/4/71079/blauwe-kyaniet-ruw-edelsteenhanger-5cm.aspx,/products/blauwe-kyaniet-ruw-edelsteenhanger
https://www.phoeniximport.com/nl/4/6312/geschenkflesje-aan-koord-met-lapis-lazuli-en-khamsa-36cm.aspx,/products/geschenkflesje-aan-koord-met-lapis-lazuli-en-khamsa
https://www.phoeniximport.com/nl/4/70333/toermalijnkwarts-edelsteenhanger-15-3cm.aspx,/products/toermalijnkwarts-edelsteenhanger
https://www.phoeniximport.com/nl/4/12604/armband-kambabagroene-aventurijn-met-klavertje-8-mm.aspx,/products/armband-kambaba-groene-aventurijn-met-klavertje
https://www.phoeniximport.com/nl/4/12550/armband-amethist-elastisch-met-maan-bedel-6mm.aspx,/products/armband-amethist-elastisch-met-maan-bedel
https://www.phoeniximport.com/nl/4/71108/chrysopraas-ruw-edelsteenhanger-25cm.aspx,/products/chrysopraas-ruw-edelsteenhanger
https://www.phoeniximport.com/nl/4/15631/armband-chakra-kadam-elastisch-08-cm.aspx,/products/armband-chakra-kadam-elastisch
https://www.phoeniximport.com/nl/4/12700/set-armband-ring-met-goudkleurige-kralen-chakras-7-cm.aspx,/products/new-485
https://www.phoeniximport.com/nl/4/71397/bergkristal-edelsteenhanger-druppelvorm-2-3cm.aspx,/products/bergkristal-edelsteenhanger-druppelvorm
https://www.phoeniximport.com/nl/4/15626/armband-rudraksha-zwarte-onyx-10mm.aspx,/products/armband-rudraksha-zwarte-onyx
https://www.phoeniximport.com/nl/4/12628/angeliet-armband-elastisch-04-cm.aspx,/products/angeliet-armband-elastisch
https://www.phoeniximport.com/nl/4/12537/malaarmband-amethist-aventurijn-bergkristal-ohm-08cm.aspx,/products/mala-armband-amethist-aventurijn-bergkristal-ohm
https://www.phoeniximport.com/nl/4/13108/armband-zwarte-agaat-dubbele-rij-verstelbaar-06-cm.aspx,/products/armband-zwarte-agaat-dubbele-rij-verstelbaar
https://www.phoeniximport.com/nl/4/12553/ring-rozenkwarts-elastisch-3mm.aspx,/products/ring-rozenkwarts-elastisch
https://www.phoeniximport.com/nl/4/2387/mala-rudraksha-108-kralen-met-rode-kwast-1-cm.aspx,/products/mala-rudraksha-108-kralen-met-rode-kwast
https://www.phoeniximport.com/nl/4/77118/veldspaat-edelsteenhanger-met-geboord-oogje-1-25cm.aspx,/products/veldspaat-edelsteenhanger-met-geboord-oogje
https://www.phoeniximport.com/nl/4/2353/mala-goudkwarts-aa-kwaliteit-108-kralen-08-cm.aspx,/products/mala-goudkwarts-aa-kwaliteit-108-kralen
https://www.phoeniximport.com/nl/4/77107/blauwe-kwarts-edelsteenhanger-met-geboord-oogje-1-3cm.aspx,/products/blauwe-kwarts-edelsteenhanger-met-geboord-oogje
https://www.phoeniximport.com/nl/4/6127/chakra-hanger-goudkleurig-hart-levensboom-3-cm.aspx,/products/chakra-hanger-goudkleurig-hart-levensboom
https://www.phoeniximport.com/nl/4/5959/hanger-sterling-zilver-met-amber-kogel-15-cm.aspx,/products/hanger-sterling-zilver-met-amber-kogel
https://www.phoeniximport.com/nl/4/78328/amethist-edelsteenhanger-maanvorm-2x15cm.aspx,/products/amethist-edelsteenhanger-maanvorm
https://www.phoeniximport.com/nl/4/12625/granaat-armband-elastisch-04-cm.aspx,/products/granaat-armband-elastisch
https://www.phoeniximport.com/nl/4/71110/witte-howliet-ruw-edelsteenhanger-2cm.aspx,/products/witte-howliet-ruw-edelsteenhanger
https://www.phoeniximport.com/nl/4/77145/zwarte-toermalijn-edelsteenhanger-met-geboord-oog-en-kapje-1-25cm.aspx,/products/zwarte-toermalijn-edelsteenhanger-met-geboord-oog-en-kapje
https://www.phoeniximport.com/nl/4/71047/blauwe-calciet-ruw-edelsteenhanger-25cm.aspx,/products/blauwe-calciet-ruw-edelsteenhanger
https://www.phoeniximport.com/nl/4/12540/armband-aardbeienkwarts-elastisch-hartvormig-10mm.aspx,/products/armband-aardbeienkwarts-elastisch-hartvormig
https://www.phoeniximport.com/nl/4/1978/gedraaide-armband-turquoisekleurige-steen-65cm.aspx,/products/gedraaide-armband-turquoisekleurige-steen
https://www.phoeniximport.com/nl/4/70330/sodaliet-edelsteenhanger-15-3cm.aspx,/products/sodaliet-edelsteenhanger
https://www.phoeniximport.com/nl/4/16566/hartvorm-chakrahanger-rozenkwarts-3-cm.aspx,/products/hartvorm-chakrahanger-rozenkwarts
https://www.phoeniximport.com/nl/4/12609/armband-labradorietwitte-agaat-met-ohm-8mm.aspx,/products/armband-labradoriet-witte-agaat-met-ohm
https://www.phoeniximport.com/nl/4/5979/armband-lapis-lazuli-04cm.aspx,/products/armband-lapis-lazuli
https://www.phoeniximport.com/nl/4/12174/malaarmband-rozenkwarts-elastisch-met-lotus-08-cm.aspx,/products/mala-armband-rozenkwarts-elastisch-met-lotus
https://www.phoeniximport.com/nl/4/12659/armband-zwarte-onyx-rode-tijgeroog-aa-kwaliteit-elastisch-06-cm.aspx,/products/armband-zwarte-onyx-rode-tijgeroog-aa-kwaliteit-elastisch-1
https://www.phoeniximport.com/nl/4/17825/oorbellen-bloem-met-maansteen-3-cm.aspx,/products/oorbellen-bloem-met-maansteen
https://www.phoeniximport.com/nl/4/77163/prehniet-edelsteenhanger-met-geboord-oogje-2-3cm.aspx,/products/prehniet-edelsteenhanger-met-geboord-oogje
https://www.phoeniximport.com/nl/4/12652/armband-kattenoog-aa-kwaliteit-elastisch-06-cm.aspx,/products/armband-kattenoog-aa-kwaliteit-elastisch-1
https://www.phoeniximport.com/nl/4/71429/vogeloog-jaspis-edelsteenhanger-met-geboord-oogje-25cm.aspx,/products/vogeloog-jaspis-edelsteenhanger-met-geboord-oogje
https://www.phoeniximport.com/nl/4/5995/armband-carneool-09cm.aspx,/products/armband-carneool
https://www.phoeniximport.com/nl/4/12586/chakra-armband-lavasteen-elastisch-8-mm.aspx,/products/new-245
https://www.phoeniximport.com/nl/4/5966/armband-maansteen-06cm.aspx,/products/armband-maansteen
https://www.phoeniximport.com/nl/4/71427/lodoliet-sjamanenkwarts-edelsteenhanger-met-geboord-oogje-25cm.aspx,/products/lodoliet-sjamanenkwarts-edelsteenhanger-met-geboord-oogje
https://www.phoeniximport.com/nl/4/13141/hanger-rozenkwarts-ruw-zilverkleur-2-cm.aspx,/products/hanger-rozenkwarts-ruw-zilverkleur
https://www.phoeniximport.com/nl/4/71073/robijn-in-zoisiet-anyoliet-ruw-edelsteenhanger-25cm.aspx,/products/robijn-in-zoisiet-anyoliet-ruw-edelsteenhanger
https://www.phoeniximport.com/nl/4/78102/armband-levensboom-met-groene-aventurijn-65cm.aspx,/products/armband-levensboom-met-groene-aventurijn
https://www.phoeniximport.com/nl/4/77153/mahonie-obsidiaan-edelsteenhanger-met-geboord-oog-1-25-cm.aspx,/products/mahonie-obsidiaan-edelsteenhanger-met-geboord-oog
https://www.phoeniximport.com/nl/4/12144/malaarmband-rozenkwarts-elastisch-met-ohm-08-cm.aspx,/products/mala-armband-rozenkwarts-elastisch-met-ohm
https://www.phoeniximport.com/nl/4/12656/armband-mookaiet-aa-kwaliteit-elastisch-08-cm.aspx,/products/armband-mookaiet-aa-kwaliteit-elastisch-1
https://www.phoeniximport.com/nl/4/12648/mala-tulsi-lavasteen-in-zakje-08-cm.aspx,/products/mala-tulsi-lavasteen-in-zakje
https://www.phoeniximport.com/nl/4/71078/amethist-ruw-edelsteenhanger-3cm.aspx,/products/amethist-ruw-edelsteenhanger
https://www.phoeniximport.com/nl/4/17580/bloem-des-levens-hanger-messing-zilverkleurig-3-cm.aspx,/products/bloem-des-levens-hanger-messing-zilverkleurig
https://www.phoeniximport.com/nl/4/12575/hanger-halve-maan-groene-aventurijn-2cm.aspx,/products/new-211
https://www.phoeniximport.com/nl/4/19917/palo-santo-ketting-levensboom-35-cm.aspx,/products/new-509
https://www.phoeniximport.com/nl/4/15630/mala-chakra-kadam-108-kralen-08-cm.aspx,/products/mala-chakra-kadam-108-kralen
https://www.phoeniximport.com/nl/4/12702/bedelarmband-met-chakra-symbolen-en-chakra-stenen-7-cm.aspx,/products/new-484
https://www.phoeniximport.com/nl/4/12663/armband-veelkleurig-maansteen-facet-aa-kwaliteit-elastisch-06-cm.aspx,/products/armband-veelkleurig-maansteen-facet-aa-kwaliteit-elastisch-1
https://www.phoeniximport.com/nl/4/2538/malaarmband-rudraksha-21-kralen-verstelbaar-08-cm.aspx,/products/mala-armband-rudraksha-21-kralen-verstelbaar
https://www.phoeniximport.com/nl/4/12622/oorbellen-fluorietamethist-met-levensboom-8-mm.aspx,/products/oorbellen-fluoriet-amethist-met-levensboom
https://www.phoeniximport.com/nl/4/12554/ring-bergkristal-elastisch-3mm.aspx,/products/ring-bergkristal-elastisch
https://www.phoeniximport.com/nl/4/78327/rozenkwarts-edelsteenhanger-maanvorm-2x15cm.aspx,/products/rozenkwarts-edelsteenhanger-maanvorm
https://www.phoeniximport.com/nl/4/5946/armband-hematinerozenkwarts-04cm.aspx,/products/armband-hematine-rozenkwarts
https://www.phoeniximport.com/nl/4/19907/palo-santo-armband-huayruro-kralen-elastisch-06-cm.aspx,/products/palo-santo-armband-huayruro-kralen-elastisch
https://www.phoeniximport.com/nl/4/78425/armband-tijgeroog-zonnesteen-amethist-elastisch-08cm.aspx,/products/armband-tijgeroog-zonnesteen-amethist-elastisch
https://www.phoeniximport.com/nl/4/71065/rozenkwarts-ruw-edelsteenhanger-25cm.aspx,/products/rozenkwarts-ruw-edelsteenhanger
https://www.phoeniximport.com/nl/4/71044/amazoniet-ruw-edelsteenhanger--25cm.aspx,/products/amazoniet-ruw-edelsteenhanger
https://www.phoeniximport.com/nl/4/13101/malaarmband-wenghout-elastisch-08-cm.aspx,/products/mala-armband-wengehout-elastisch
https://www.phoeniximport.com/nl/4/71054/valkenoog-ruw-edelsteenhanger--35cm.aspx,/products/valkenoog-ruw-edelsteenhanger
https://www.phoeniximport.com/nl/4/17682/armbanden-magnetisch-koper-set-van-2-stuks-7cm.aspx,/products/armbanden-magnetisch-koper-set-van-2-stuks
https://www.phoeniximport.com/nl/4/12705/geschenkflesje-aan-koord-met-amethist-en-seed-of-life-36-cm.aspx,/products/new-506
https://www.phoeniximport.com/nl/4/71072/zwarte-toermalijn-ruw-edelsteenhanger--35-cm.aspx,/products/zwarte-toermalijn-ruw-edelsteenhanger
https://www.phoeniximport.com/nl/4/15625/armband-parels-02-03-cm.aspx,/products/armband-parels
https://www.phoeniximport.com/nl/4/12638/armband-hematiet-obsidiaan-tijgeroog-verstelbaar-06cm.aspx,/products/armband-hematiet-obsidiaan-tijgeroog-verstelbaar
https://www.phoeniximport.com/nl/4/17827/ring-bloem-des-levens-messing-koperkleur-3x2-cm.aspx,/products/ring-bloem-des-levens-messing-koperkleur
https://www.phoeniximport.com/nl/4/77144/carneool-edelsteenhanger-met-geboord-oog-en-kapje-1-25-cm.aspx,/products/carneool-edelsteenhanger-met-geboord-oog-en-kapje
https://www.phoeniximport.com/nl/4/2529/mala-been-zwart-wit-108-kralen-met-guru-kraal-08-cm.aspx,/products/mala-been-zwart-wit-108-kralen-met-guru-kraal
https://www.phoeniximport.com/nl/4/5968/hanger-yin-yang-parelmoer-35-cm.aspx,/products/hanger-yin-yang-parelmoer
https://www.phoeniximport.com/nl/4/19908/palo-santo-ketting-hart-32-cm-35-cm.aspx,/products/palo-santo-ketting-hart
https://www.phoeniximport.com/nl/4/14191/gomati-chakra-hanger-druppel-25x4cm.aspx,/products/gomati-chakra-hanger-druppel
https://www.phoeniximport.com/nl/4/2540/malaarmband-agaat-21-kralen-verstelbaar-08-cm.aspx,/products/mala-armband-agaat-21-kralen-verstelbaar
https://www.phoeniximport.com/nl/4/17679/orgoniet-hanger-bloem-des-levens-amethistbergkristal-4cm.aspx,/products/orgoniet-hanger-bloem-des-levens-amethist-bergkristal
https://www.phoeniximport.com/nl/4/14183/armband-hematietobsidiaan-tijgeroog-elastisch-08cm9cm.aspx,/products/armband-hematiet-obsidiaan-tijgeroog-elastisch
https://www.phoeniximport.com/nl/4/71105/natuurlijke-citrien-ruw-edelsteenhanger-2cm.aspx,/products/natuurlijke-citrien-ruw-edelsteenhanger
https://www.phoeniximport.com/nl/4/12708/geschenkflesje-aan-koord-met-bergkristal-en-lotusbloem-36-cm.aspx,/products/new-496
https://www.phoeniximport.com/nl/4/12145/malaarmband-amazoniet-elastisch-met-boeddha-08-cm.aspx,/products/mala-armband-amazoniet-elastisch-met-boeddha
https://www.phoeniximport.com/nl/4/1959/gedraaide-armband-bronskleurig-6cm.aspx,/products/gedraaide-armband-bronskleurig
https://www.phoeniximport.com/nl/4/71400/bergkristal-edelsteenhanger-hartvorm-2-3cm.aspx,/products/bergkristal-edelsteenhanger-hartvorm
https://www.phoeniximport.com/nl/4/12653/armband-kattenoog-aa-kwaliteit-elastisch-08-cm.aspx,/products/armband-kattenoog-aa-kwaliteit-elastisch
https://www.phoeniximport.com/nl/4/6122/agaat-edelsteenhanger-met-kristallisatie-3cm.aspx,/products/agaat-edelsteenhanger-met-kristallisatie
https://www.phoeniximport.com/nl/4/12573/hanger-halve-maan-amethist-2cm.aspx,/products/new-41
https://www.phoeniximport.com/nl/4/12560/ring-gouden-driehoek-elastisch-3mm.aspx,/products/ring-gouden-driehoek-elastisch
https://www.phoeniximport.com/nl/4/1980/schakelarmband-bronskleurig-65cm.aspx,/products/schakelarmband-bronskleurig
https://www.phoeniximport.com/nl/4/19932/palo-santo-armband-staafjes-elastisch-8x08cm.aspx,/products/palo-santo-armband-staafjes-elastisch
https://www.phoeniximport.com/nl/4/2513/mala-zwarte-toermalijn-aa-kwaliteit-108-kralen-tasje.aspx,/products/mala-zwarte-toermalijn-aa-kwaliteit-108-kralen-tasje-1
https://www.phoeniximport.com/nl/4/71075/citrien-gebrande-amethist-ruw-edelsteenhanger-3-cm.aspx,/products/citrien-gebrande-amethist-ruw-edelsteenhanger
https://www.phoeniximport.com/nl/4/17615/engelen-armband-aartsengel-raphal-75cm-47g.aspx,/products/engelen-armband-aartsengel-raphael
https://www.phoeniximport.com/nl/4/19903/palo-santo-armband-ronde-kralen-s-elastisch-06-cm.aspx,/products/palo-santo-armband-ronde-kralen-s-elastisch
https://www.phoeniximport.com/nl/4/78139/orgoniet-hanger-seleniet-hartvormig-35-cm.aspx,/products/orgoniet-hanger-seleniet-hartvormig
https://www.phoeniximport.com/nl/4/71053/smaragd-ruw-edelsteenhanger-25cm.aspx,/products/smaragd-ruw-edelsteenhanger
https://www.phoeniximport.com/nl/4/12643/armband-aquamarijn-rozenkwarts-amazoniet-thuliet-aa-kwaliteit-elastisch-08-cm.aspx,/products/armband-aquamarijn-rozenkwarts-amazoniet-thuliet-aa-kwaliteit-elastisch
https://www.phoeniximport.com/nl/4/12591/verstelbare-halsketting-amethist-met-zon-hanger-37-cm.aspx,/products/new-503
https://www.phoeniximport.com/nl/4/70351/groene-aventurijn-edelsteenhanger-15-3cm.aspx,/products/groene-aventurijn-edelsteenhanger
https://www.phoeniximport.com/nl/4/71109/apatiet-ruw-edelsteenhanger-2cm.aspx,/products/apatiet-ruw-edelsteenhanger
https://www.phoeniximport.com/nl/4/13107/armband-landschap-jaspis-dubbele-rij-verstelbaar-06-cm.aspx,/products/armband-landschap-jaspis-dubbele-rij-verstelbaar
https://www.phoeniximport.com/nl/4/5945/armband-lavaaventurijn-06cm.aspx,/products/armband-lava-aventurijn
https://www.phoeniximport.com/nl/4/71060/witte-maansteen-ruw-edelsteenhanger-35cm.aspx,/products/witte-maansteen-ruw-edelsteenhanger
https://www.phoeniximport.com/nl/4/17576/ring-gouden-driehoek-mineralen.aspx,/products/ring-gouden-driehoek-mineralen
https://www.phoeniximport.com/nl/4/71398/amethist-edelsteenhanger-hartvorm-2-3cm.aspx,/products/amethist-edelsteenhanger-hartvorm
https://www.phoeniximport.com/nl/4/78427/mala-rudraksha-amethist-08cm.aspx,/products/mala-rudraksha-amethist
https://www.phoeniximport.com/nl/4/64543/hanger-shiva-zilverkleur-45-cm.aspx,/products/hanger-shiva-zilverkleur
https://www.phoeniximport.com/nl/4/71086/gele-fluoriet-ruw-edelsteenhanger-25cm.aspx,/products/gele-fluoriet-ruw-edelsteenhanger
https://www.phoeniximport.com/nl/4/15639/armband-lavasteen-rudraksha-sodaliet-10mm.aspx,/products/armband-lavasteen-rudraksha-sodaliet
https://www.phoeniximport.com/nl/4/78095/ring-met-lapis-lazuli-1cm.aspx,/products/ring-met-lapis-lazuli
https://www.phoeniximport.com/nl/4/6000/engelen-hanger-amethist-3-cm.aspx,/products/engelen-hanger-amethist
https://www.phoeniximport.com/nl/4/6002/engelen-hanger-tijgeroog-3-cm.aspx,/products/engelen-hanger-tijgeroog
https://www.phoeniximport.com/nl/4/6001/engelen-hanger-bergkristal-3-cm.aspx,/products/engelen-hanger-bergkristal
https://www.phoeniximport.com/nl/4/5994/engelen-hanger-carneool-3-cm.aspx,/products/engelen-hanger-carneool
https://www.phoeniximport.com/nl/4/1970/armband-koper-bloem-des-levens-magnetisch-65cm.aspx,/products/armband-koper-bloem-des-levens-magnetisch
https://www.phoeniximport.com/nl/4/2468/armbandjes-levensboom-set-van-10-verschillende-kleuren-55-85-cm.aspx,/products/armbandjes-levensboom-set-van-10-verschillende-kleuren
https://www.phoeniximport.com/nl/4/2480/armbandjes-bloem-des-levens-set-van-10-verschillende-kleuren-55-85cm.aspx,/products/armbandjes-bloem-des-levens-set-van-10-verschillende-kleuren
https://www.phoeniximport.com/nl/4/2485/armbandje-levensboom-zwart-verstelbaar-55-85-cm.aspx,/products/armbandje-levensboom-zwart-verstelbaar
https://www.phoeniximport.com/nl/4/2489/armbandje-bloem-des-levens-zwart-verstelbaar-55-85cm.aspx,/products/armbandje-bloem-des-levens-zwart-verstelbaar
https://www.phoeniximport.com/nl/4/13279/malaarmband-wenghout-elastisch-met-levensboom-08-cm.aspx,/products/mala-armband-wengehout-elastisch-met-levensboom
https://www.phoeniximport.com/nl/4/13280/malaarmband-wenghout-elastisch-bloem-des-levens-08cm.aspx,/products/mala-armband-wengehout-elastisch-bloem-des-levens
https://www.phoeniximport.com/nl/4/13291/mala-chakra-rudraksha-108-kralen-44cm.aspx,/products/mala-chakra-rudraksha-108-kralen
https://www.phoeniximport.com/nl/4/60921/katoenen-waxkoord-zwart-100-meter-015-cm.aspx,/products/katoenen-waxkoord-zwart-100-meter
https://www.phoeniximport.com/nl/4/7012/rundleer-koord-zwart-100-meter-015-cm.aspx,/products/rundleer-koord-zwart-100-meter
https://www.phoeniximport.com/nl/4/5970/lederen-halsketting-met-karabijnslotje-lichtbruin-45-cm.aspx,/products/lederen-halsketting-met-karabijnslotje-lichtbruin
https://www.phoeniximport.com/nl/4/5971/lederen-halsketting-met-karabijnslotje-zwart-45-cm.aspx,/products/lederen-halsketting-met-karabijnslotje-zwart
https://www.phoeniximport.com/nl/4/5969/lederen-halsketting-met-karabijnslotje-multicolour-45-cm.aspx,/products/lederen-halsketting-met-karabijnslotje-multicolour
https://www.phoeniximport.com/nl/4/19927/palo-santo-kralen-100-stuks-08-cm.aspx,/products/palo-santo-kralen-100-stuks-1
https://www.phoeniximport.com/nl/4/7011/rundleer-koord-zwart-50-meter-02-cm.aspx,/products/rundleer-koord-zwart-50-meter
https://www.phoeniximport.com/nl/4/19929/palo-santo-kralen-100-stuks-06-cm.aspx,/products/palo-santo-kralen-100-stuks
https://www.phoeniximport.com/nl/4/2558/elastiekdraad-zwart-35-meter-08mm.aspx,/products/elastiekdraad-zwart-35-meter
https://www.phoeniximport.com/nl/4/12147/mala-agaat-elastisch-06-cm.aspx,/products/mala-agaat-elastisch
https://www.phoeniximport.com/nl/4/12148/mala-vier-houtsoorten-elastisch-met-sierkralen-06-cm.aspx,/products/mala-vier-houtsoorten-elastisch-met-sierkralen
https://www.phoeniximport.com/nl/4/12149/mala-agaat-mix-elastisch-05-cm.aspx,/products/mala-agaat-mix-elastisch
https://www.phoeniximport.com/nl/4/19924/palo-santo-mala-met-guru-kraal-09-cm.aspx,/products/palo-santo-mala-met-guru-kraal
https://www.phoeniximport.com/nl/4/16226/mala-vaijayantizaad-108-kralen-met-witte-kwast-tasje-06-cm.aspx,/products/mala-vaijayantizaad-108-kralen-met-witte-kwast-tasje
https://www.phoeniximport.com/nl/4/2309/mala-bergkristal-aa-witte-kwast-108-kralen-tasje-08-cm.aspx,/products/mala-bergkristal-aa-witte-kwast-108-kralen-tasje
https://www.phoeniximport.com/nl/4/2310/mala-bergkristalrudraksha-aa-108-kralen-tasje-08-cm.aspx,/products/mala-bergkristal-rudraksha-aa-108-kralen-tasje
https://www.phoeniximport.com/nl/4/2316/mala-onyx-zwart-aa-kwaliteit-108-kralen-07-cm.aspx,/products/mala-onyx-zwart-aa-kwaliteit-108-kralen
https://www.phoeniximport.com/nl/4/2318/mala-rozenkwarts-aa-kwaliteit-108-kralen-tasje-07-cm.aspx,/products/mala-rozenkwarts-aa-kwaliteit-108-kralen-tasje
https://www.phoeniximport.com/nl/4/2321/mala-tijgeroog-aa-kwaliteit-108-kralen-tasje-07cm.aspx,/products/mala-tijgeroog-aa-kwaliteit-108-kralen-tasje
https://www.phoeniximport.com/nl/4/2311/mala-hematiet-aa-kwaliteit-108-kralen-tasje-07-cm.aspx,/products/mala-hematiet-aa-kwaliteit-108-kralen-tasje
https://www.phoeniximport.com/nl/4/2516/mala-shungiet-aa-kwaliteit-108-kralen-tasje-08-cm.aspx,/products/mala-shungiet-aa-kwaliteit-108-kralen-tasje
https://www.phoeniximport.com/nl/4/2515/mala-shungiet-aa-kwaliteit-108-kralen-tasje-06-cm.aspx,/products/mala-shungiet-aa-kwaliteit-108-kralen-tasje-1
https://www.phoeniximport.com/nl/4/71412/vuuragaat-edelsteenhanger-druppelvorm-35-4cm.aspx,/products/vuuragaat-edelsteenhanger-druppelvorm
https://www.phoeniximport.com/nl/4/17253/meditatie-reiskussen-opvouwbaar-43x43x35cm.aspx,/products/meditatie-reiskussen-opvouwbaar
https://www.phoeniximport.com/nl/4/17254/meditatie-reiskussen-32x175x35cm.aspx,/products/meditatie-reiskussen
https://www.phoeniximport.com/nl/4/7997/meditatiekussen-maanfasen-biokatoen-ocs-33x17cm-2300g.aspx,/products/meditatiekussen-maanfasen-biokatoen-ocs
https://www.phoeniximport.com/nl/4/7998/meditatiekussen-zwart-met-ohm-biokatoen-ocs-33x17-cm-2300-g.aspx,/products/meditatiekussen-zwart-met-ohm-biokatoen-ocs
https://www.phoeniximport.com/nl/4/7999/meditatiekussen-bloem-des-levens-biokatoen-ocs-33x17-cm-2300-g.aspx,/products/meditatiekussen-bloem-des-levens-biokatoen-ocs
https://www.phoeniximport.com/nl/4/8000/meditatie-set-bloem-des-levens-biokatoen-ocs-65x65x5-cm-2500-g.aspx,/products/meditatie-set-bloem-des-levens-biokatoen-ocs
https://www.phoeniximport.com/nl/4/8003/meditatie-set-maanfasen-biokatoen-ocs-65x65x5cm-2500g.aspx,/products/meditatie-set-maanfasen-biokatoen-ocs
https://www.phoeniximport.com/nl/4/8005/meditatiekussen-geel-biokatoen-ocs-33x17cm-2300g.aspx,/products/meditatiekussen-geel-biokatoen-ocs
https://www.phoeniximport.com/nl/4/8006/meditatiekussen-oranje-biokatoen-ocs-33x17cm-2300g.aspx,/products/meditatiekussen-oranje-biokatoen-ocs
https://www.phoeniximport.com/nl/4/8009/meditatiekussen-zwartviolet-lotus-ohm-geborduurd-33x17-cm.aspx,/products/meditatiekussen-zwart-violet-lotus-ohm-geborduurd
https://www.phoeniximport.com/nl/4/8010/meditatiekussen-zwartviolet-ohm-geborduurd-33x17-cm.aspx,/products/meditatiekussen-zwart-violet-ohm-geborduurd
https://www.phoeniximport.com/nl/4/8012/meditatiekussen-zwartwit-yin-yang-geborduurd-33x17-cm.aspx,/products/meditatiekussen-zwart-wit-yin-yang-geborduurd
https://www.phoeniximport.com/nl/4/801220/meditatie-set-yin-yang-symbool-zwartcrme-65x65x5-cm.aspx,/products/meditatie-set-yin-yang-symbool-zwart-creme
https://www.phoeniximport.com/nl/4/8016/meditatiekussen-zwartrood-ohm-geborduurd-33x17-cm.aspx,/products/meditatiekussen-zwart-rood-ohm-geborduurd
https://www.phoeniximport.com/nl/4/8017/meditatiekussen-violetrood-lotus-geborduurd-33x17-cm.aspx,/products/meditatiekussen-violet-rood-lotus-geborduurd
https://www.phoeniximport.com/nl/4/8019/meditatie-set-levensboom-biokatoen-ocs-65x65x5-cm-2500-g.aspx,/products/meditatie-set-levensboom-biokatoen-ocs
https://www.phoeniximport.com/nl/4/8022/meditatiekussen-violet-bloem-geborduurd-33x17-cm.aspx,/products/meditatiekussen-violet-bloem-geborduurd
https://www.phoeniximport.com/nl/4/8023/meditatiekussen-blauw-bloem-geborduurd-33x17-cm.aspx,/products/meditatiekussen-blauw-bloem-geborduurd
https://www.phoeniximport.com/nl/4/8031/meditatiekussen-roze-biokatoen-ocs-33x17cm-2300g.aspx,/products/meditatiekussen-roze-biokatoen-ocs
https://www.phoeniximport.com/nl/4/8032/meditatiekussen-antraciet-biokatoen-ocs-33x17cm-2300-g.aspx,/products/meditatiekussen-antraciet-biokatoen-ocs
https://www.phoeniximport.com/nl/4/803220/meditatie-set-antraciet-zwart-biokatoen-ocs-65x65x5-cm-2500-g.aspx,/products/meditatie-set-antraciet-zwart-biokatoen-ocs
https://www.phoeniximport.com/nl/4/8033/meditatiekussen-grijs-biokatoen-ocs-33x17cm-2300g.aspx,/products/meditatiekussen-grijs-biokatoen-ocs
https://www.phoeniximport.com/nl/4/8034/meditatiekussen-bruin-biokatoen-ocs-33x17cm-2300g.aspx,/products/meditatiekussen-bruin-biokatoen-ocs
https://www.phoeniximport.com/nl/4/8035/meditatiekussen-licht-aubergine-biokatoen-ocs-33x17-cm-2300-g.aspx,/products/meditatiekussen-licht-aubergine-biokatoen-ocs
https://www.phoeniximport.com/nl/4/8040/meditatiekussen-zwartgoud-levensbloem-opdruk-33x17-cm.aspx,/products/meditatiekussen-zwart-goud-levensbloem-opdruk-1
https://www.phoeniximport.com/nl/4/804020/meditatie-set-zwart-bloem-des-levens-goud-65x65x5-cm.aspx,/products/meditatie-set-zwart-bloem-des-levens-goud
https://www.phoeniximport.com/nl/4/8041/meditatiekussen-roodzilver-levensbloem-opdruk-33x17-cm.aspx,/products/meditatiekussen-rood-zilver-levensbloem-opdruk
https://www.phoeniximport.com/nl/4/8042/meditatiekussen-indigo-biokatoen-ocs-33x17cm-2300g.aspx,/products/meditatiekussen-indigo-biokatoen-ocs
https://www.phoeniximport.com/nl/4/804224/meditatie-set-groen-indigo-biokatoen-ocs-65x65x5-cm-2500-g.aspx,/products/meditatie-set-groen-indigo-biokatoen-ocs
https://www.phoeniximport.com/nl/4/8043/meditatiekussen-licht-aubergine-8-symbolen-geborduurd-33x17-cm.aspx,/products/meditatiekussen-licht-aubergine-8-symbolen-geborduurd
https://www.phoeniximport.com/nl/4/8046/meditatiekussen-groen-levensboom-geborduurd-33x17-cm.aspx,/products/meditatiekussen-groen-levensboom-geborduurd
https://www.phoeniximport.com/nl/4/8049/meditatiekussen-roodoranje-patroon-multi-33x17-cm.aspx,/products/meditatiekussen-rood-oranje-patroon-multi
https://www.phoeniximport.com/nl/4/8051/meditatiekussen-zwart-biokatoen-ocs-33x17cm-2300g.aspx,/products/meditatiekussen-zwart-biokatoen-ocs
https://www.phoeniximport.com/nl/4/805120/meditatie-set-zwart-zwart-biokatoen-ocs-65x65x5-cm-2500-g.aspx,/products/meditatie-set-zwart-zwart-biokatoen-ocs
https://www.phoeniximport.com/nl/4/8052/meditatiekussen-rood-biokatoen-ocs-33x17cm-2300g.aspx,/products/meditatiekussen-rood-biokatoen-ocs
https://www.phoeniximport.com/nl/4/8053/meditatiekussen-groen-biokatoen-ocs-33x17cm-2300g.aspx,/products/meditatiekussen-groen-biokatoen-ocs
https://www.phoeniximport.com/nl/4/8059/meditatiekussen-blauw-biokatoen-ocs-33x17cm-2300g.aspx,/products/meditatiekussen-blauw-biokatoen-ocs
https://www.phoeniximport.com/nl/4/8060/meditatiekussen-violet-biokatoen-ocs-33x17cm-2300g.aspx,/products/meditatiekussen-violet-biokatoen-ocs
https://www.phoeniximport.com/nl/4/8062/meditatiekussen-violet-ohm-geborduurd-33x17-cm.aspx,/products/meditatiekussen-violet-ohm-geborduurd
https://www.phoeniximport.com/nl/4/8066/meditatiekussen-donkerblauw-olifanten-opdruk-33x17-cm.aspx,/products/meditatiekussen-donkerblauw-olifanten-opdruk
https://www.phoeniximport.com/nl/4/8070/meditatiekussen-zwart-lager-model-biokatoen-ocs-2200-g-33x12-cm.aspx,/products/meditatiekussen-zwart-lager-model-biokatoen-ocs
https://www.phoeniximport.com/nl/4/8071/meditatiekussen-rood-lager-model-biokatoen-ocs--2200-g-33x12-cm.aspx,/products/meditatiekussen-rood-lager-model-biokatoen-ocs
https://www.phoeniximport.com/nl/4/8072/meditatiekussen-antraciet-lager-model-biokatoen-ocs-33x12-cm-1810-g.aspx,/products/meditatiekussen-antraciet-lager-model-biokatoen-ocs
https://www.phoeniximport.com/nl/4/8073/meditatiekussen-leisteen-blauw-biokatoen-ocs-33x17cm-2300g.aspx,/products/meditatiekussen-leisteen-blauw-biokatoen-ocs
https://www.phoeniximport.com/nl/4/8074/meditatiekussen-aubergine-lager-model-biokatoen-ocs-33x12cm-1810g.aspx,/products/meditatiekussen-aubergine-lager-model-biokatoen-ocs
https://www.phoeniximport.com/nl/4/8081/meditatiekussen-rood-kind-of-reis-1100-g-26x11-cm.aspx,/products/meditatiekussen-rood-kind-of-reis
https://www.phoeniximport.com/nl/4/8083/meditatiekussen-antraciet-extra-hoog-biokatoen-ocs-36x22-cm-3290-g.aspx,/products/meditatiekussen-antraciet-extra-hoog-biokatoen-ocs
https://www.phoeniximport.com/nl/4/8095/meditatiekussen-zwart-extra-hoog-biokatoen-ocs-36x22cm-3290g.aspx,/products/meditatiekussen-zwart-extra-hoog-biokatoen-ocs
https://www.phoeniximport.com/nl/4/8096/meditatiekussen-rood-extra-hoog-biokatoen-ocs-36x22cm-3290g.aspx,/products/meditatiekussen-rood-extra-hoog-biokatoen-ocs
https://www.phoeniximport.com/nl/4/8101/meditatiekussen-1e-chakra-geborduurd-33x17-cm.aspx,/products/meditatiekussen-1e-chakra-geborduurd
https://www.phoeniximport.com/nl/4/810121/meditatie-set-rood-1e-chakra-65x65x5-cm.aspx,/products/meditatie-set-rood-1e-chakra
https://www.phoeniximport.com/nl/4/8102/meditatiekussen-2e-chakra-geborduurd-33x17-cm.aspx,/products/meditatiekussen-2e-chakra-geborduurd
https://www.phoeniximport.com/nl/4/810222/meditatie-set-oranje-2e-chakra-65x65x5-cm.aspx,/products/meditatie-set-oranje-2e-chakra
https://www.phoeniximport.com/nl/4/8103/meditatiekussen-3e-chakra-geborduurd-33x17-cm.aspx,/products/meditatiekussen-3e-chakra-geborduurd
https://www.phoeniximport.com/nl/4/810323/meditatie-set-geel-3e-chakra-65x65x5-cm.aspx,/products/meditatie-set-geel-3e-chakra
https://www.phoeniximport.com/nl/4/8104/meditatiekussen-4e-chakra-geborduurd-33x17-cm.aspx,/products/meditatiekussen-4e-chakra-geborduurd
https://www.phoeniximport.com/nl/4/8105/meditatiekussen-5e-chakra-geborduurd-2800-g-33x17-cm.aspx,/products/meditatiekussen-5e-chakra-geborduurd
https://www.phoeniximport.com/nl/4/8106/meditatiekussen-6e-chakra-geborduurd-33x17-cm.aspx,/products/meditatiekussen-6e-chakra-geborduurd
https://www.phoeniximport.com/nl/4/810626/meditatie-set-indigo-6e-chakra-65x65x5-cm.aspx,/products/meditatie-set-indigo-6e-chakra
https://www.phoeniximport.com/nl/4/8107/meditatiekussen-7e-chakra-geborduurd-33x17-cm.aspx,/products/meditatiekussen-7e-chakra-geborduurd
https://www.phoeniximport.com/nl/4/810727/meditatie-set-violet-7e-chakra-65x65x5-cm.aspx,/products/meditatie-set-violet-7e-chakra
https://www.phoeniximport.com/nl/4/8153/meditatiekussen-bolster-geel-3e-chakra-38x28x12-cm.aspx,/products/meditatiekussen-bolster-geel-3e-chakra
https://www.phoeniximport.com/nl/4/8161/meditatiekussen-rood-chakra-1-halve-maan-1008-g-33x13-cm.aspx,/products/meditatiekussen-rood-chakra-1-halve-maan
https://www.phoeniximport.com/nl/4/8162/meditatiekussen-oranje-chakra-2-halve-maan-1008-g-33x13-cm.aspx,/products/meditatiekussen-oranje-chakra-2-halve-maan
https://www.phoeniximport.com/nl/4/8163/meditatiekussen-geel-chakra-3-halve-maan-1008-g-33x13-cm.aspx,/products/meditatiekussen-geel-chakra-3-halve-maan
https://www.phoeniximport.com/nl/4/8164/meditatiekussen-groen-chakra-4-halve-maan-1300-g-33x13-cm.aspx,/products/meditatiekussen-groen-chakra-4-halve-maan
https://www.phoeniximport.com/nl/4/8165/meditatiekussen-blauw-chakra-5-halve-maan--1008-g-33x13-cm.aspx,/products/meditatiekussen-blauw-chakra-5-halve-maan
https://www.phoeniximport.com/nl/4/8166/meditatiekussen-indigo-chakra-6-halve-maan-1008-g-33x13-cm.aspx,/products/meditatiekussen-indigo-chakra-6-halve-maan
https://www.phoeniximport.com/nl/4/8167/meditatiekussen-violet-chakra-7-halve-maan-1008-g-33x13cm.aspx,/products/meditatiekussen-violet-chakra-7-halve-maan
https://www.phoeniximport.com/nl/4/8168/meditatiekussens-set-7-chakras-halve-maan-1008-g-33x13-cm.aspx,/products/meditatiekussens-set-7-chakras-halve-maan
https://www.phoeniximport.com/nl/4/8170/meditatiekussen-veelkleurig-vintage-zijde-33x17-cm.aspx,/products/meditatiekussen-veelkleurig-vintage-zijde
https://www.phoeniximport.com/nl/4/8176/meditatiekussen-hennep-33x12-cm.aspx,/products/meditatiekussen-hennep
https://www.phoeniximport.com/nl/4/8176381/meditatie-set-hennep-65x65x5-cm.aspx,/products/meditatie-set-hennep
https://www.phoeniximport.com/nl/4/8192/meditatiekussen-paarszilver-levensbloem-opdruk-33x17-cm.aspx,/products/meditatiekussen-paars-zilver-levensbloem-opdruk
https://www.phoeniximport.com/nl/4/8210/meditatiekussen-rozerood-patroon-multi-33x17-cm.aspx,/products/meditatiekussen-roze-rood-patroon-multi
https://www.phoeniximport.com/nl/4/8211/meditatiekussen-grijsgeelrood-patroon-multi-33x17-cm.aspx,/products/meditatiekussen-grijs-geel-rood-patroon-multi
https://www.phoeniximport.com/nl/4/8212/meditatiekussen-crmeroodgroen-patroon-multi-33x17-cm.aspx,/products/meditatiekussen-creme-rood-groen-patroon-multi
https://www.phoeniximport.com/nl/4/8213/meditatiekussen-crmeoranje-patroon-multi-33x17-cm.aspx,/products/meditatiekussen-creme-oranje-patroon-multi
https://www.phoeniximport.com/nl/4/8215/meditatiekussen-vintage-look-paars-bloem-des-levens-33x17cm-2300-g.aspx,/products/meditatiekussen-vintage-look-paars-bloem-des-levens
https://www.phoeniximport.com/nl/4/8216/meditatiekussen-vintage-look-antraciet-bloem-des-levens-33x17cm-2300g.aspx,/products/meditatiekussen-vintage-look-antraciet-bloem-des-levens
https://www.phoeniximport.com/nl/4/8217/meditatiekussen-levensboom-biokatoen-ocs-33x17-cm-2300-g.aspx,/products/meditatiekussen-levensboom-biokatoen-ocs
https://www.phoeniximport.com/nl/4/8218/meditatiekussen-gayatri-mantra-biokatoen-ocs-33x17-cm-2300-g.aspx,/products/meditatiekussen-gayatri-mantra-biokatoen-ocs
https://www.phoeniximport.com/nl/4/8219/meditatiekussen-lotus-biokatoen-ocs-33x17cm-2300g.aspx,/products/meditatiekussen-lotus-biokatoen-ocs
https://www.phoeniximport.com/nl/4/8225/meditatiekussen-zafu-zwart-biokatoen-ocs-33x145-cm.aspx,/products/meditatiekussen-zafu-zwart-biokatoen-ocs
https://www.phoeniximport.com/nl/4/8226/meditatiekussen-bloem-des-levens-halve-maan-biokatoen-ocs-37x17x13cm-1210g.aspx,/products/meditatiekussen-bloem-des-levens-halve-maan-biokatoen-ocs
https://www.phoeniximport.com/nl/4/8227/meditatiekussen-bolster-bloem-des-levens-rechthoekig-biokatoen-ocs-38x28x13cm-2780g.aspx,/products/meditatiekussen-bolster-bloem-des-levens-rechthoekig-biokatoen-ocs
https://www.phoeniximport.com/nl/4/8231/meditatiekussen-celadon-biokatoen-ocs-33x17cm-2300g.aspx,/products/meditatiekussen-celadon-biokatoen-ocs
https://www.phoeniximport.com/nl/4/8232/meditatiekussen-taupe-biokatoen-ocs-33x17cm-2300g.aspx,/products/meditatiekussen-taupe-biokatoen-ocs
https://www.phoeniximport.com/nl/4/8233/meditatiekussen-donkerpaars-biokatoen-ocs-33x17-cm-2300-g.aspx,/products/meditatiekussen-donkerpaars-biokatoen-ocs
https://www.phoeniximport.com/nl/4/8240/bolster-bohemian-rond-60x16-cm-2300-g.aspx,/products/bolster-bohemian-rond
https://www.phoeniximport.com/nl/4/8243/meditatiekussen-groen-olifanten-opdruk-33x17-cm.aspx,/products/meditatiekussen-groen-olifanten-opdruk
https://www.phoeniximport.com/nl/4/8244/meditatiekussen-paars-olifanten-opdruk-33x17-cm.aspx,/products/meditatiekussen-paars-olifanten-opdruk
https://www.phoeniximport.com/nl/4/8245/bolster-rond-turquoise-biokatoen-ocs-60x16cm-2300-g.aspx,/products/bolster-rond-turquoise-biokatoen-ocs
https://www.phoeniximport.com/nl/4/8266/mini-bolster-zwart-biokatoen-ocs-40x12cm-920g.aspx,/products/mini-bolster-zwart-biokatoen-ocs
https://www.phoeniximport.com/nl/4/8267/mini-bolster-antraciet-biokatoen-ocs-40x12cm-920g.aspx,/products/mini-bolster-antraciet-biokatoen-ocs
https://www.phoeniximport.com/nl/4/8268/mini-bolster-donkerblauw-biokatoen-ocs-40x12cm-920g.aspx,/products/mini-bolster-donkerblauw-biokatoen-ocs
https://www.phoeniximport.com/nl/4/8269/bolster-aztec-rond-60x16cm-2300g.aspx,/products/bolster-aztec-rond
https://www.phoeniximport.com/nl/4/8275/bolster-rond-lotus-saliegroen-biokatoen-ocs-60x16-cm-2300g.aspx,/products/bolster-rond-lotus-saliegroen-biokatoen-ocs
https://www.phoeniximport.com/nl/4/8276/meditatiekussen-lotus-saliegroen-biokatoen-ocs-33x17-cm-2100g.aspx,/products/meditatiekussen-lotus-saliegroen-biokatoen-ocs
https://www.phoeniximport.com/nl/4/8277/meditatiekussen-bolster-lotus-rechthoekig-biokatoen-ocs-38x28x13-cm.aspx,/products/meditatiekussen-bolster-lotus-rechthoekig-biokatoen-ocs
https://www.phoeniximport.com/nl/4/8278/meditatiekussen-halve-maan-lotus-biokatoen-ocs-37x17x13-cm-1008g.aspx,/products/meditatiekussen-halve-maan-lotus-biokatoen-ocs
https://www.phoeniximport.com/nl/4/8279/meditatiekussen-maan-donkerblauw-biokatoen-ocs-33x17-cm-2100g.aspx,/products/meditatiekussen-maan-donkerblauw-biokatoen-ocs
https://www.phoeniximport.com/nl/4/8280/meditatiekussen-zon-wit-biokatoen-ocs-33x17-cm-2100g.aspx,/products/meditatiekussen-zon-wit-biokatoen-ocs
https://www.phoeniximport.com/nl/4/8281/meditatiekussen-lotusplant-antraciet-biokatoen-ocs-33x17-cm-2100g.aspx,/products/meditatiekussen-lotusplant-antraciet-biokatoen-ocs
https://www.phoeniximport.com/nl/4/8282/bolster-lotusplant-antraciet-biokatoen-ocs-60x16-cm-2300g.aspx,/products/bolster-lotusplant-antraciet-biokatoen-ocs
https://www.phoeniximport.com/nl/4/8283/meditatiekussen-hart-beige-biokatoen-ocs-33x17-cm-2100g.aspx,/products/meditatiekussen-hart-beige-biokatoen-ocs
https://www.phoeniximport.com/nl/4/8284/meditatiekussen-sterrenhemel-donkerblauw-biokatoen-ocs-33x17-cm-2100g.aspx,/products/meditatiekussen-sterrenhemel-donkerblauw-biokatoen-ocs
https://www.phoeniximport.com/nl/4/8285/bolster-sterrenhemel-donkerblauw-biokatoen-ocs-60x16-cm-2300g.aspx,/products/bolster-sterrenhemel-donkerblauw-biokatoen-ocs
https://www.phoeniximport.com/nl/4/8286/meditatiekussen-halve-maan-sterrenhemel-donkerblauw-biokatoen-ocs-37x17x13-cm-1008g.aspx,/products/meditatiekussen-halve-maan-sterrenhemel-donkerblauw-biokatoen-ocs
https://www.phoeniximport.com/nl/4/8287/meditatiekussen-oneindige-knoop-beige-biokatoen-ocs-33x17-cm-2100g.aspx,/products/meditatiekussen-oneindige-knoop-beige-biokatoen-ocs
https://www.phoeniximport.com/nl/4/8288/meditatiekussen-halve-maan-oneindige-knoop-beige-biokatoen-ocs-37x17x13-cm.aspx,/products/meditatiekussen-halve-maan-oneindige-knoop-beige-biokatoen-ocs
https://www.phoeniximport.com/nl/4/8289/meditatiekussen-halve-maan-maanfasen-oudrose-biokatoen-ocs-37x17x13-cm-1008g.aspx,/products/meditatiekussen-halve-maan-maanfasen-oudrose-biokatoen-ocs
https://www.phoeniximport.com/nl/4/8290/meditatiekussen-bolster-maanfasen-rechthoekig-biokatoen-ocs-38x28x13-cm-2770g.aspx,/products/meditatiekussen-rechthoek-maanfasen-mauve-biokatoen-ocs
https://www.phoeniximport.com/nl/4/8291/meditatiekussen-bolster-levensboom-rechthoekig-biokatoen-ocs-38x28x13-cm.aspx,/products/meditatiekussen-bolster-levensboom-rechthoekig-biokatoen-ocs
https://www.phoeniximport.com/nl/4/8292/meditatiekussen-seed-of-life-33x17-cm-2100g.aspx,/products/meditatiekussen-seed-of-life
https://www.phoeniximport.com/nl/4/8293/meditatiekussen-ganesha-33x17-cm-2100g.aspx,/products/meditatiekussen-ganesha
https://www.phoeniximport.com/nl/4/8294/meditatiekussen-maanfasen-33x17-cm-2100g.aspx,/products/meditatiekussen-maanfasen
https://www.phoeniximport.com/nl/4/8295/meditatiekussen-halve-maan-maanfasen-33x13-cm-1008g.aspx,/products/meditatiekussen-halve-maan-maanfasen
https://www.phoeniximport.com/nl/4/8296/meditatiekussen-metatron-33x17-cm-2100g.aspx,/products/meditatiekussen-metatron
https://www.phoeniximport.com/nl/4/8297/meditatiekussen-hart-gebroken-wit-biokatoen-ocs-33x17cm-2300g.aspx,/products/new-122
https://www.phoeniximport.com/nl/4/8298/bolster-rond-licht-aubergine-ocs-60x16cm.aspx,/products/new-86
https://www.phoeniximport.com/nl/4/8326/meditatiekussen-halve-maan-groen-levensboom-biokatoen-ocs-37x17x13cm-1210g.aspx,/products/new-39
https://www.phoeniximport.com/nl/4/8327/meditatiekussen-wit-harten-biokatoen-ocs-33x17-cm-2100g.aspx,/products/meditatiekussen-wit-harten-biokatoen-ocs
https://www.phoeniximport.com/nl/4/8328/bolster-wit-harten-biokatoen-ocs-60x16-cm-2300g.aspx,/products/bolster-wit-harten-biokatoen-ocs
https://www.phoeniximport.com/nl/4/8329/meditatiekussen-oudroze-lotus-biokatoen-ocs-33x17-cm-2100g.aspx,/products/meditatiekussen-oudroze-lotus-biokatoen-ocs
https://www.phoeniximport.com/nl/4/8330/bolster-oudroze-lotus-biokatoen-ocs-60x16-cm-2300g.aspx,/products/bolster-oudroze-lotus-biokatoen-ocs
https://www.phoeniximport.com/nl/4/8331/meditatiekussen-rond-wit-regenboog-biokatoen-ocs-33x17cm-2300g.aspx,/products/new-175
https://www.phoeniximport.com/nl/4/8332/meditatiekussen-lila-bodhiblad-biokatoen-ocs-33x17-cm-2100g.aspx,/products/meditatiekussen-lila-bodhiblad-biokatoen-ocs
https://www.phoeniximport.com/nl/4/8333/meditatiekussen-wit-mandala-biokatoen-ocs-33x17-cm-2100g.aspx,/products/meditatiekussen-wit-mandala-biokatoen-ocs
https://www.phoeniximport.com/nl/4/8335/meditatiekussen-bloem-des-levens-mandala-grijs-biokatoen-ocs-33x17-cm-2100g.aspx,/products/new-meditatiekussen-bloem-des-levens-mandala-grijs-biokatoen-ocs
https://www.phoeniximport.com/nl/4/9131/meditatie-set-maan-biokatoen-ocs-65x65cm-2339g.aspx,/products/meditatie-set-maan-biokatoen-ocs
https://www.phoeniximport.com/nl/4/877/katoenen-tasje-maanfasen-roze-19x13cm.aspx,/products/katoenen-tasje-maanfasen-roze
https://www.phoeniximport.com/nl/4/167926/meditatiebankje-amerikaanse-eik-inklapbaar-2040-g-48x17-cm.aspx,/products/meditatiebankje-amerikaanse-eik-inklapbaar
https://www.phoeniximport.com/nl/4/167900/meditatiebankkussen-zwart-met-vulling-48x17x3-cm.aspx,/products/meditatiebankkussen-zwart
https://www.phoeniximport.com/nl/4/167901/meditatiebankkussen-roodbruin-met-vulling-48x17x3-cm.aspx,/products/meditatiebankkussen-roodbruin
https://www.phoeniximport.com/nl/4/167906/meditatiebankkussen-indigo-met-vulling-48x17x3-cm.aspx,/products/meditatiebankkussen-indigo
https://www.phoeniximport.com/nl/4/8336/meditatiebankkussen-wit-bloem-des-levens-met-vulling-46x16x3-cm.aspx,/products/meditatiebankkussen-wit-bloem-des-levens
https://www.phoeniximport.com/nl/4/19/schuimvulling-voor-vierkante-meditatiemat-65x65x5-cm.aspx,/products/schuimvulling-voor-vierkante-meditatiemat
https://www.phoeniximport.com/nl/4/211/meditatiemat-hoes-1e-chakra-rood-biokatoen-gots-65x65x5-cm-239-g.aspx,/products/meditatiemat-hoes-1e-chakra-rood-biokatoen-gots
https://www.phoeniximport.com/nl/4/221/meditatiemat-hoes-2e-chakra-oranje-biokatoen-gots-65x65x5-cm-239-g.aspx,/products/meditatiemat-hoes-2e-chakra-oranje-biokatoen-gots
https://www.phoeniximport.com/nl/4/231/meditatiemat-hoes-3e-chakra-geel-biokatoen-gots-65x65x5-cm-239-g.aspx,/products/meditatiemat-hoes-3e-chakra-geel-biokatoen-gots
https://www.phoeniximport.com/nl/4/241/meditatiemat-hoes-4e-chakra-groen-biokatoen-gots-65x65x5cm-239g.aspx,/products/meditatiemat-hoes-4e-chakra-groen-biokatoen-gots
https://www.phoeniximport.com/nl/4/251/meditatiemat-hoes-5e-chakra-blauw-biokatoen-gots-65x65x5-cm-239-g.aspx,/products/meditatiemat-hoes-5e-chakra-blauw-biokatoen-gots
https://www.phoeniximport.com/nl/4/261/meditatiemat-hoes-6e-chakra-indigo-biokatoen-gots-65x65x5cm-239-g.aspx,/products/meditatiemat-hoes-6e-chakra-indigo-biokatoen-gots
https://www.phoeniximport.com/nl/4/11601/drinkglas-bloem-des-levens-480-ml.aspx,/products/drinkglas-bloem-des-levens
https://www.phoeniximport.com/nl/4/11607/drinkglas-levensboom-effen-480-ml.aspx,/products/drinkglas-levensboom-effen
https://www.phoeniximport.com/nl/4/813/koperen-drinkbeker-gehamerd-350ml.aspx,/products/new-koperen-drinkbeker-gehamerd
https://www.phoeniximport.com/nl/4/818/koperen-drinkbeker-lotus-lasergegraveerd-350ml.aspx,/products/new-koperen-drinkbeker-lotus
https://www.phoeniximport.com/nl/4/816/koperen-drinkbeker-maanfasen-lasergegraveerd-350ml.aspx,/products/new-koperen-drinkbeker-maanfasen
https://www.phoeniximport.com/nl/4/201/meditatiemat-hoes-zwart-biokatoen-gots-65x65x5cm-239g.aspx,/products/meditatiemat-hoes-zwart-biokatoen-gots
https://www.phoeniximport.com/nl/4/33/meditatiemat-hoes-levensboom-biokatoen-gots-65x65x5cm-239g.aspx,/products/meditatiemat-hoes-levensboom-biokatoen-gots
https://www.phoeniximport.com/nl/4/34/meditatiemat-hoes-bloem-des-levens-biokatoen-gots-65x65x5-cm-239-g.aspx,/products/meditatiemat-hoes-bloem-des-levens-biokatoen-gots
https://www.phoeniximport.com/nl/4/35/meditatiemat-hoes-maanfasen-biokatoen-gots-65x65x5cm-239g.aspx,/products/meditatiemat-hoes-maanfasen-biokatoen-gots
https://www.phoeniximport.com/nl/4/9100/meditatie-set-2-bloem-des-levens-biokatoen-ocs-65x65x5cm-5100g.aspx,/products/meditatie-set-2-bloem-des-levens-biokatoen-ocs
https://www.phoeniximport.com/nl/4/9101/meditatie-set-2-maanfasen-biokatoen-ocs-65x65x5-cm-5100-g.aspx,/products/meditatie-set-2-maanfasen-biokatoen-ocs
https://www.phoeniximport.com/nl/4/9102/meditatie-set-2-levensboom-biokatoen-ocs-65x65x5-cm-5100-g.aspx,/products/meditatie-set-2-levensboom-biokatoen-ocs
https://www.phoeniximport.com/nl/4/15622/meditatiemat-100-schapenwol-70x745cm.aspx,/products/meditatiemat-100-schapenwol
https://www.phoeniximport.com/nl/4/9103/meditatie-set-3-bloem-des-levens-biokatoen-ocs-65x65cm-1247g.aspx,/products/meditatie-set-3-bloem-des-levens-biokatoen-ocs
https://www.phoeniximport.com/nl/4/9104/meditatie-set-4-bloem-des-levens-biokatoen-ocs-65x65cm-5109g.aspx,/products/meditatie-set-4-bloem-des-levens-biokatoen-ocs
https://www.phoeniximport.com/nl/4/9105/meditatie-set-5-bloem-des-levens-biokatoen-ocs-65x65cm-3009g.aspx,/products/meditatie-set-5-bloem-des-levens-biokatoen-ocs
https://www.phoeniximport.com/nl/4/9106/meditatie-set-6-bloem-des-levens-biokatoen-ocs-65x65cm-5779g.aspx,/products/meditatie-set-6-bloem-des-levens-biokatoen-ocs
https://www.phoeniximport.com/nl/4/9107/meditatie-set-zwart-ohm-biokatoen-ocs-65x65cm-2339g.aspx,/products/meditatie-set-zwart-ohm-biokatoen-ocs
https://www.phoeniximport.com/nl/4/9108/meditatie-set-bloem-des-levens-rood-65x65cm-1247g.aspx,/products/meditatie-set-bloem-des-levens-rood
https://www.phoeniximport.com/nl/4/9113/meditatie-set-3-chakra-3-geel-65x65cm-1247g.aspx,/products/meditatie-set-3-chakra-3-geel
https://www.phoeniximport.com/nl/4/9117/meditatie-set-3-chakra-7-violet-65x65cm-1247g.aspx,/products/meditatie-set-3-chakra-7-violet
https://www.phoeniximport.com/nl/4/9126/meditatie-set-6-levensboom-biokatoen-ocs-65x65cm-5310g.aspx,/products/meditatie-set-6-levensboom-biokatoen-ocs
https://www.phoeniximport.com/nl/4/9127/meditatie-set-3-maanfasen-oudrose-biokatoen-ocs-37x17x13-cm-1008g.aspx,/products/meditatiekussen-halve-maan-maanfasen-oudrose-biokatoen-ocs-1
https://www.phoeniximport.com/nl/4/9128/meditatie-set-4-maanfasen-biokatoen-ocs-65x65cm-3547g.aspx,/products/meditatie-set-4-maanfasen-biokatoen-ocs
https://www.phoeniximport.com/nl/4/9132/meditatie-set-2-sterrenhemel-biokatoen-ocs-65x65cm-4639g.aspx,/products/meditatie-set-2-sterrenhemel-biokatoen-ocs
https://www.phoeniximport.com/nl/4/9130/meditatie-set-6-maanfasen-biokatoen-ocs-65x65x5-cm-5309g.aspx,/products/meditatie-set-6-maanfasen-biokatoen-ocs
https://www.phoeniximport.com/nl/4/9133/meditatie-set-4-sterrenhemel-biokatoen-ocs-65x65x5-cm-3547g.aspx,/products/meditatie-set-4-sterrenhemel-biokatoen-ocs
https://www.phoeniximport.com/nl/4/18120/meditatie-omslagdoek-aqua-blauw-200x80-cm.aspx,/products/meditatie-omslagdoek-aqua-blauw
https://www.phoeniximport.com/nl/4/18012/meditatie-omslagdoek-bordeaux-200x80-cm.aspx,/products/meditatie-omslagdoek-bordeaux
https://www.phoeniximport.com/nl/4/18121/meditatie-omslagdoek-groen-200x80-cm.aspx,/products/meditatie-omslagdoek-groen
https://www.phoeniximport.com/nl/4/18122/meditatie-omslagdoek-petrol-200x80-cm.aspx,/products/meditatie-omslagdoek-petrol
https://www.phoeniximport.com/nl/4/18124/sjaal-van-100-jak-wol-190-200-g-210x70-cm.aspx,/products/sjaal-van-100-jak-wol
https://www.phoeniximport.com/nl/4/18050/meditatieslofjes-wol-s-23-24-cm.aspx,/products/meditatieslofjes-wol-s
https://www.phoeniximport.com/nl/4/18052/meditatieslofjes-wol-l-25-26-cm.aspx,/products/meditatieslofjes-wol-l
https://www.phoeniximport.com/nl/4/18009/meditatie-omslagdoek-roodrozeoranje-115x245-cm.aspx,/products/meditatie-omslagdoek-rood-roze-oranje
https://www.phoeniximport.com/nl/4/18010/meditatie-omslagdoek-blauwviolet-115x245-cm.aspx,/products/meditatie-omslagdoek-blauw-violet
https://www.phoeniximport.com/nl/4/18016/meditatie-omslagdoek-effen-donkerblauw-200x80-cm.aspx,/products/meditatie-omslagdoek-effen-donkerblauw
https://www.phoeniximport.com/nl/4/18018/meditatie-omslagdoek-violet-200x80-cm.aspx,/products/meditatie-omslagdoek-violet
https://www.phoeniximport.com/nl/4/17449/meditatie-omslagdoek-gayatri-mantra-210x65-cm.aspx,/products/meditatie-omslagdoek-gayatri-mantra
https://www.phoeniximport.com/nl/4/18090/meditatie-omslagdoek-rood-met-strepen-200x80-cm.aspx,/products/meditatie-omslagdoek-rood-met-strepen
https://www.phoeniximport.com/nl/4/18091/meditatie-omslagdoek-paars-met-strepen-200x80-cm.aspx,/products/meditatie-omslagdoek-paars-met-strepen
https://www.phoeniximport.com/nl/4/18093/meditatie-omslagdoek-oranjerood-met-strepen-200x80cm.aspx,/products/meditatie-omslagdoek-oranjerood-met-strepen
https://www.phoeniximport.com/nl/4/18095/meditatie-omslagdoek-crme-met-strepen-200x80-cm.aspx,/products/meditatie-omslagdoek-creme-met-strepen
https://www.phoeniximport.com/nl/4/18098/meditatie-omslagdoek-beige-115x245-cm.aspx,/products/meditatie-omslagdoek-beige
https://www.phoeniximport.com/nl/4/18022/meditatie-omslagdoek-oranjerood-200x80cm.aspx,/products/meditatie-omslagdoek-oranje-1
https://www.phoeniximport.com/nl/4/18023/meditatie-omslagdoek-multicolour-200x80cm.aspx,/products/meditatie-omslagdoek-multicolour
https://www.phoeniximport.com/nl/4/18057/meditatie-omslagdoek-oranje-120x240cm.aspx,/products/meditatie-omslagdoek-oranje
https://www.phoeniximport.com/nl/4/17001/meditatie-omslagdoek-nomad-200x100cm.aspx,/products/meditatie-omslagdoek-nomad
https://www.phoeniximport.com/nl/4/17005/meditatie-omslagdoek-ocean-200x100cm.aspx,/products/meditatie-omslagdoek-ocean
https://www.phoeniximport.com/nl/4/17037/meditatie-omslagdoek-beige-200x80-cm.aspx,/products/new-meditatie-omslagdoek-beige
https://www.phoeniximport.com/nl/4/17038/meditatie-omslagdoek-paars-200x80-cm.aspx,/products/new-meditatie-omslagdoek-paars
https://www.phoeniximport.com/nl/4/17048/meditatie-omslagdoek-terra-190x70-cm.aspx,/products/new-meditatie-omslagdoek-terra-groen
https://www.phoeniximport.com/nl/4/16575/edelstenen-set-7-chakra-piramide-stenen-2x2-cm.aspx,/products/edelstenen-set-7-chakra-piramide-stenen
https://www.phoeniximport.com/nl/4/6140/chakra-stones-24-sets-met-gratis-display-155x25x7-cm.aspx,/products/chakra-stones-24-sets-met-gratis-display
https://www.phoeniximport.com/nl/4/13251/set-van-7-chakrastenen-in-katoenen-tasje-291g.aspx,/products/set-van-7-chakrastenen-in-katoenen-tasje
https://www.phoeniximport.com/nl/4/13254/runen-orakelset-van-aquamarijn-in-fluwelen-tasje-262-g.aspx,/products/runen-orakelset-van-aquamarijn-in-fluwelen-tasje
https://www.phoeniximport.com/nl/4/13255/runen-orakelspel-van-hout-in-katoenen-tasje-45g.aspx,/products/runen-orakelspel-van-hout-in-katoenen-tasje
https://www.phoeniximport.com/nl/4/16439/set-7-chakra-symbolen-hartvormige-halfedelstenen-35-cm.aspx,/products/set-7-chakra-symbolen-hartvormige-halfedelstenen
https://www.phoeniximport.com/nl/4/16443/wicca-symbolenstenen-bergkristal-set-van-6-33x23-cm-180g.aspx,/products/wicca-symbolenstenen-bergkristal-set-van-6
https://www.phoeniximport.com/nl/4/16444/wicca-symbolenstenen-agaat-zwart-set-van-6-33x23-cm.aspx,/products/wicca-symbolenstenen-agaat-zwart-set-van-6
https://www.phoeniximport.com/nl/4/16438/set-7-chakra-symbolen-ronde-halfedelstenen--3-cm.aspx,/products/set-7-chakra-symbolen-ronde-halfedelstenen
https://www.phoeniximport.com/nl/4/16572/edelstenen-set-7-chakra-stenen-rond-35-cm.aspx,/products/edelstenen-set-7-chakra-stenen-rond
https://www.phoeniximport.com/nl/4/16574/edelstenen-set-7-chakra-stenen-ovaal-4x27-cm.aspx,/products/edelstenen-set-7-chakra-stenen-ovaal
https://www.phoeniximport.com/nl/4/16577/set-7-chakra-symbolen-trommelstenen-15-25-cm.aspx,/products/set-7-chakra-symbolen-trommelstenen
https://www.phoeniximport.com/nl/4/14175/ovale-knuffelsteen-seleniet-met-godin-symbool-55x4x15cm.aspx,/products/ovale-knuffelsteen-seleniet-met-godin-symbool
https://www.phoeniximport.com/nl/4/78381/runen-orakelset-van-bergkristal-in-fluwelen-tasje-2x15cm.aspx,/products/runen-orakelset-van-bergkristal-in-fluwelen-tasje
https://www.phoeniximport.com/nl/4/78366/runen-orakelset-van-zwarte-agaat-in-fluwelen-tasje-215g.aspx,/products/runen-orakelset-van-zwarte-agaat-in-fluwelen-tasje
https://www.phoeniximport.com/nl/4/78335/bergkristal-heilige-geometrie-set-7-delig-67x9cm.aspx,/products/bergkristal-heilige-geometrie-set-7-delig
https://www.phoeniximport.com/nl/4/78336/rozenkwarts-heilige-geometrie-set-7-delig-67x9cm.aspx,/products/rozenkwarts-heilige-geometrie-set-7-delig
https://www.phoeniximport.com/nl/4/78337/lapis-lazuli-heilige-geometrie-set-7-delig-67x9cm.aspx,/products/lapis-lazuli-heilige-geometrie-set-7-delig
https://www.phoeniximport.com/nl/4/78338/amethist-heilige-geometrie-set-7-delig-67x9cm.aspx,/products/amethist-heilige-geometrie-set-7-delig
https://www.phoeniximport.com/nl/4/78339/zwarte-toermalijn-heilige-geometrie-set-7-delig-67x9cm.aspx,/products/zwarte-toermalijn-heilige-geometrie-set-7-delig
https://www.phoeniximport.com/nl/4/78340/aventurijn-heilige-geometrie-set-7-delig-67x9cm.aspx,/products/aventurijn-heilige-geometrie-set-7-delig
https://www.phoeniximport.com/nl/4/78341/chakra-heilige-geometrie-set-7-delig-67x9cm.aspx,/products/chakra-heilige-geometrie-set-7-delig
https://www.phoeniximport.com/nl/4/6184/edelsteen-raster-chakra-display-26x26x10cm.aspx,/products/edelsteen-raster-chakra-display
https://www.phoeniximport.com/nl/4/6299/runen-orakelspel-van-keramiek-in-katoenen-tasje-166g.aspx,/products/runen-orakelspel-van-keramiek-in-katoenen-tasje
https://www.phoeniximport.com/nl/4/99281/seleniet-sneeuwlamp-30x10cm.aspx,/products/seleniet-sneeuwlamp
https://www.phoeniximport.com/nl/4/5984/engel-aventurijn-38-cm.aspx,/products/engel-aventurijn
https://www.phoeniximport.com/nl/4/5983/engel-bergkristal-38-cm.aspx,/products/engel-bergkristal
https://www.phoeniximport.com/nl/4/5982/engel-rozenkwarts-38-cm.aspx,/products/engel-rozenkwarts
https://www.phoeniximport.com/nl/4/14102/engel-lapis-lazuli-38-cm.aspx,/products/engel-lapis-lazuli
https://www.phoeniximport.com/nl/4/14110/engel-angeliet-38-cm.aspx,/products/engel-angeliet
https://www.phoeniximport.com/nl/4/6121/engel-fluoriet-38-cm.aspx,/products/engel-fluoriet
https://www.phoeniximport.com/nl/4/13357/orgoniet-bol-angeliet-met-engelenvleugels-55cm.aspx,/products/new-17
https://www.phoeniximport.com/nl/4/13358/orgoniet-piramide-angeliet-met-engelenvleugels-75cm.aspx,/products/new-15
https://www.phoeniximport.com/nl/4/14189/armband-aquamarijn-labradoriet-tourmalijnkwarts-elastisch.aspx,/products/armband-aquamarijn-labradoriet-tourmalijnkwarts-elastisch
https://www.phoeniximport.com/nl/4/15624/armband-rudraksha-schelp-08-cm.aspx,/products/armband-rudraksha-schelp
https://www.phoeniximport.com/nl/4/2542/malaarmband-koraal-21-kralen-verstelbaar-08-cm.aspx,/products/mala-armband-koraal-21-kralen-verstelbaar
https://www.phoeniximport.com/nl/4/6219/barnsteen-amber-armbanden-12-stuks-in-displaydoos-.aspx,/products/new-45
https://www.phoeniximport.com/nl/4/99249/seleniet-hartvormige-hanger-2cm.aspx,/products/seleniet-hartvormige-hanger
https://www.phoeniximport.com/nl/4/99250/seleniet-hanger-spiraal-4cm.aspx,/products/seleniet-hanger-spiraal
https://www.phoeniximport.com/nl/4/99252/seleniet-hanger-druppelvorm-4cm.aspx,/products/seleniet-hanger-druppelvorm
https://www.phoeniximport.com/nl/4/99253/seleniet-pendel-hanger-4cm.aspx,/products/seleniet-pendel-hanger
https://www.phoeniximport.com/nl/4/78257/standaard-voor-edelsteenbollen-koperkleur-20-g.aspx,/products/standaard-voor-edelsteenbollen-koperkleur
https://www.phoeniximport.com/nl/4/78256/standaard-voor-edelsteenbollen-goudkleur-20-g.aspx,/products/standaard-voor-edelsteenbollen-goudkleur
https://www.phoeniximport.com/nl/4/5977/shungiet-bol-4-cm.aspx,/products/shungiet-bol
https://www.phoeniximport.com/nl/4/5974/transparante-standaard-voor-edelsteenbollen-18-g.aspx,/products/transparante-standaard-voor-edelsteenbollen-1
https://www.phoeniximport.com/nl/4/13240/orgoniet-bol-7-chakra-55cm.aspx,/products/orgoniet-bol-7-chakra
https://www.phoeniximport.com/nl/4/13241/orgoniet-bol-seleniet-bloem-des-levens-55cm.aspx,/products/orgoniet-bol-seleniet-bloem-des-levens
https://www.phoeniximport.com/nl/4/13242/orgoniet-bol-toermalijn-bloem-des-levens--55cm.aspx,/products/orgoniet-bol-toermalijn-bloem-des-levens
https://www.phoeniximport.com/nl/4/13245/orgoniet-bol-tijgeroog-levensboom-55cm.aspx,/products/orgoniet-bol-tijgeroog-levensboom
https://www.phoeniximport.com/nl/4/99245/seleniet-bol-8cm.aspx,/products/seleniet-bol
https://www.phoeniximport.com/nl/4/99254/seleniet-bol-4cm.aspx,/products/seleniet-bol-1
https://www.phoeniximport.com/nl/4/8299/zwarte-toermalijn-bol-4-5-cm.aspx,/products/zwarte-toermalijn-bol
https://www.phoeniximport.com/nl/4/13287/orgoniet-bol-amethist-met-seed-of-life-55cm.aspx,/products/new-6
https://www.phoeniximport.com/nl/4/13288/orgoniet-bol-maansteen-met-maan-55cm.aspx,/products/new-5
https://www.phoeniximport.com/nl/4/13289/orgoniet-bol-zonnesteen-met-zon-55cm.aspx,/products/new-4
https://www.phoeniximport.com/nl/4/13355/orgoniet-bol-rozenkwarts-met-hart-55cm.aspx,/products/new-19
https://www.phoeniximport.com/nl/4/13259/regenboog-maansteen-obelisk-75-10-cm.aspx,/products/regenboog-maansteen-obelisk
https://www.phoeniximport.com/nl/4/13258/bergkristal-obelisk-75-10-cm.aspx,/products/bergkristal-obelisk
https://www.phoeniximport.com/nl/4/13261/zwarte-toermalijn-obelisk-75-10-cm.aspx,/products/zwarte-toermalijn-obelisk
https://www.phoeniximport.com/nl/4/14173/bloem-des-levens-chakra-piramide-met-kristalpunt-7x7x6-cm.aspx,/products/bloem-des-levens-chakra-piramide-met-kristalpunt
https://www.phoeniximport.com/nl/4/13257/aquamarijn-obelisk-7-10cm.aspx,/products/aquamarijn-obelisk
https://www.phoeniximport.com/nl/4/13262/tijgeroog-obelisk-75-10-cm.aspx,/products/tijgeroog-obelisk
https://www.phoeniximport.com/nl/4/5976/shungiet-piramide-4x4-cm.aspx,/products/shungiet-piramide
https://www.phoeniximport.com/nl/4/5975/shungiet-piramide-55x55cm.aspx,/products/shungiet-piramide
https://www.phoeniximport.com/nl/4/78147/toermalijn-piramide-25-3-cm.aspx,/products/toermalijn-piramide
https://www.phoeniximport.com/nl/4/14170/orgoniet-chakra-piramide-zwarte-toermalijn-met-ohm-7x7x6cm.aspx,/products/orgoniet-chakra-piramide-zwarte-toermalijn-met-ohm
https://www.phoeniximport.com/nl/4/14171/tijgeroog-piramide-met-levensboom-7x7x6cm.aspx,/products/tijgeroog-piramide-met-levensboom
https://www.phoeniximport.com/nl/4/14172/toermalijn-piramide-met-kristalpunt-en-bloem-des-levens.aspx,/products/toermalijn-piramide-met-kristalpunt-en-bloem-des-levens
https://www.phoeniximport.com/nl/4/13263/groene-aventurijn-obelisk-75-10-cm.aspx,/products/groene-aventurijn-obelisk
https://www.phoeniximport.com/nl/4/13267/amazoniet-obelisk-75-10-cm.aspx,/products/amazoniet-obelisk
https://www.phoeniximport.com/nl/4/13295/bergkristal-reiki-obelisk-75-10cm.aspx,/products/bergkristal-reiki-obelisk
https://www.phoeniximport.com/nl/4/13296/chakra-reiki-obelisk-75-10cm.aspx,/products/chakra-reiki-obelisk
https://www.phoeniximport.com/nl/4/13298/zwarte-toermalijn-reiki-obelisk-75-10cm.aspx,/products/zwarte-toermalijn-reiki-obelisk
https://www.phoeniximport.com/nl/4/13239/orgoniet-piramide-7-chakra--55cm.aspx,/products/orgoniet-piramide-7-chakra
https://www.phoeniximport.com/nl/4/78343/gele-fluoriet-obelisk-75-10cm.aspx,/products/gele-fluoriet-obelisk
https://www.phoeniximport.com/nl/4/78342/zonnesteen-obelisk-75-10cm.aspx,/products/zonnesteen-obelisk
https://www.phoeniximport.com/nl/4/78344/labradoriet-obelisk-75-10cm.aspx,/products/labradoriet-obelisk
https://www.phoeniximport.com/nl/4/78346/pyriet-obelisk-75-10cm.aspx,/products/pyriet-obelisk
https://www.phoeniximport.com/nl/4/78347/lapis-lazuli-obelisk-75-10cm.aspx,/products/lapis-lazuli-obelisk
https://www.phoeniximport.com/nl/4/99247/seleniet-obelisk-15x5cm.aspx,/products/seleniet-obelisk-1
https://www.phoeniximport.com/nl/4/99248/seleniet-pyramide-8cm.aspx,/products/seleniet-pyramide-2
https://www.phoeniximport.com/nl/4/99257/seleniet-pyramide-5cm.aspx,/products/seleniet-pyramide
https://www.phoeniximport.com/nl/4/99276/seleniet-pyramide-10cm.aspx,/products/seleniet-piramide
https://www.phoeniximport.com/nl/4/78419/orgoniet-pyramide-zonnesteen-met-zon-symbool--6x6x85cm.aspx,/products/orgoniet-pyramide-zonnesteen-met-zon-symbool
https://www.phoeniximport.com/nl/4/78420/orgoniet-pyramide-zonnesteen-met-zon-symbool--75x75x5cm.aspx,/products/orgoniet-pyramide-zonnesteen-met-zon-symbool
https://www.phoeniximport.com/nl/4/78421/orgoniet-pyramide-maansteen-met-maan-symbool-6x6x85cm.aspx,/products/orgoniet-pyramide-maansteen-met-maan-symbool
https://www.phoeniximport.com/nl/4/78422/orgoniet-pyramide-maansteen-met-maan-symbool--75x75x5cm.aspx,/products/orgoniet-pyramide-maansteen-met-maan-symbool
https://www.phoeniximport.com/nl/4/78423/orgoniet-pyramide-sodaliet-met-maan-en-sterren-6x6x85cm.aspx,/products/orgoniet-pyramide-sodaliet-met-maan-en-sterren
https://www.phoeniximport.com/nl/4/78424/orgoniet-pyramide-sodaliet-met-maan-en-sterren-75x75x5cm.aspx,/products/orgoniet-pyramide-sodaliet-met-maan-en-sterren
https://www.phoeniximport.com/nl/4/99227/seleniet-obelisk-6x35x3cm.aspx,/products/seleniet-obelisk
https://www.phoeniximport.com/nl/4/99229/seleniet-obelisk-10x45cm.aspx,/products/seleniet-obelisk-1
https://www.phoeniximport.com/nl/4/13356/orgoniet-piramide-rozenkwarts-met-hart-75cm.aspx,/products/new-18
https://www.phoeniximport.com/nl/4/78293/orgoniet-piramide-seleniet-bloem-des-levens-7x7x6-cm.aspx,/products/orgoniet-piramide-seleniet-bloem-des-levens
https://www.phoeniximport.com/nl/4/78294/orgoniet-piramide-amethist-bloem-des-levens-5x5x8-cm.aspx,/products/orgoniet-piramide-amethist-bloem-des-levens
https://www.phoeniximport.com/nl/4/78292/orgoniet-piramide-toermalijn-bloem-des-levens-5x5x8cm.aspx,/products/orgoniet-piramide-toermalijn-bloem-des-levens
https://www.phoeniximport.com/nl/4/78289/orgoniet-7-chakra-obelisk-12cm.aspx,/products/orgoniet-7-chakra-obelisk
https://www.phoeniximport.com/nl/4/78291/orgoniet-piramide-robijn-in-kyaniet-7x7x6cm.aspx,/products/orgoniet-piramide-robijn-in-kyaniet
https://www.phoeniximport.com/nl/4/78295/orgoniet-piramide-amethist-bloem-des-levens-7x7x6-cm.aspx,/products/orgoniet-piramide-amethist-bloem-des-levens
https://www.phoeniximport.com/nl/4/6153/wens-edelsteen-display-met-24-stuks--35-45-cm-20-g.aspx,/products/wens-edelsteen-display-met-24-stuks
https://www.phoeniximport.com/nl/4/6176/edelsteenchips-gevulde-pennen-assorti-36-stuks-in-displaydoos-23x23x17cm.aspx,/products/edelsteenchips-gevulde-pennen-assorti-36-stuks-in-displaydoos
https://www.phoeniximport.com/nl/4/6177/mineralen-geschenkdoos-8-planeten-25x5x4cm.aspx,/products/mineralen-geschenkdoos-8-planeten
https://www.phoeniximport.com/nl/4/6179/mineralen-geschenkdoos-display-10x7x5cm.aspx,/products/mineralen-geschenkdoos-display
https://www.phoeniximport.com/nl/4/6197/droomstenen-display-25x19x7cm.aspx,/products/droomstenen-display
https://www.phoeniximport.com/nl/4/6198/edelsteenpennen-assorti-36-stuks-in-displaydoos-23x23x17cm.aspx,/products/new-128
https://www.phoeniximport.com/nl/4/78252/kristalraster-liefde--155cm.aspx,/products/kristalraster-liefde
https://www.phoeniximport.com/nl/4/78253/kristalraster-genezing-155cm.aspx,/products/kristalraster-genezing
https://www.phoeniximport.com/nl/4/78254/kristalraster-voorspoed--155cm.aspx,/products/kristalraster-voorspoed
https://www.phoeniximport.com/nl/4/78373/edelsteenboom-7-chakras-18-cm.aspx,/products/edelsteenboom-7-chakras-2
https://www.phoeniximport.com/nl/4/78396/gegraveerde-mineraalschijf-rozenkwarts-lotus-5cm.aspx,/products/gegraveerde-mineraalschijf-rozenkwarts-lotus
https://www.phoeniximport.com/nl/4/78397/gegraveerde-mineraalschijf-rozenkwarts-zon-5cm.aspx,/products/gegraveerde-mineraalschijf-rozenkwarts-zon
https://www.phoeniximport.com/nl/4/78399/gegraveerde-mineraalschijf-rozenkwarts-maan-en-sterren-5cm.aspx,/products/gegraveerde-mineraalschijf-rozenkwarts-maan-en-sterren
https://www.phoeniximport.com/nl/4/78400/gegraveerde-mineraalschijf-rozenkwarts-alziend-oog-5cm.aspx,/products/gegraveerde-mineraalschijf-rozenkwarts-alziend-oog
https://www.phoeniximport.com/nl/4/78404/gegraveerde-mineraalschijf-zwarte-toermalijn-zon-5cm.aspx,/products/gegraveerde-mineraalschijf-zwarte-toermalijn-zon
https://www.phoeniximport.com/nl/4/78405/gegraveerde-mineraalschijf-zwarte-toermalijn-handen-maan-en-ster-5cm.aspx,/products/gegraveerde-mineraalschijf-zwarte-toermalijn-handen-maan-en-ster
https://www.phoeniximport.com/nl/4/78406/gegraveerde-mineraalschijf-zwarte-toermalijn-maan-en-sterren-5cm.aspx,/products/gegraveerde-mineraalschijf-zwarte-toermalijn-maan-en-sterren
https://www.phoeniximport.com/nl/4/78407/gegraveerde-mineraalschijf-zwarte-toermalijn-alziend-oog-5cm.aspx,/products/gegraveerde-mineraalschijf-zwarte-toermalijn-alziend-oog
https://www.phoeniximport.com/nl/4/78408/gegraveerde-mineraalschijf-bergkristal-lotus-5cm.aspx,/products/gegraveerde-mineraalschijf-bergkristal-lotus
https://www.phoeniximport.com/nl/4/78410/gegraveerde-mineraalschijf-bergkristal-handen-maan-en-ster-5cm.aspx,/products/gegraveerde-mineraalschijf-bergkristal-handen-maan-en-ster
https://www.phoeniximport.com/nl/4/78411/gegraveerde-mineraalschijf-bergkristal-maan-en-sterren-5cm.aspx,/products/gegraveerde-mineraalschijf-bergkristal-maan-en-sterren
https://www.phoeniximport.com/nl/4/78412/gegraveerde-mineraalschijf-bergkristal-alziend-oog-5cm.aspx,/products/gegraveerde-mineraalschijf-bergkristal-alziend-oog
https://www.phoeniximport.com/nl/4/78418/regenboog-obelisk-95x2cm.aspx,/products/regenboog-obelisk
https://www.phoeniximport.com/nl/4/78437/zorgensteen-gouden-driehoek-4x3x1cm.aspx,/products/zorgensteen-gouden-driehoek
https://www.phoeniximport.com/nl/4/99200/hart-knuffelsteen-seleniet-wit-3x4cm.aspx,/products/hart-knuffelsteen-seleniet-wit-3
https://www.phoeniximport.com/nl/4/99201/seleniet-ijsberg-6x3cm.aspx,/products/seleniet-ijsberg
https://www.phoeniximport.com/nl/4/99202/seleniet-ijsberg-10x35cm.aspx,/products/seleniet-ijsberg-1
https://www.phoeniximport.com/nl/4/99204/seleniet-ijsberg-20x5cm.aspx,/products/seleniet-ijsberg-2
https://www.phoeniximport.com/nl/4/99214/seleniet-palmsteen-6cm.aspx,/products/seleniet-palmsteen
https://www.phoeniximport.com/nl/4/99216/seleniet-ei-6cm.aspx,/products/seleniet-ei
https://www.phoeniximport.com/nl/4/99217/hart-knuffelsteen-seleniet-wit-7cm.aspx,/products/hart-knuffelsteen-seleniet-wit-2
https://www.phoeniximport.com/nl/4/99230/seleniet-palmsteen-4cm.aspx,/products/seleniet-palmsteen-1
https://www.phoeniximport.com/nl/4/99232/seleniet-ijsberg-15x45cm.aspx,/products/seleniet-ijsberg-1
https://www.phoeniximport.com/nl/4/99260/marokkaanse-aragoniet-schaal-hartvorm-13x13x2cm.aspx,/products/marokkaanse-aragoniet-schaal-hartvorm
https://www.phoeniximport.com/nl/4/99262/seleniet-decoratie-donut-steen-17cm.aspx,/products/seleniet-decoratie-donut-steen
https://www.phoeniximport.com/nl/4/99274/seleniet-athame-spiraal-15x4x2cm-130-150g.aspx,/products/seleniet-athame-spiraal
https://www.phoeniximport.com/nl/4/99275/seleniet-athame-15x4x2cm-150-180g.aspx,/products/seleniet-athame-spiraal-1
https://www.phoeniximport.com/nl/4/99319/seleniet-merkaba-4x4-cm-140-g.aspx,/products/new-seleniet-merkaba-4x4cm-140gr
https://www.phoeniximport.com/nl/4/99321/seleniet-schaal-perzikkleurig-rond-10-cm.aspx,/products/new-seleniet-perzik-kleur-bakje
https://www.phoeniximport.com/nl/4/78120/orgoniet-pendel-apatiet-facet-geslepen-11-g-4-cm.aspx,/products/orgoniet-pendel-apatiet-facet-geslepen
https://www.phoeniximport.com/nl/4/78119/orgoniet-pendel-zwarte-toermalijn-facet-geslepen-11-g-4-cm.aspx,/products/orgoniet-pendel-zwarte-toermalijn-facet-geslepen
https://www.phoeniximport.com/nl/4/78121/orgoniet-pendel-amethist-facet-geslepen-11-g-4-cm.aspx,/products/orgoniet-pendel-amethist-facet-geslepen
https://www.phoeniximport.com/nl/4/78122/orgoniet-pendel-citrien-facet-geslepen-11-g-4-cm.aspx,/products/orgoniet-pendel-citrien-facet-geslepen
https://www.phoeniximport.com/nl/4/78124/orgoniet-pendel-peridoot-facet-geslepen-11-g-4-cm.aspx,/products/orgoniet-pendel-peridoot-facet-geslepen
https://www.phoeniximport.com/nl/4/78123/orgoniet-pendel-lapis-lazuli-facet-geslepen-11-g-4-cm.aspx,/products/orgoniet-pendel-lapis-lazuli-facet-geslepen
https://www.phoeniximport.com/nl/4/78126/orgoniet-pendel-shungiet-facet-geslepen-11-g-4-cm.aspx,/products/orgoniet-pendel-shungiet-facet-geslepen
https://www.phoeniximport.com/nl/4/78125/orgoniet-pendel-granaat-facet-geslepen-11-g-4-cm.aspx,/products/orgoniet-pendel-granaat-facet-geslepen
https://www.phoeniximport.com/nl/4/71366/power-box-9-evenwicht-ontspanning-500650-g.aspx,/products/power-box-9-evenwicht-ontspanning
https://www.phoeniximport.com/nl/4/71037/power-box-1-bergkristal-helderheid-8001000-g.aspx,/products/power-box-1-bergkristal-helderheid
https://www.phoeniximport.com/nl/4/71364/power-box-7-chakra-harmonie-650-750g.aspx,/products/power-box-7-chakra-harmonie
https://www.phoeniximport.com/nl/4/71361/power-box-4-zwarte-toermalijn-bescherming-800900-g.aspx,/products/power-box-4-zwarte-toermalijn-bescherming
https://www.phoeniximport.com/nl/4/71360/power-box-3-rozenkwarts-liefde--700800g.aspx,/products/power-box-3-rozenkwarts-liefde
https://www.phoeniximport.com/nl/4/71367/power-box-10-gouden-driehoek-800-900g.aspx,/products/power-box-10-gouden-driehoek
https://www.phoeniximport.com/nl/4/71362/power-box-5-pyriet-evenwicht-aarding-1000-1200-g.aspx,/products/power-box-5-pyriet-evenwicht-aarding
https://www.phoeniximport.com/nl/4/71365/power-box-8-innerlijke-kracht-en-wijsheid-500650-g.aspx,/products/power-box-8-innerlijke-kracht-en-wijsheid
https://www.phoeniximport.com/nl/4/71039/power-box-2-amethist-drusen-healing--8001000-g.aspx,/products/power-box-2-amethist-drusen-healing
https://www.phoeniximport.com/nl/4/71351/power-box-11-ruwe-amethist-healing-800-1000-g.aspx,/products/power-box-11-ruwe-amethist-healing
https://www.phoeniximport.com/nl/4/71346/power-box-13-amazoniet-balans-700-900g.aspx,/products/power-box-13-amazoniet-balans
https://www.phoeniximport.com/nl/4/71347/power-box-14-blauwe-kwarts-kalmerend-700-900-g.aspx,/products/power-box-14-blauwe-kwarts-kalmerend
https://www.phoeniximport.com/nl/4/71349/power-box-15-oranje-calciet-vitaliteit-700-900-g.aspx,/products/power-box-15-oranje-calciet-vitaliteit
https://www.phoeniximport.com/nl/4/71350/power-box-16-rode-jaspis-activering-700-900-g.aspx,/products/power-box-16-rode-jaspis-activering
https://www.phoeniximport.com/nl/4/71042/power-box-19-ruwe-edelstenen-mix-700-900g.aspx,/products/power-box-19-ruwe-edelstenen-mix
https://www.phoeniximport.com/nl/4/71035/power-box-17-citrien-amethist-bergkristal-700-900g.aspx,/products/power-box-17-citrien-amethist-bergkristal
https://www.phoeniximport.com/nl/4/71363/power-box-6-dromen-komen-uit-700-900g.aspx,/products/power-box-6-dromen-komen-uit
https://www.phoeniximport.com/nl/4/12395/mineralen-oplaadontlaadset-250-g-02-04-cm.aspx,/products/mineralen-oplaad-ontlaadset
https://www.phoeniximport.com/nl/4/13121/rozenkwarts-chips-zeer-fijn-550g-01-03cm.aspx,/products/rozenkwarts-chips-zeer-fijn
https://www.phoeniximport.com/nl/4/13122/bergkristal-chips-zeer-fijn-550g-01-03cm.aspx,/products/bergkristal-chips-zeer-fijn
https://www.phoeniximport.com/nl/4/14180/agaatschijf-display-standaard-transparant-75x5-cm.aspx,/products/agaatschijf-display-standaard-transparant
https://www.phoeniximport.com/nl/4/6152/geschenkdoosje-met-5-ruwe-kristallen-85x10x4-cm.aspx,/products/geschenkdoosje-met-5-ruwe-kristallen
https://www.phoeniximport.com/nl/4/71040/ruwe-roze-toermalijn-in-doos-600-800g.aspx,/products/ruwe-roze-toermalijn-in-doos
https://www.phoeniximport.com/nl/4/7589/zwarte-toermalijn-chips-05-15cm-800g.aspx,/products/zwarte-toermalijn-chips
https://www.phoeniximport.com/nl/4/7590/rozenkwarts-chips-05-15cm-700g.aspx,/products/rozenkwarts-chips
https://www.phoeniximport.com/nl/4/7591/blauwe-kwarts-chips-05-15cm-700g.aspx,/products/blauwe-kwarts-chips
https://www.phoeniximport.com/nl/4/7592/groene-kwarts-chips-05-15cm-700g.aspx,/products/groene-kwarts-chips
https://www.phoeniximport.com/nl/4/7593/melkkwarts-chips--05-15cm-700g.aspx,/products/melkkwarts-chips
https://www.phoeniximport.com/nl/4/7594/rode-jaspis-chips--05-15cm-700g.aspx,/products/rode-jaspis-chips
https://www.phoeniximport.com/nl/4/7595/bergkristal-chips--05-15cm-700g.aspx,/products/bergkristal-chips-1
https://www.phoeniximport.com/nl/4/7596/oranje-calciet-chips-05-15cm-700g.aspx,/products/oranje-calciet-chips
https://www.phoeniximport.com/nl/4/7597/amethist-chips-05-15cm-700g.aspx,/products/amethist-chips
https://www.phoeniximport.com/nl/4/7598/citrien-gebrande-amethist-chips--05-15cm-700g.aspx,/products/citrien-gebrande-amethist-chips
https://www.phoeniximport.com/nl/4/7601/ruwe-amethist-1-4-1000g.aspx,/products/ruwe-amethist
https://www.phoeniximport.com/nl/4/7794/agaat-schijf-naturel-12-14cm.aspx,/products/agaat-schijf-naturel
https://www.phoeniximport.com/nl/4/78318/agaat-geode-doos-van-20-a-30-stuks-250-g-2-5-cm.aspx,/products/agaat-geode-doos-van-20-a-30-stuks
https://www.phoeniximport.com/nl/4/7847/ruwe-rookkwarts-3-6cm-1000g.aspx,/products/ruwe-rookkwarts
https://www.phoeniximport.com/nl/4/7863/ruwe-carneool-mineraal-3x5-cm-1000g.aspx,/products/ruwe-carneool-mineraal
https://www.phoeniximport.com/nl/4/7901/ruwe-hematiet-1000g-3-6cm.aspx,/products/ruwe-hematiet
https://www.phoeniximport.com/nl/4/7903/ruwe-agaat-3-7cm-1000g.aspx,/products/ruwe-agaat
https://www.phoeniximport.com/nl/4/7904/ruwe-chrevron-amethist-1000g-3-9cm.aspx,/products/ruwe-chrevron-amethist
https://www.phoeniximport.com/nl/4/7905/ruwe-unakiet-4-8cm-500g.aspx,/products/ruwe-unakiet
https://www.phoeniximport.com/nl/4/7906/ruwe-rode-aventurijn-1000g-4-6cm.aspx,/products/ruwe-rode-aventurijn
https://www.phoeniximport.com/nl/4/7907/ruwe-rode-jaspis-1000g-3-6cm.aspx,/products/ruwe-rode-jaspis
https://www.phoeniximport.com/nl/4/7909/ruwe-durmortieriet-4-8cm-1000g.aspx,/products/ruwe-durmortieriet
https://www.phoeniximport.com/nl/4/7910/ruwe-oranje-calciet-1000g.aspx,/products/ruwe-oranje-calciet
https://www.phoeniximport.com/nl/4/7911/ruwe-groene-calciet-500g-2-8cm.aspx,/products/ruwe-groene-calciet
https://www.phoeniximport.com/nl/4/7912/ruwe-blauwe-calciet-500g-2-8cm.aspx,/products/ruwe-blauwe-calciet
https://www.phoeniximport.com/nl/4/7913/ruwe-honing-calciet-3-7cm-500g.aspx,/products/ruwe-honing-calciet
https://www.phoeniximport.com/nl/4/7914/ruwe-angeliet-1000g-3-9cm.aspx,/products/ruwe-angeliet
https://www.phoeniximport.com/nl/4/7915/ruwe-zonnesteen-3-9cm-500g.aspx,/products/ruwe-zonnesteen
https://www.phoeniximport.com/nl/4/7916/ruwe-citrien-gebrande-amethist-1000-g-3-6-cm.aspx,/products/ruwe-citrien-gebrande-amethist
https://www.phoeniximport.com/nl/4/7918/ruwe-roze-toermalijn-met-kwarts-1000-g-4-10-cm.aspx,/products/ruwe-roze-toermalijn-met-kwarts
https://www.phoeniximport.com/nl/4/7919/ruwe-bergkristal-4-8cm-1000g.aspx,/products/ruwe-bergkristal
https://www.phoeniximport.com/nl/4/7920/ruwe-optisch-calciet-500g-4-10cm.aspx,/products/ruwe-optisch-calciet
https://www.phoeniximport.com/nl/4/7922/ruwe-zwarte-toermalijn-1000g-4-6cm.aspx,/products/ruwe-zwarte-toermalijn
https://www.phoeniximport.com/nl/4/7923/ruwe-rookkwarts-punten-a-kwaliteit-500-g-4-6-cm.aspx,/products/ruwe-rookkwarts-punten-a-kwaliteit
https://www.phoeniximport.com/nl/4/7924/ruwe-rookkwarts-drusen-500g-4-6cm.aspx,/products/ruwe-rookkwarts-drusen
https://www.phoeniximport.com/nl/4/7925/ruwe-bergkristal-druse-400-500g.aspx,/products/ruwe-bergkristal-druse
https://www.phoeniximport.com/nl/4/7928/ruwe-sodaliet-1000g-4-6cm.aspx,/products/ruwe-sodaliet
https://www.phoeniximport.com/nl/4/7929/ruwe-natuurlijke-citrien-500g-4-6cm.aspx,/products/ruwe-natuurlijke-citrien
https://www.phoeniximport.com/nl/4/7930/ruwe-zwavelkwarts-4-8cm-1000g.aspx,/products/ruwe-zwavelkwarts
https://www.phoeniximport.com/nl/4/7932/ruwe-vogel-oog-jaspis-500g-4-6cm.aspx,/products/ruwe-vogel-oog-jaspis
https://www.phoeniximport.com/nl/4/7933/ruwe-groene-kwarts-1000g-3-7cm.aspx,/products/ruwe-groene-kwarts
https://www.phoeniximport.com/nl/4/7957/ruwe-amethist-3-6cm-1000g.aspx,/products/ruwe-amethist-1
https://www.phoeniximport.com/nl/4/7960/ruwe-rozenkwarts-1000g-3-5cm.aspx,/products/ruwe-rozenkwarts
https://www.phoeniximport.com/nl/4/7961/ruwe-rozenkwarts-1-6cm-1000g.aspx,/products/ruwe-rozenkwarts-1
https://www.phoeniximport.com/nl/4/7962/ruwe-bergkristal-1000g-1-3cm.aspx,/products/ruwe-bergkristal-1
https://www.phoeniximport.com/nl/4/7963/bergkristal-chips-1000g-3-5cm.aspx,/products/bergkristal-chips
https://www.phoeniximport.com/nl/4/7965/agaat-schijf-naturel-6-10cm.aspx,/products/agaat-schijf-naturel-1
https://www.phoeniximport.com/nl/4/7970/ruwe-amethist-punten-500-1000g-12-25cm.aspx,/products/ruwe-amethist-punten
https://www.phoeniximport.com/nl/4/7971/ruwe-amethist-punten-5000g.aspx,/products/ruwe-amethist-punten-1
https://www.phoeniximport.com/nl/4/7975/ruwe-maansteen-3-8cm-250g.aspx,/products/ruwe-maansteen
https://www.phoeniximport.com/nl/4/7977/ruwe-robijn-met-kyaniet-3-8cm-1000g.aspx,/products/ruwe-robijn-met-kyaniet
https://www.phoeniximport.com/nl/4/7978/ruwe-leopardiet-3-8cm-1000g.aspx,/products/ruwe-leopardiet
https://www.phoeniximport.com/nl/4/7979/ruwe-dalmatir-jaspis-3-8cm-1000g.aspx,/products/ruwe-dalmatier-jaspis
https://www.phoeniximport.com/nl/4/7980/ruwe-heliotroop-bloedsteen-3-8cm-1000g.aspx,/products/ruwe-heliotroop-bloedsteen
https://www.phoeniximport.com/nl/4/7981/ruwe-mosagaat-3-8cm-1000g.aspx,/products/ruwe-mosagaat
https://www.phoeniximport.com/nl/4/7982/ruwe-new-jade-serpentijn-3-8cm-1000g.aspx,/products/ruwe-new-jade-serpentijn
https://www.phoeniximport.com/nl/4/7983/ruwe-labradoriet-3-8cm-1000g.aspx,/products/ruwe-labradoriet
https://www.phoeniximport.com/nl/4/7984/ruwe-serpentiniet-3-8cm-1000g.aspx,/products/ruwe-serpentiniet
https://www.phoeniximport.com/nl/4/7985/ruwe-gestreepte-aragoniet-3-8cm-1000g.aspx,/products/ruwe-gestreepte-aragoniet
https://www.phoeniximport.com/nl/4/7986/ruwe-groene-kwarts-met-diopsiet-3-8-cm-1000-g.aspx,/products/ruwe-groene-kwarts-met-diopsiet
https://www.phoeniximport.com/nl/4/7987/ruwe-gele-fluoriet-3-8cm-1000g.aspx,/products/ruwe-gele-fluoriet
https://www.phoeniximport.com/nl/4/7988/ruwe-regenboog-fluoriet-3-8cm-1000g.aspx,/products/ruwe-regenboog-fluoriet
https://www.phoeniximport.com/nl/4/7989/ruwe-gouden-mica-10-15cm-1000g.aspx,/products/ruwe-gouden-mica
https://www.phoeniximport.com/nl/4/7990/aquatine-calciet-ruw-3-8cm-1000g.aspx,/products/aquatine-calciet-ruw
https://www.phoeniximport.com/nl/4/8325/ruwe-zwarte-toermalijn-500g.aspx,/products/ruwe-zwarte-toermalijn-1
https://www.phoeniximport.com/nl/4/14174/hart-knuffelsteen-seleniet-met-bloem-des-levens-5x4x15cm.aspx,/products/hart-knuffelsteen-seleniet-met-bloem-des-levens
https://www.phoeniximport.com/nl/4/8306/oranje-seleniet-satijnspaat-trommelstenen-15-35cm-300g.aspx,/products/oranje-seleniet-satijnspaat-trommelstenen
https://www.phoeniximport.com/nl/4/8307/seleniet-satijnspaat-trommelstenen-15-35cm-300g.aspx,/products/seleniet-satijnspaat-trommelstenen
https://www.phoeniximport.com/nl/4/13372/pendel-seleniet-druppelvormig-chakra-ketting-22-g-4-cm.aspx,/products/pendel-seleniet-druppelvormig-chakra-ketting
https://www.phoeniximport.com/nl/4/6149/healing-stones-24-sets-met-gratis-display-25x185-cm.aspx,/products/healing-stones-24-sets-met-gratis-display
https://www.phoeniximport.com/nl/4/7635/granaat-trommelstenen-b-kwaliteit-3-4cm-500g.aspx,/products/granaat-trommelstenen-b-kwaliteit-1
https://www.phoeniximport.com/nl/4/7636/granaat-trommelstenen-b-kwaliteit-2-3cm-500g.aspx,/products/granaat-trommelstenen-b-kwaliteit
https://www.phoeniximport.com/nl/4/7976/bergkristal-trommelstenen-a-kwaliteit-1-3cm-500g.aspx,/products/bergkristal-trommelstenen-a-kwaliteit
https://www.phoeniximport.com/nl/4/6151/geschenkdoosje-met-20-getrommelde-edelstenen-12x125x1-cm.aspx,/products/geschenkdoosje-met-20-getrommelde-edelstenen
https://www.phoeniximport.com/nl/4/7797/tibetaanse-vijf-chakra-trommelstenen-mix-a-kwaliteit-500g-1-2cm.aspx,/products/tibetaanse-vijf-chakra-trommelstenen-mix-a-kwaliteit
https://www.phoeniximport.com/nl/4/7792/amethist-trommelstenen-a-kwaliteit-2-4-cm-500-g.aspx,/products/amethist-trommelstenen-a-kwaliteit
https://www.phoeniximport.com/nl/4/77807/lapis-lazuli-trommelstenen-aa-kwaliteit-500g-1-3cm.aspx,/products/lapis-lazuli-trommelstenen-aa-kwaliteit-1
https://www.phoeniximport.com/nl/4/7633/nefriet-jade-trommelstenen-a-kwaliteit-500g-4-6cm-500gr.aspx,/products/nefriet-jade-trommelstenen-a-kwaliteit
https://www.phoeniximport.com/nl/4/7626/citrien-natuurlijk-a-kwaliteit-trommelstenen--500g-3x4cm.aspx,/products/citrien-natuurlijk-a-kwaliteit-trommelstenen-1
https://www.phoeniximport.com/nl/4/7634/tijgeroog-trommelstenen-a-kwaliteit-500g-4-6cm-500gr.aspx,/products/tijgeroog-trommelstenen-a-kwaliteit-2
https://www.phoeniximport.com/nl/4/7757/tijgeroog-trommelstenen-a-kwaliteit-3-8-cm-500-g.aspx,/products/tijgeroog-trommelstenen-a-kwaliteit
https://www.phoeniximport.com/nl/4/7890/serpentijn-trommelstenen-b-kwaliteit-250-g-3-4-cm.aspx,/products/serpentijn-trommelstenen-b-kwaliteit
https://www.phoeniximport.com/nl/4/7632/sodaliet-trommelstenen-a-kwaliteit-500g-4-6cm-500gr.aspx,/products/sodaliet-trommelstenen-a-kwaliteit-2
https://www.phoeniximport.com/nl/4/7628/toermalijnkwarts-a-kwaliteit-trommelstenen--500g-3x4cm.aspx,/products/toermalijnkwarts-a-kwaliteit-trommelstenen
https://www.phoeniximport.com/nl/4/7721/hematiet-trommelstenen-a-kwaliteit-4-8-cm-500-g.aspx,/products/hematiet-trommelstenen-a-kwaliteit-1
https://www.phoeniximport.com/nl/4/7966/getrommelde-rozenkwarts-aa-kwaliteit-2x3-cm-500-g.aspx,/products/tumbled-rose-quartz
https://www.phoeniximport.com/nl/4/7967/getrommelde-rozenkwarts-aa-kwaliteit-3x4-cm-500-g.aspx,/products/tumbled-rose-quartz
https://www.phoeniximport.com/nl/4/7644/rookkwarts-trommelstenen-a-kwaliteit-3-4cm-500g.aspx,/products/rookkwarts-trommelstenen-a-kwaliteit-2
https://www.phoeniximport.com/nl/4/8317/blauwe-opaal-trommelstenen-a-kwaliteit-15-35cm-250g.aspx,/products/blauwe-opaal-trommelstenen-a-kwaliteit
https://www.phoeniximport.com/nl/4/77794/groene-serpentijn-trommelstenen-a-kwaliteit-500g-2-3cm.aspx,/products/groene-serpentijn-trommelstenen-a-kwaliteit
https://www.phoeniximport.com/nl/4/8316/apatiet-trommelstenen-a-kwaliteit-15-35cm-250g.aspx,/products/apatiet-trommelstenen-a-kwaliteit
https://www.phoeniximport.com/nl/4/7939/groene-kwarts-trommelstenen-a-kwaliteit-2-4cm-1000g.aspx,/products/groene-kwarts-trommelstenen-a-kwaliteit
https://www.phoeniximport.com/nl/4/8303/zonnesteen-trommelstenen-a-kwaliteit-15-35cm-300g.aspx,/products/zonnesteen-trommelstenen-a-kwaliteit
https://www.phoeniximport.com/nl/4/8320/maansteen-trommelstenen-a-kwaliteit-15-35cm-500g.aspx,/products/maansteen-trommelstenen-a-kwaliteit
https://www.phoeniximport.com/nl/4/7787/trommelstenen-mix-brazili-a-kwaliteit-2-5cm-5000g.aspx,/products/trommelstenen-mix-brazilie-a-kwaliteit-7
https://www.phoeniximport.com/nl/4/7790/trommelstenen-mix-brazili-a-kwaliteit-3-5cm-5000g.aspx,/products/trommelstenen-mix-brazilie-a-kwaliteit-2
https://www.phoeniximport.com/nl/4/7754/sodaliet-trommelstenen-a-kwaliteit-3-8-cm-500-g.aspx,/products/sodaliet-trommelstenen-a-kwaliteit
https://www.phoeniximport.com/nl/4/7788/trommelstenen-mix-brazili-a-kwaliteit-3-5cm-800g.aspx,/products/trommelstenen-mix-brazilie-a-kwaliteit-3
https://www.phoeniximport.com/nl/4/7769/zwarte-onyx-trommelstenen-a-kwaliteit-3-8-cm-500-g.aspx,/products/zwarte-onyx-trommelstenen-a-kwaliteit-1
https://www.phoeniximport.com/nl/4/7741/melkkwarts-trommelstenen-a-kwaliteit-4-7-cm-500-g.aspx,/products/melkkwarts-trommelstenen-a-kwaliteit
https://www.phoeniximport.com/nl/4/7744/witte-maansteen-trommelstenen-a-kwaliteit-5x8cm-250g.aspx,/products/witte-maansteen-trommelstenen-a-kwaliteit
https://www.phoeniximport.com/nl/4/7772/veldspaat-trommelstenen-a-kwaliteit-5x8-cm-500-g.aspx,/products/veldspaat-trommelstenen-a-kwaliteit
https://www.phoeniximport.com/nl/4/1848/schatkistje-met-200-gram-edelstenen-200-g-95x65x7-cm.aspx,/products/schatkistje-met-200-gram-edelstenen
https://www.phoeniximport.com/nl/4/1987/shiva-oog-natuurlijke-agaat-beschermsteen--2-cm.aspx,/products/shiva-oog-natuurlijke-agaat-beschermsteen
https://www.phoeniximport.com/nl/4/7974/melkkwarts-trommelstenen-a-kwaliteit-500-g-2-3-cm.aspx,/products/melkkwarts-trommelstenen-a-kwaliteit-1
https://www.phoeniximport.com/nl/4/7643/trommelstenen-brazili-mix-b-kwaliteit-3-4cm-1000g.aspx,/products/trommelstenen-brazilie-mix-b-kwaliteit
https://www.phoeniximport.com/nl/4/7729/rode-jaspis-trommelstenen-a-kwaliteit-3-8-cm-500-g.aspx,/products/rode-jaspis-trommelstenen-a-kwaliteit-1
https://www.phoeniximport.com/nl/4/7724/nefriet-jade-trommelstenen-a-kwaliteit-5x8cm-500g.aspx,/products/nefriet-jade-trommelstenen-a-kwaliteit
https://www.phoeniximport.com/nl/4/7718/groene-kwarts-trommelstenen-a-kwaliteit-3-8cm-500g.aspx,/products/groene-kwarts-trommelstenen-a-kwaliteit-1
https://www.phoeniximport.com/nl/4/7700/amazoniet-trommelstenen-a-kwaliteit-3-6-cm-500-g.aspx,/products/amazoniet-trommelstenen-a-kwaliteit
https://www.phoeniximport.com/nl/4/7703/amethist-trommelstenen-a-kwaliteit-3-8-cm-500-g.aspx,/products/amethist-trommelstenen-a-kwaliteit-1
https://www.phoeniximport.com/nl/4/7712/valkenoog-trommelstenen-a-kwaliteit-5x8-cm-500-g.aspx,/products/valkenoog-trommelstenen-a-kwaliteit
https://www.phoeniximport.com/nl/4/7641/trommelstenen-mix-brazili-b-kwaliteit-1-2cm-500g.aspx,/products/trommelstenen-mix-brazilie-b-kwaliteit-1
https://www.phoeniximport.com/nl/4/7715/granaat-trommelstenen-a-kwaliteit-5x8cm-500g.aspx,/products/granaat-trommelstenen-a-kwaliteit
https://www.phoeniximport.com/nl/4/8304/narmada-riviersteen-trommelstenen-a-kwaliteit-15-35cm-300g.aspx,/products/narmada-riviersteen-trommelstenen-a-kwaliteit
https://www.phoeniximport.com/nl/4/7944/rode-jaspis-trommelstenen-a-kwaliteit-2-4cm-1000g.aspx,/products/rode-jaspis-trommelstenen-a-kwaliteit
https://www.phoeniximport.com/nl/4/7938/granaat-trommelstenen-a-kwaliteit-500g-3-4cm.aspx,/products/granaat-trommelstenen-a-kwaliteit
https://www.phoeniximport.com/nl/4/5917/gouden-driehoek-edelstenen-in-tasje-3-4-cm.aspx,/products/gouden-driehoek-edelstenen-in-tasje
https://www.phoeniximport.com/nl/4/8309/vesoniet-trommelstenen-a-kwaliteit-15-35cm-300g.aspx,/products/vesoniet-trommelstenen-a-kwaliteit
https://www.phoeniximport.com/nl/4/8324/regenboog-maansteen-trommelstenen-a-kwaliteit-15-35cm-500g.aspx,/products/regenboog-maansteen-trommelstenen-a-kwaliteit
https://www.phoeniximport.com/nl/4/8318/robijn-in-fuchsiet-trommelstenen-a-kwaliteit-15-35cm-300g.aspx,/products/robijn-in-fuchsiet-trommelstenen-a-kwaliteit
https://www.phoeniximport.com/nl/4/7950/tijgeroog-trommelstenen-a-kwaliteit-1000-g-3-4-cm.aspx,/products/tijgeroog-trommelstenen-a-kwaliteit-1
https://www.phoeniximport.com/nl/4/5996/mandala-display-voor-mineralen-en-sieraden-35x305x4-cm.aspx,/products/mandala-display-voor-mineralen-en-sieraden
https://www.phoeniximport.com/nl/4/7791/trommelstenen-mix-brazili-a-kwaliteit-5-8cm-1500g.aspx,/products/trommelstenen-mix-brazilie-a-kwaliteit-1
https://www.phoeniximport.com/nl/4/7793/trommelstenen-mix-brazili-a-kwaliteit-5-8cm-5000g.aspx,/products/trommelstenen-mix-brazilie-a-kwaliteit
https://www.phoeniximport.com/nl/4/7745/rozenkwarts-trommelstenen-a-kwaliteit-3-8-cm-500-g.aspx,/products/rozenkwarts-trommelstenen-a-kwaliteit-2
https://www.phoeniximport.com/nl/4/7785/trommelstenen-mix-brazili-a-kwaliteit-2-5cm-800g.aspx,/products/trommelstenen-mix-brazilie-a-kwaliteit-4
https://www.phoeniximport.com/nl/4/7706/zwarte-toermalijn-trommelstenen-b-kwaliteit-5x8cm-500g.aspx,/products/zwarte-toermalijn-trommelstenen-b-kwaliteit
https://www.phoeniximport.com/nl/4/7709/bergkristal-trommelstenen-a-kwaliteit-3-4-cm-500-g.aspx,/products/bergkristal-trommelstenen-a-kwaliteit-2
https://www.phoeniximport.com/nl/4/7751/rookkwarts-trommelstenen-a-kwaliteit-3x4cm-500g.aspx,/products/rookkwarts-trommelstenen-a-kwaliteit
https://www.phoeniximport.com/nl/4/8301/dalmatir-jaspis-trommelstenen-a-kwaliteit-15-35cm-250g.aspx,/products/dalmatier-jaspis-trommelstenen-a-kwaliteit
https://www.phoeniximport.com/nl/4/7936/bergkristal-trommelstenen-a-kwaliteit-1000g-2-3cm.aspx,/products/bergkristal-trommelstenen-a-kwaliteit-1
https://www.phoeniximport.com/nl/4/8310/angeliet-trommelstenen-a-kwaliteit-15-35cm-300g.aspx,/products/angeliet-trommelstenen-a-kwaliteit
https://www.phoeniximport.com/nl/4/8321/mosagaat-trommelstenen-a-kwaliteit-15-35cm-500g.aspx,/products/mosagaat-trommelstenen-a-kwaliteit
https://www.phoeniximport.com/nl/4/8322/labradoriet-trommelstenen-a-kwaliteit-15-35cm-500g.aspx,/products/labradoriet-trommelstenen-a-kwaliteit
https://www.phoeniximport.com/nl/4/7860/serpentijn-trommelstenen-b-kwaliteit-250-g-2-4-cm.aspx,/products/serpentijn-trommelstenen-b-kwaliteit-1
https://www.phoeniximport.com/nl/4/8302/pyriet-trommelstenen-a-kwaliteit-15-35cm-300g.aspx,/products/pyriet-trommelstenen-a-kwaliteit
https://www.phoeniximport.com/nl/4/7947/witte-maansteen-trommelstenen-a-kwaliteit-250g-3-4cm.aspx,/products/witte-maansteen-trommelstenen-a-kwaliteit
https://www.phoeniximport.com/nl/4/8315/amethist-trommelstenen-a-kwaliteit-15-35cm-300g.aspx,/products/amethist-trommelstenen-a-kwaliteit-3
https://www.phoeniximport.com/nl/4/7937/valkenoog-trommelstenen-a-kwaliteit--2-5-cm-1000-g.aspx,/products/valkenoog-trommelstenen-a-kwaliteit-1
https://www.phoeniximport.com/nl/4/8312/unakiet-trommelstenen-a-kwaliteit-15-35cm-500g.aspx,/products/unakiet-trommelstenen-a-kwaliteit
https://www.phoeniximport.com/nl/4/8311/zwarte-toermalijn-trommelstenen-a-kwaliteit-15-35cm-250g.aspx,/products/zwarte-toermalijn-trommelstenen-a-kwaliteit
https://www.phoeniximport.com/nl/4/8313/heliotroop-bloedsteen-trommelstenen-a-kwaliteit-15-35cm-500g.aspx,/products/heliotroop-bloedsteen-trommelstenen-a-kwaliteit
https://www.phoeniximport.com/nl/4/8319/scoleciet-trommelstenen-a-kwaliteit-15-35cm-500g.aspx,/products/scoleciet-trommelstenen-a-kwaliteit
https://www.phoeniximport.com/nl/4/7948/rozenkwarts-trommelstenen-a-kwaliteit-1000g-2-5cm.aspx,/products/rozenkwarts-trommelstenen-a-kwaliteit-1
https://www.phoeniximport.com/nl/4/7934/getrommelde-amazoniet-a-kwaliteit-2-4-cm-500-g.aspx,/products/getrommelde-amazoniet-a-kwaliteit
https://www.phoeniximport.com/nl/4/7935/amethist-trommelstenen-a-kwaliteit-500-g-2-4-cm.aspx,/products/amethist-trommelstenen-a-kwaliteit-2
https://www.phoeniximport.com/nl/4/7945/gele-jaspis-trommelstenen-a-kwaliteit-2-4cm-1000g.aspx,/products/gele-jaspis-trommelstenen-a-kwaliteit
https://www.phoeniximport.com/nl/4/7946/groene-jaspis-trommelstenen-a-kwaliteit-1000g-3-4cm.aspx,/products/groene-jaspis-trommelstenen-a-kwaliteit
https://www.phoeniximport.com/nl/4/7953/zwarte-onyx-trommelstenen-a-kwaliteit-1000g-3-4cm.aspx,/products/zwarte-onyx-trommelstenen-a-kwaliteit
https://www.phoeniximport.com/nl/4/7949/sodaliet-trommelstenen-a-kwaliteit-2-5-cm-500-g.aspx,/products/sodaliet-trommelstenen-a-kwaliteit-1
https://www.phoeniximport.com/nl/4/8314/opaliet-trommelstenen-15-35cm-250g.aspx,/products/opaliet-trommelstenen
https://www.phoeniximport.com/nl/4/77786/gele-serpentijn-trommelstenen-a-kwaliteit-500g-2-3cm.aspx,/products/gele-serpentijn-trommelstenen-a-kwaliteit
https://www.phoeniximport.com/nl/4/8323/groene-fluoriet-trommelstenen-a-kwaliteit-15-35cm-250g.aspx,/products/groene-fluoriet-trommelstenen-a-kwaliteit
https://www.phoeniximport.com/nl/4/8305/fluoriet-trommelstenen-a-kwaliteit-15-35cm-250g.aspx,/products/fluoriet-trommelstenen-a-kwaliteit
https://www.phoeniximport.com/nl/4/77771/bruine-aragoniet-trommelstenen-a-kwaliteit-500g-2-3cm.aspx,/products/bruine-aragoniet-trommelstenen-a-kwaliteit
https://www.phoeniximport.com/nl/4/7611/zwavelkwarts-trommelstenen-b-kwaliteit-800g-05-25cm.aspx,/products/zwavelkwarts-trommelstenen-b-kwaliteit
https://www.phoeniximport.com/nl/4/7602/amazoniet-trommelstenen-ab-kwaliteit-800g-05-25cm.aspx,/products/amazoniet-trommelstenen-a-b-kwaliteit
https://www.phoeniximport.com/nl/4/7620/gemengde-trommelstenen-ab-kwaliteit--800g-05-25cm.aspx,/products/gemengde-trommelstenen-a-b-kwaliteit
https://www.phoeniximport.com/nl/4/7622/bronziet-trommelstenen-ab-kwaliteit-800g-05-25cm.aspx,/products/bronziet-trommelstenen-a-b-kwaliteit
https://www.phoeniximport.com/nl/4/7615/blauwe-kwarts-trommelstenen-ab-kwaliteit-800g-05-25cm.aspx,/products/blauwe-kwarts-trommelstenen-a-b-kwaliteit
https://www.phoeniximport.com/nl/4/7607/groene-aventurijn-trommelstenen-a-kwaliteit-800g-05-25cm.aspx,/products/groene-aventurijn-trommelstenen-a-kwaliteit
https://www.phoeniximport.com/nl/4/7613/rutielkwarts-trommelstenen-ab-kwaliteit-800g-05-25cm.aspx,/products/rutielkwarts-trommelstenen-a-b-kwaliteit
https://www.phoeniximport.com/nl/4/7624/rookkwarts-trommelstenen-a-kwaliteit-800g-05-25cm.aspx,/products/rookkwarts-trommelstenen-a-kwaliteit-1
https://www.phoeniximport.com/nl/4/7614/citrien-gebrande-amethist-trommelstenen-ab-kwal-800g-05-25cm.aspx,/products/citrien-gebrande-amethist-trommelstenen-a-b-kwal
https://www.phoeniximport.com/nl/4/7612/nefriet-jade-trommelstenen-ab-kwaliteit-800g-05-25cm.aspx,/products/nefriet-jade-trommelstenen-a-b-kwaliteit
https://www.phoeniximport.com/nl/4/12396/amethist-chips-zeer-fijn-550g-01-03cm.aspx,/products/amethist-chips-zeer-fijn
https://www.phoeniximport.com/nl/4/7605/amethist-trommelstenen-ab-kwaliteit-800g-05-25cm.aspx,/products/amethist-trommelstenen-a-b-kwaliteit
https://www.phoeniximport.com/nl/4/7619/zwarte-onyx-trommelstenen-ab-kwaliteit-800-g-05-25-cm.aspx,/products/zwarte-onyx-trommelstenen-a-b-kwaliteit
https://www.phoeniximport.com/nl/4/7603/rode-jaspis-trommelstenen-ab-kwaliteit-800-g-05-25-cm.aspx,/products/rode-jaspis-trommelstenen-a-b-kwaliteit
https://www.phoeniximport.com/nl/4/7623/granaat-trommelstenen-ab-kwaliteit-800g-05-25cm.aspx,/products/granaat-trommelstenen-a-b-kwaliteit
https://www.phoeniximport.com/nl/4/7606/bergkristal-trommelstenen-b-kwaliteit-800g-05-25cm.aspx,/products/bergkristal-trommelstenen-b-kwaliteit
https://www.phoeniximport.com/nl/4/7609/rozenkwarts-trommelstenen-ab-kwaliteit-800-g-05-25-cm.aspx,/products/rozenkwarts-trommelstenen-a-b-kwaliteit
https://www.phoeniximport.com/nl/4/13249/zorgenstenen-zwarte-toermalijn-35-45-cm.aspx,/products/zorgenstenen-zwarte-toermalijn
https://www.phoeniximport.com/nl/4/13248/zorgenstenen-maansteen-35-45-cm.aspx,/products/zorgenstenen-maansteen
https://www.phoeniximport.com/nl/4/13250/zorgenstenen-lapis-lazuli-35-45-cm.aspx,/products/zorgenstenen-lapis-lazuli
https://www.phoeniximport.com/nl/4/13264/hart-knuffelsteen-robijn-kyaniet-5x5-cm.aspx,/products/hart-knuffelsteen-robijn-kyaniet
https://www.phoeniximport.com/nl/4/6012/hart-knuffelstenen-rozenkwarts-25cm.aspx,/products/hart-knuffelstenen-rozenkwarts
https://www.phoeniximport.com/nl/4/6017/hart-knuffelstenen-aventurijn-30-cm.aspx,/products/hart-knuffelstenen-aventurijn
https://www.phoeniximport.com/nl/4/14176/maanvormige-edelsteen-rozenkwarts-4-cm.aspx,/products/maanvormige-edelsteen-rozenkwarts
https://www.phoeniximport.com/nl/4/78248/zorgenstenen-amethist-35-cm.aspx,/products/zorgenstenen-amethist
https://www.phoeniximport.com/nl/4/78249/zorgenstenen-bergkristal-4-cm.aspx,/products/zorgenstenen-bergkristal
https://www.phoeniximport.com/nl/4/78250/zorgenstenen-hematiet-4-cm.aspx,/products/zorgenstenen-hematiet
https://www.phoeniximport.com/nl/4/78251/zorgenstenen-rozenkwarts-4-cm.aspx,/products/zorgenstenen-rozenkwarts
https://www.phoeniximport.com/nl/4/13265/hart-knuffelsteen-amethist-35-4cm.aspx,/products/hart-knuffelsteen-amethist
https://www.phoeniximport.com/nl/4/13266/hart-knuffelsteen-rozenkwarts-45cm.aspx,/products/hart-knuffelsteen-rozenkwarts
https://www.phoeniximport.com/nl/4/6015/hart-knuffelstenen-fantoom-amethist-30-cm.aspx,/products/hart-knuffelstenen-fantoom-amethist
https://www.phoeniximport.com/nl/4/6018/hart-knuffelstenen-carneool-30-cm.aspx,/products/hart-knuffelstenen-carneool
https://www.phoeniximport.com/nl/4/1823/hart-knuffelstenen-opaliet-25x25-cm.aspx,/products/hart-knuffelstenen-opaliet
https://www.phoeniximport.com/nl/4/1826/hart-knuffelsteen-rozenkwarts-35cm.aspx,/products/hart-knuffelsteen-rozenkwarts-1
https://www.phoeniximport.com/nl/4/14142/7-chakra-zorgenstenen-mini-25x2x06cm.aspx,/products/7-chakra-zorgenstenen-mini
https://www.phoeniximport.com/nl/4/14177/maanvormige-edelsteen-amethist-4-cm.aspx,/products/maanvormige-edelsteen-amethist
https://www.phoeniximport.com/nl/4/14178/maanvormige-edelsteen-lapis-lazuli-4-cm.aspx,/products/maanvormige-edelsteen-lapis-lazuli
https://www.phoeniximport.com/nl/4/14179/maanvormige-edelsteen-bergkristal-4-cm.aspx,/products/maanvormige-edelsteen-bergkristal
https://www.phoeniximport.com/nl/4/6155/kristallen-hartjes-display-met-30-stuks-3cm-21g.aspx,/products/kristallen-hartjes-display-met-30-stuks
https://www.phoeniximport.com/nl/4/12633/maanvormige-edelsteen-agaat-met-kristallisatie-4cm.aspx,/products/maanvormige-edelsteen-agaat-met-kristallisatie
https://www.phoeniximport.com/nl/4/12635/maanvormige-edelsteen-maansteen-4cm.aspx,/products/maanvormige-edelsteen-maansteen
https://www.phoeniximport.com/nl/4/12636/hart-knuffelsteen-agaat-met-kristallisatie-4-6cm.aspx,/products/hart-knuffelsteen-agaat-met-kristallisatie
https://www.phoeniximport.com/nl/4/12637/stervormige-edelsteen-agaat-met-kristallisatie-4-6cm.aspx,/products/stervormige-edelsteen-agaat-met-kristallisatie
https://www.phoeniximport.com/nl/4/78321/zorgenstenen-rode-jaspis-25x45cm.aspx,/products/zorgenstenen-rode-jaspis
https://www.phoeniximport.com/nl/4/78323/zorgenstenen-zonnesteen-25x45cm.aspx,/products/zorgenstenen-zonnesteen
https://www.phoeniximport.com/nl/4/78324/zorgenstenen-7-chakras-25x45cm.aspx,/products/zorgenstenen-7-chakras
https://www.phoeniximport.com/nl/4/78325/zorgenstenen-tijgeroog-25x45cm.aspx,/products/zorgenstenen-tijgeroog
https://www.phoeniximport.com/nl/4/78326/zorgenstenen-angeliet-25x45cm.aspx,/products/zorgenstenen-angeliet
https://www.phoeniximport.com/nl/4/78398/gegraveerde-mineraalschijf-rozenkwarts-handen-maan-en-ster-5cm.aspx,/products/gegraveerde-mineraalschijf-rozenkwarts-handen-maan-en-ster
https://www.phoeniximport.com/nl/4/19035/klankstaven-set-chakra-healing-119-162-cm.aspx,/products/klankstaven-set-chakra-healing
https://www.phoeniximport.com/nl/4/78224/chakra-klankschalen-geschenkset-2400g.aspx,/products/chakra-klankschalen-geschenkset
https://www.phoeniximport.com/nl/4/16338/klankschalen-viltkloppers-set-s-m-l-xl-75x33x32-cm.aspx,/products/klankschalen-viltkloppers-set-s-m-l-xl
https://www.phoeniximport.com/nl/4/17094/kristallen-klankschalen-chakra-set-1-7-schalen-432-hz.aspx,/products/kristallen-klankschalen-chakra-set-1-7-schalen-432-hz
https://www.phoeniximport.com/nl/4/17293/witte-tara-wit-360-g-15-cm.aspx,/products/witte-tara-wit
https://www.phoeniximport.com/nl/4/17095/kristallen-klankschalen-chakra-set-2-7-schalen-432-hz.aspx,/products/kristallen-klankschalen-chakra-set-2-7-schalen-432-hz
https://www.phoeniximport.com/nl/4/190368/klankstaven-set-chakra-healing-op-toon-gebaseerd-129-17.aspx,/products/klankstaven-set-chakra-healing-op-toon-gebaseerd
https://www.phoeniximport.com/nl/4/8270/set-van-3-mini-bolsters-biokatoen-ocs-40x12cm-920g.aspx,/products/set-van-3-mini-bolsters-biokatoen-ocs
https://www.phoeniximport.com/nl/4/18193/set-van-7-kristallen-klankschalen-lotus-chakra-432-hz.aspx,/products/set-van-7-kristallen-klankschalen-lotus-chakra-432-hz
https://www.phoeniximport.com/nl/4/18144/set-7-kristallen-klankschalen-macaron-design-432-hz-2-tassen-20-35cm.aspx,/products/set-7-kristallen-klankschalen-macaron-design-432-hz-2-tassen
https://www.phoeniximport.com/nl/4/99900/verrassingsdoos-35x28x27cm.aspx,/products/verrassingsbox
https://www.phoeniximport.com/nl/4/3328/oogkussen-kamille-met-biologisch-lijnzaad-donkergroen-140-g-22x8-cm.aspx,/products/oogkussen-kamille-met-biologisch-lijnzaad-donkergroen
https://www.phoeniximport.com/nl/4/8271/oogkussen-hoes-levensboom-bio-katoen-gots-235x10cm.aspx,/products/oogkussen-hoes-levensboom-bio-katoen-gots
https://www.phoeniximport.com/nl/4/8273/oogkussen-hoes-maanfasen-bio-katoen-gots-235x10cm.aspx,/products/oogkussen-hoes-maanfasen-bio-katoen-gots
https://www.phoeniximport.com/nl/4/8274/oogkussenhoes-bloem-des-levens-biokatoen-gots-235x10cm.aspx,/products/new-oogkussen-hoes-bloem-des-levens-bio-katoen-gots
https://www.phoeniximport.com/nl/4/8076/bolster-rond-zwart-biokatoen-ocs-60x16cm-2300-g.aspx,/products/bolster-rond-zwart-biokatoen-ocs
https://www.phoeniximport.com/nl/4/8077/bolster-rond-rood-biokatoen-ocs-60x16cm-2300-g.aspx,/products/bolster-rond-rood-biokatoen-ocs
https://www.phoeniximport.com/nl/4/8078/bolster-rond-donkerblauw-biokatoen-ocs-60x16cm-2300-g.aspx,/products/bolster-rond-donkerblauw-biokatoen-ocs
https://www.phoeniximport.com/nl/4/8195/bolster-rond-antraciet-biokatoen-ocs-60x16cm-2300-g.aspx,/products/bolster-rond-antraciet-biokatoen-ocs
https://www.phoeniximport.com/nl/4/8199/bolster-rond-olijfgroen-biokatoen-ocs-60x16cm-2300-g.aspx,/products/bolster-rond-olijfgroen-biokatoen-ocs
https://www.phoeniximport.com/nl/4/12161/spraykop-bij-500ml-fles-yogamat-reiniger-biologisch-26-g.aspx,/products/spraykop-bij-500ml-fles-yogamat-reiniger-biologisch
https://www.phoeniximport.com/nl/4/12150/yogamat-reiniger-bloedsinaasappel-510-ml.aspx,/products/yogamat-reiniger-bloedsinaasappel-2
https://www.phoeniximport.com/nl/4/12151/yogamat-reiniger-rozemarijn-510-ml.aspx,/products/yogamat-reiniger-rozemarijn-2
https://www.phoeniximport.com/nl/4/12152/yogamat-reiniger-rozemarijn-60-ml.aspx,/products/yogamat-reiniger-rozemarijn-1
https://www.phoeniximport.com/nl/4/12153/yogamat-reiniger-bloedsinaasappel-60-ml.aspx,/products/yogamat-reiniger-bloedsinaasappel-1
https://www.phoeniximport.com/nl/4/12158/yogamat-reiniger-bloedsinaasappel-10000-ml.aspx,/products/yogamat-reiniger-bloedsinaasappel-1
https://www.phoeniximport.com/nl/4/12159/yogamat-reiniger-rozemarijn-10000-ml.aspx,/products/yogamat-reiniger-rozemarijn
https://www.phoeniximport.com/nl/4/12160/kraantje-bij-yogamat-reiniger-10-liter-18g.aspx,/products/kraantje-bij-yogamat-reiniger-10-liter
https://www.phoeniximport.com/nl/4/7994/bolster-rond-bloem-des-levens-biokatoen-ocs-60x16-cm-2300-g.aspx,/products/bolster-rond-bloem-des-levens-biokatoen-ocs
https://www.phoeniximport.com/nl/4/7995/bolster-rond-maanfasen-biokatoen-ocs-60x16cm-2300-g.aspx,/products/bolster-rond-maanfasen-biokatoen-ocs
https://www.phoeniximport.com/nl/4/7996/bolster-rond-levensboom-biokatoen-ocs-60x16cm-2300-g.aspx,/products/bolster-rond-levensboom-biokatoen-ocs
https://www.phoeniximport.com/nl/4/12368/universele-reinigingspasta-citrus-300-g.aspx,/products/universele-reinigingspasta-citrus
https://www.phoeniximport.com/nl/4/12380/natuurlijke-wasschillen-hypo-allergeen-350-g.aspx,/products/natuurlijke-wasschillen-hypo-allergeen
https://www.phoeniximport.com/nl/4/12400/vloeibaar-wasmiddel-universeel-hypoallergeen-0-1500ml.aspx,/products/vloeibaar-wasmiddel-universeel-hypoallergeen-0
https://www.phoeniximport.com/nl/4/12413/afwasmiddel-limoen-verbena-500-ml.aspx,/products/afwasmiddel-limoen-verbena
https://www.phoeniximport.com/nl/4/12417/vloerreiniger-hout-natuurlijk-510ml.aspx,/products/vloerreiniger-hout-natuurlijk
https://www.phoeniximport.com/nl/4/41124/yoga-riem-d-ring-wit-katoen-183x4cm.aspx,/products/yoga-riem-d-ring-wit-katoen-1
https://www.phoeniximport.com/nl/4/18183/kristallen-klankschaal-lotus-chakra-3-e-toon-432hz-30cm.aspx,/products/kristallen-klankschaal-lotus-chakra-3-e-toon-432hz
https://www.phoeniximport.com/nl/4/4119/yoga-riem-d-ring-wit-katoen-250x4cm.aspx,/products/yoga-riem-d-ring-wit-katoen
https://www.phoeniximport.com/nl/4/18182/kristallen-klankschaal-lotus-chakra-2-d-toon-432hz-30cm.aspx,/products/kristallen-klankschaal-lotus-chakra-2-d-toon-432hz
https://www.phoeniximport.com/nl/4/6602/stemvorken-chakra-serie-goudkleurig-ongewogen-43x29cm.aspx,/products/stemvorken-chakra-serie-goudkleurig-ongewogen
https://www.phoeniximport.com/nl/4/18187/kristallen-klankschaal-lotus-chakra-7-b-toon-432hz-30cm.aspx,/products/kristallen-klankschaal-lotus-chakra-7-b-toon-432hz
https://www.phoeniximport.com/nl/4/78357/katoenen-tasje-kubus-van-metatron-zwart-12x105cm.aspx,/products/katoenen-tasje-kubus-van-metatron-zwart
https://www.phoeniximport.com/nl/4/15099/geschenkverpakking-m-divine-hand-edelstenen-20x165cm.aspx,/products/gondeldoosje-m-divine-hand-edelstenen
https://www.phoeniximport.com/nl/4/78198/pendel-5e-chakra-vishudda--16gr.aspx,/products/pendel-5e-chakra-vishudda
https://www.phoeniximport.com/nl/4/15093/geschenkverpakking-l-divine-hand-edelstenen-235x203cm.aspx,/products/gondeldoosje-l-divine-hand-edelstenen
https://www.phoeniximport.com/nl/4/6604/stemvorken-set-cosmic-octave-ongewogen-59x32cm.aspx,/products/stemvorken-set-cosmic-octave-ongewogen
https://www.phoeniximport.com/nl/4/15110/geschenkverpakking-s-multicolor-diamanten-12x6cm.aspx,/products/gondeldoosje-s-multicolor-diamanten
https://www.phoeniximport.com/nl/4/78362/katoenen-tasje-levensboom-zwart-12x105cm.aspx,/products/katoenen-tasje-levensboom-zwart
https://www.phoeniximport.com/nl/4/15095/geschenkverpakking-l-multicolor-diamanten-235x203cm.aspx,/products/gondeldoosje-l-multicolor-diamanten
https://www.phoeniximport.com/nl/4/99983/ganesha-op-troon-28x23cm.aspx,/products/ganesha-op-troon
https://www.phoeniximport.com/nl/4/78348/pendelmat-godin-multicolour-33x20cm.aspx,/products/pendelmat-godin-multicolour
https://www.phoeniximport.com/nl/4/18263/kristallen-klankschaal-helder-chakra-5-g-toon-432hz-tas-18cm.aspx,/products/kristallen-klankschaal-helder-chakra-5-g-toon-432hz-tas
https://www.phoeniximport.com/nl/4/19078/stemvorken-cosmic-octave-11-x-goudkleurig-gewogen-36-cm.aspx,/products/stemvorken-cosmic-octave-11-x-goudkleurig-gewogen
https://www.phoeniximport.com/nl/4/4229/organza-cadeauzakje-geel-m-13x18cm.aspx,/products/organza-cadeauzakje-geel-m
https://www.phoeniximport.com/nl/4/78349/pendelmat-bloem-des-levens-multicolour-33x20cm.aspx,/products/pendelmat-bloem-des-levens-multicolour
https://www.phoeniximport.com/nl/4/18185/kristallen-klankschaal-lotus-chakra-5-g-toon-432hz-30cm.aspx,/products/kristallen-klankschaal-lotus-chakra-5-g-toon-432hz
https://www.phoeniximport.com/nl/4/4218/organza-cadeauzakje-geel-s-10x15cm.aspx,/products/organza-cadeauzakje-geel-s
https://www.phoeniximport.com/nl/4/4117/yoga-riem-d-ring-blauw-katoen-250x4cm.aspx,/products/yoga-riem-d-ring-blauw-katoen-1
https://www.phoeniximport.com/nl/4/15101/geschenkverpakking-m-multicolor-diamanten-20x165cm.aspx,/products/gondeldoosje-m-multicolor-diamanten
https://www.phoeniximport.com/nl/4/14982/namaste-mudra-handen-met-boeddhas-wit-11x21cm.aspx,/products/namaste-mudra-handen-met-boeddhas-wit
https://www.phoeniximport.com/nl/4/1788/kristallen-stemvorken-chakra-balans-set-440-hz.aspx,/products/kristallen-stemvorken-chakra-balans-set-440-hz
https://www.phoeniximport.com/nl/4/17509/yogatop-zen-naadloos-biokatoen-zwart-m-l-174g.aspx,/products/yogatop-zen-naadloos-biokatoen-zwart-m-l
https://www.phoeniximport.com/nl/4/6603/stemvorken-set-cosmic-octave-goudkleurig-ongewogen-59x32cm.aspx,/products/stemvorken-set-cosmic-octave-goudkleurig-ongewogen
https://www.phoeniximport.com/nl/4/41125/yoga-riem-d-ring-lichtpaars-katoen-183x4cm.aspx,/products/yoga-riem-d-ring-lichtpaars-katoen-1
https://www.phoeniximport.com/nl/4/14986/boeddhabeeld-met-dorje-en-bel-zandkleur-11x17cm.aspx,/products/boeddhabeeld-met-dorje-en-bel-zandkleur
https://www.phoeniximport.com/nl/4/78358/katoenen-tasje-godin-zwart-12x105cm.aspx,/products/katoenen-tasje-godin-zwart
https://www.phoeniximport.com/nl/4/2494/mala-agilahout-elastisch-06-cm.aspx,/products/mala-agilahout-elastisch
https://www.phoeniximport.com/nl/4/78356/katoenen-tasje-7-chakras-zwart-12x105cm.aspx,/products/katoenen-tasje-7-chakras-zwart
https://www.phoeniximport.com/nl/4/18179/beeld-ganesha-met-rituele-schelp-25x20x13-cm.aspx,/products/beeld-ganesha-met-rituele-schelp
https://www.phoeniximport.com/nl/4/2482/mala-hout-elastisch-met-sierkralen-en-dorje-06-cm.aspx,/products/mala-hout-elastisch-met-sierkralen-en-dorje
https://www.phoeniximport.com/nl/4/41121/yoga-riem-d-ring-grijs-katoen-250x4cm.aspx,/products/yoga-riem-d-ring-grijs-katoen
https://www.phoeniximport.com/nl/4/18170/kristallen-klankschaal-helder-regenboog-f-toon-432-hz-tas-20cm.aspx,/products/kristallen-klankschaal-helder-regenboog-f-toon-432-hz-tas
https://www.phoeniximport.com/nl/4/41122/yoga-riem-d-ring-lichtpaars-katoen-250x4cm.aspx,/products/yoga-riem-d-ring-lichtpaars-katoen
https://www.phoeniximport.com/nl/4/14985/boeddhabeeld-met-dorje-en-bel-wit-11x17cm.aspx,/products/boeddhabeeld-met-dorje-en-bel-wit
https://www.phoeniximport.com/nl/4/15087/geschenkverpakking-xl-divine-hand-edelstenen-355x254cm.aspx,/products/gondeldoosje-xl-divine-hand-edelstenen
https://www.phoeniximport.com/nl/4/15089/geschenkverpakking-xl-multicolor-diamanten-355x254cm.aspx,/products/gondeldoosje-xl-multicolor-diamanten
https://www.phoeniximport.com/nl/4/15116/cadeaukaart-envelop-multicolor-diamanten-19x9cm.aspx,/products/cadeaukaart-envelop-multicolor-diamanten
https://www.phoeniximport.com/nl/4/18145/bedelmonnik-standbeeld-3050-g-24x22x63-cm.aspx,/products/bedelmonnik-standbeeld
https://www.phoeniximport.com/nl/4/15321/hluru-wave-windorgel-43cm.aspx,/products/new-hluru-windgong-bamboe-8-bars-wave-series-fal8-3-double-swing
https://www.phoeniximport.com/nl/4/14994/boeddhabeeldje-medicijn-boeddha-9-cm.aspx,/products/boeddhabeeldje-medicijn-boeddha
https://www.phoeniximport.com/nl/4/18186/kristallen-klankschaal-lotus-chakra-6-a-toon-432hz-30cm.aspx,/products/kristallen-klankschaal-lotus-chakra-6-a-toon-432hz
https://www.phoeniximport.com/nl/4/19084/stemvorken-sacred-solfeggio-reeks-goudkleurig-17-cm.aspx,/products/stemvorken-sacred-solfeggio-reeks-goudkleurig
https://www.phoeniximport.com/nl/4/15114/cadeaukaart-envelop-divine-hand-edelstenen-19x9cm.aspx,/products/cadeaukaart-envelop-divine-hand-edelstenen
https://www.phoeniximport.com/nl/4/41123/yoga-riem-d-ring-grijs-katoen-183x4cm.aspx,/products/yoga-riem-d-ring-grijs-katoen-1
https://www.phoeniximport.com/nl/4/18119/meditatie-boeddha-thailand-grijs-298-g-13x8x18-cm.aspx,/products/meditatie-boeddha-thailand-grijs
https://www.phoeniximport.com/nl/4/15108/geschenkverpakking-s-divine-hand-edelstenen-12x6cm.aspx,/products/gondeldoosje-s-divine-hand-edelstenen
https://www.phoeniximport.com/nl/4/99984/shiva-parivar-14x12cm.aspx,/products/shiva-parivar
https://www.phoeniximport.com/nl/4/1712/kristallen-klankschalen-aanstrijkstok-23-cm.aspx,/products/kristallen-klankschalen-aanstrijkstok
https://www.phoeniximport.com/nl/4/1715/klankschalen-klopper-35-cm.aspx,/products/klankschalen-klopper
https://www.phoeniximport.com/nl/4/17151/klankschalen-klopper-blauw-35-cm.aspx,/products/klankschalen-klopper-blauw
https://www.phoeniximport.com/nl/4/1806/draagtas-ohm-voor-kristallen-en-metalen-klankschalen-30cm.aspx,/products/draagtas-ohm-voor-kristallen-en-metalen-klankschalen-1
https://www.phoeniximport.com/nl/4/1805/draagtas-ohm-voor-kristallen-en-metalen-klankschalen-25cm.aspx,/products/draagtas-ohm-voor-kristallen-en-metalen-klankschalen
https://www.phoeniximport.com/nl/4/1716/kristallen-klankschalen-aanstrijkstok-100-g-20-cm.aspx,/products/kristallen-klankschalen-aanstrijkstok-2
https://www.phoeniximport.com/nl/4/19027/stemvork-klankschaalactivator-rubber-klopper-28-cm.aspx,/products/stemvork-klankschaalactivator-rubber-klopper
https://www.phoeniximport.com/nl/4/1780/draagtas-voor-kristallen-klankschaal-xs-25-cm.aspx,/products/draagtas-voor-kristallen-klankschaal-xs
https://www.phoeniximport.com/nl/4/1781/draagtas-voor-kristallen-klankschaal-medium-35-cm.aspx,/products/draagtas-voor-kristallen-klankschaal-medium
https://www.phoeniximport.com/nl/4/1782/draagtas-voor-kristallen-klankschaal-large-40-cm.aspx,/products/draagtas-voor-kristallen-klankschaal-large
https://www.phoeniximport.com/nl/4/1718/kristallen-klankschalen-aanstrijkstok-150-g-23-cm.aspx,/products/kristallen-klankschalen-aanstrijkstok-1
https://www.phoeniximport.com/nl/4/17801/draagtas-voor-kristallen-klankschaal-small-30-cm.aspx,/products/draagtas-voor-kristallen-klankschaal-small
https://www.phoeniximport.com/nl/4/18199/kristallen-klankschalen-rubber-klopper-19cm.aspx,/products/kristallen-klankschalen-rubber-klopper
https://www.phoeniximport.com/nl/4/18198/rubber-o-ring-voor-klankschalen-95cm.aspx,/products/rubber-o-ring-voor-klankschalen
https://www.phoeniximport.com/nl/4/17788/klankschaalkussens-7-chakras-95-cm.aspx,/products/klankschaalkussens-7-chakras
https://www.phoeniximport.com/nl/4/17789/klankschaalkussens-7-chakras-groot-145-cm.aspx,/products/klankschaalkussens-7-chakras-groot
https://www.phoeniximport.com/nl/4/8344/klankschaalkussen-7-chakras-zwart-s-13x5-cm.aspx,/products/klankschaalkussens-7-chakras
https://www.phoeniximport.com/nl/4/8342/klankschaalkussen-7-chakras-aubergine-m-17x6-cm.aspx,/products/klankschaalkussens-7-chakras
https://www.phoeniximport.com/nl/4/8338/klankschaalkussen-7-chakras-beige-s-13x5-cm.aspx,/products/klankschaalkussens-7-chakras
https://www.phoeniximport.com/nl/4/8343/klankschaalkussen-7-chakras-aubergine-l-21x75-cm.aspx,/products/klankschaalkussens-7-chakras
https://www.phoeniximport.com/nl/4/8340/klankschaalkussen-7-chakras-beige-l-21x75-cm.aspx,/products/klankschaalkussens-7-chakras
https://www.phoeniximport.com/nl/4/8341/klankschaalkussen-7-chakras-aubergine-s-13x5-cm.aspx,/products/klankschaalkussens-7-chakras
https://www.phoeniximport.com/nl/4/8345/klankschaalkussen-7-chakras-zwart-m-17x6-cm.aspx,/products/klankschaalkussens-7-chakras
https://www.phoeniximport.com/nl/4/8346/klankschaalkussen-7-chakras-zwart-l-21x75-cm.aspx,/products/klankschaalkussens-7-chakras
https://www.phoeniximport.com/nl/4/16335/klankschalen-viltklopper-medium-35-g-48x3x28-cm.aspx,/products/klankschalen-viltklopper-medium
https://www.phoeniximport.com/nl/4/16762/aanstrijkhout-klein-met-vilt--75g-13-cm.aspx,/products/aanstrijkhout-klein-met-vilt
https://www.phoeniximport.com/nl/4/16773/klankschalen-klopper-vilt-s-140-g-27x6-cm.aspx,/products/klankschalen-klopper-vilt-s-1
https://www.phoeniximport.com/nl/4/17089/vilten-onderzetters-voor-klankschalen-enz-10-cm.aspx,/products/vilten-onderzetters-voor-klankschalen-enz-1
https://www.phoeniximport.com/nl/4/17090/vilten-onderzetters-voor-klankschalen-enz-15-cm.aspx,/products/vilten-onderzetters-voor-klankschalen-enz
https://www.phoeniximport.com/nl/4/15916/klankschaalkussen-plat-tribal-design-105-cm.aspx,/products/klankschaalkussen-plat-tribal-design-1
https://www.phoeniximport.com/nl/4/14114/biologische-klankschaal-reinigingspasta-citrus-300-g.aspx,/products/biologische-klankschaal-reinigingspasta-citrus
https://www.phoeniximport.com/nl/4/16315/klankschaalkussen-blauw-met-bloemmotief-12x12x4-cm.aspx,/products/klankschaalkussen-blauw-met-bloemmotief-1
https://www.phoeniximport.com/nl/4/16316/klankschaalkussen-blauw-met-bloemmotief-14x14x4-cm.aspx,/products/klankschaalkussen-blauw-met-bloemmotief-1
https://www.phoeniximport.com/nl/4/16317/klankschaalkussen-blauw-met-bloemmotief-18x18x5-cm.aspx,/products/klankschaalkussen-blauw-met-bloemmotief-1
https://www.phoeniximport.com/nl/4/16310/klankschaalkussen-rood-met-bloemmotief-12x12x4-cm.aspx,/products/klankschaalkussen-rood-met-bloemmotief-1
https://www.phoeniximport.com/nl/4/16311/klankschaalkussen-rood-met-bloemmotief-14x14x4-cm.aspx,/products/klankschaalkussen-rood-met-bloemmotief-1
https://www.phoeniximport.com/nl/4/162581/klankschaalkussen-deluxe-dubbele-dorje-wit-20x20-cm.aspx,/products/klankschaalkussen-deluxe-dubbele-dorje-wit
https://www.phoeniximport.com/nl/4/162584/klankschaalkussen-deluxe-dubbele-dorje-geel-20x20-cm.aspx,/products/klankschaalkussen-deluxe-dubbele-dorje-geel
https://www.phoeniximport.com/nl/4/16339/klankschalen-viltklopper-l-180-g-32x8-cm.aspx,/products/klankschalen-viltklopper-l
https://www.phoeniximport.com/nl/4/16372/klankschaalkussen-ringvormig-15x4-cm.aspx,/products/klankschaalkussen-ringvormig-1
https://www.phoeniximport.com/nl/4/16371/klankschaalkussen-ringvormig-12x3-cm.aspx,/products/klankschaalkussen-ringvormig-1
https://www.phoeniximport.com/nl/4/16373/klankschaalkussen-ringvormig-18x6-cm.aspx,/products/klankschaalkussen-ringvormig-1
https://www.phoeniximport.com/nl/4/16399/klankschaalkussen-plat-rond-zwart-15x1-cm.aspx,/products/klankschaalkussen-plat-rond-zwart-1
https://www.phoeniximport.com/nl/4/163991/klankschaalkussen-plat-rond-zwart-20x1-cm.aspx,/products/klankschaalkussen-plat-rond-zwart
https://www.phoeniximport.com/nl/4/163992/klankschaalkussen-plat-rond-rood-15x1-cm.aspx,/products/klankschaalkussen-plat-rond-rood-1
https://www.phoeniximport.com/nl/4/163993/klankschaalkussen-plat-rond-rood-20x1-cm.aspx,/products/klankschaalkussen-plat-rond-rood
https://www.phoeniximport.com/nl/4/16334/klankschalen-viltklopper-small-30-g-4x3x28-cm.aspx,/products/klankschalen-viltklopper-small
https://www.phoeniximport.com/nl/4/16336/klankschalen-viltklopper-large-70-g-55x33x32-cm.aspx,/products/klankschalen-viltklopper-large
https://www.phoeniximport.com/nl/4/16337/klankschalen-viltklopper-xl-105-g-75x32-cm.aspx,/products/klankschalen-viltklopper-xl-1
https://www.phoeniximport.com/nl/4/16763/aanstrijkhout-middel-met-vilt-100-g-20-cm.aspx,/products/aanstrijkhout-middel-met-vilt
https://www.phoeniximport.com/nl/4/16764/klankschalen-viltklopper-m-houten-steel-160-g-31-cm.aspx,/products/klankschalen-viltklopper-m-houten-steel
https://www.phoeniximport.com/nl/4/16772/klankschalen-klopper-vilt-l-300-g-33x8-cm.aspx,/products/klankschalen-klopper-vilt-l-3
https://www.phoeniximport.com/nl/4/16328/klankschalen-viltklopper-m-180-g-32x6x45-cm.aspx,/products/klankschalen-viltklopper-m
https://www.phoeniximport.com/nl/4/16329/klankschalen-viltklopper-xl-300-g-36x10x45-cm.aspx,/products/klankschalen-viltklopper-xl
https://www.phoeniximport.com/nl/4/16765/klankschalen-klopper-vilt-m-180-g-27x65-cm.aspx,/products/klankschalen-klopper-vilt-m
https://www.phoeniximport.com/nl/4/16770/klankschalen-klopper-vilt-xl-450-g-38x10-cm.aspx,/products/klankschalen-klopper-vilt-xl
https://www.phoeniximport.com/nl/4/16768/klankschalen-klopper-vilt-l-230-g-33x85-cm.aspx,/products/klankschalen-klopper-vilt-l-2
https://www.phoeniximport.com/nl/4/16769/klankschalen-klopper-vilt-l-200-300g-34x9cm.aspx,/products/klankschalen-klopper-vilt-l-1
https://www.phoeniximport.com/nl/4/16774/klankschalen-klopper-vilt-m-150-g-29x7-cm.aspx,/products/klankschalen-klopper-vilt-m-1
https://www.phoeniximport.com/nl/4/17085/vilten-onderzetters-voor-klankschalen-enz-10x03-cm.aspx,/products/vilten-onderzetters-voor-klankschalen-enz-1
https://www.phoeniximport.com/nl/4/17086/vilten-onderzetters-voor-klankschalen-enz-15-cm.aspx,/products/vilten-onderzetters-voor-klankschalen-enz
https://www.phoeniximport.com/nl/4/17087/vilten-onderzetters-voor-klankschalen-enz-20-cm.aspx,/products/vilten-onderzetters-voor-klankschalen-enz-3
https://www.phoeniximport.com/nl/4/17088/vilten-onderzetter-voor-klankschalen-enz-25-cm.aspx,/products/vilten-onderzetter-voor-klankschalen-enz
https://www.phoeniximport.com/nl/4/17091/vilten-onderzetters-voor-klankschalen-enz-20-cm.aspx,/products/vilten-onderzetters-voor-klankschalen-enz-3
https://www.phoeniximport.com/nl/4/17092/vilten-onderzetter-voor-klankschalen-enz-25-cm.aspx,/products/vilten-onderzetter-voor-klankschalen-enz
https://www.phoeniximport.com/nl/4/15917/klankschaalkussen-plat-tribal-design-155-cm.aspx,/products/klankschaalkussen-plat-tribal-design
https://www.phoeniximport.com/nl/4/16775/klankschalen-klopper-vilt-s-6-7cm.aspx,/products/klankschalen-klopper-vilt-s
https://www.phoeniximport.com/nl/4/16143/gongklopper-harde-kop-composiet-handvat-40cm.aspx,/products/gongklopper-harde-kop-composiet-handvat
https://www.phoeniximport.com/nl/4/16144/rubber-flumie-gong-strijkstok-klein-23cm.aspx,/products/rubber-flumie-gong-strijkstok-klein
https://www.phoeniximport.com/nl/4/16145/rubber-flumie-gong-strijkstok-medium-25cm.aspx,/products/rubber-flumie-gong-strijkstok-medium
https://www.phoeniximport.com/nl/4/16146/rubber-flumie-gong-strijkstok-groot-26cm.aspx,/products/rubber-flumie-gong-strijkstok-groot
https://www.phoeniximport.com/nl/4/16147/rubber-flumie-gong-strijkstok-e-vorm-225cm.aspx,/products/rubber-flumie-gong-strijkstok-e-vorm
https://www.phoeniximport.com/nl/4/16148/gongklopper-zachte-kop-metalen-handvat-45cm.aspx,/products/gongklopper-zachte-kop-metalen-handvat
https://www.phoeniximport.com/nl/4/16149/gongklopper-zachte-kop-houten-handvat-38cm.aspx,/products/gongklopper-zachte-kop-houten-handvat
https://www.phoeniximport.com/nl/4/16778/dubbelzijdige-klankschaal-klopper-met-aanstrijkhout-24-cm-75-cm-280-g.aspx,/products/new-singing-bowl-striker-double-sided-24cm-long-diameter-7-5cm-240gr
https://www.phoeniximport.com/nl/4/16779/wollen-klankschaal-klopper-30-x-35-cm-40-g.aspx,/products/new-singing-bowl-stick-wool-30x3-5cm-40gr
https://www.phoeniximport.com/nl/4/16777/vilten-klankschaal-klopper-xs-21x45-cm-50-g.aspx,/products/new-singing-bowl-felt-stick-xs-21x4-5cm-45gr
https://www.phoeniximport.com/nl/4/99054/klankschalen-klopper-vilt-m-bolle-variant-150g-29x7cm.aspx,/products/klankschalen-klopper-vilt-m-bolle-variant
https://www.phoeniximport.com/nl/4/1804/kristallen-klankschaal-f-toon-bloem-des-levens-tas.aspx,/products/kristallen-klankschaal-f-toon-bloem-des-levens-tas
https://www.phoeniximport.com/nl/4/18171/kristallen-klankschaal-lotus-chakra-1-c-toon-432hz-20cm.aspx,/products/kristallen-klankschaal-lotus-chakra-1-c-toon-432hz
https://www.phoeniximport.com/nl/4/18172/kristallen-klankschaal-lotus-chakra-2-d-toon-432hz-20cm.aspx,/products/kristallen-klankschaal-lotus-chakra-2-d-toon-432hz-1
https://www.phoeniximport.com/nl/4/18173/kristallen-klankschaal-lotus-chakra-3-e-toon-432hz-20cm.aspx,/products/kristallen-klankschaal-lotus-chakra-3-e-toon-432hz-1
https://www.phoeniximport.com/nl/4/18174/kristallen-klankschaal-lotus-chakra-4-f-toon-432hz-20cm.aspx,/products/kristallen-klankschaal-lotus-chakra-4-f-toon-432hz-1
https://www.phoeniximport.com/nl/4/18175/kristallen-klankschaal-lotus-chakra-5-g-toon-432hz-20cm.aspx,/products/kristallen-klankschaal-lotus-chakra-5-g-toon-432hz-1
https://www.phoeniximport.com/nl/4/18176/kristallen-klankschaal-lotus-chakra-6-a-toon-432hz-20cm.aspx,/products/kristallen-klankschaal-lotus-chakra-6-a-toon-432hz-1
https://www.phoeniximport.com/nl/4/18177/kristallen-klankschaal-lotus-chakra-7-b-toon-432hz-20cm.aspx,/products/kristallen-klankschaal-lotus-chakra-7-b-toon-432hz-1
https://www.phoeniximport.com/nl/4/18126/kristallen-klankschaal-helder-f-toon-432hz-tas-18cm.aspx,/products/kristallen-klankschaal-helder-f-toon-432hz-tas
https://www.phoeniximport.com/nl/4/18142/set-7-kristallen-klankschalen-aria-gradient-design-432-hz-2-tassen-20-35cm.aspx,/products/set-7-kristallen-klankschalen-aria-gradient-design-432-hz-2-tassen
https://www.phoeniximport.com/nl/4/18194/kristallen-klankschaal-helder-kosmisch-f-toon-432-hz-tas-20cm.aspx,/products/kristallen-klankschaal-helder-kosmisch-f-toon-432-hz-tas
https://www.phoeniximport.com/nl/4/18257/kristallen-klankschaal-roze-c-toon-432-hz-20-cm.aspx,/products/kristallen-klankschaal-roze-c-toon-432-hz
https://www.phoeniximport.com/nl/4/18258/kristallen-klankschaal-violet-c-toon-432-hz-20-cm.aspx,/products/kristallen-klankschaal-violet-c-toon-432-hz
https://www.phoeniximport.com/nl/4/18259/kristallen-klankschaal-roze-f-toon-432-hz-tas-20-cm.aspx,/products/kristallen-klankschaal-roze-f-toon-432-hz-tas
https://www.phoeniximport.com/nl/4/18260/kristallen-klankschaal-violet-f-toon-432-hz-tas-20-cm.aspx,/products/kristallen-klankschaal-violet-f-toon-432-hz-tas
https://www.phoeniximport.com/nl/4/17187/klankschaal-shakyamuni-boeddha-handbeschilderd-2528-cm-18002500-g.aspx,/products/new-225
https://www.phoeniximport.com/nl/4/17188/klankschaal-chenrezig-handbeschilderd-2528-cm-18002500-g.aspx,/products/new-215
https://www.phoeniximport.com/nl/4/17189/klankschaal-witte-tara-handbeschilderd-2528-cm-18002500-g.aspx,/products/new-203
https://www.phoeniximport.com/nl/4/17190/klankschaal-groene-tara-handbeschilderd-2528-cm-18002500-g.aspx,/products/new-191
https://www.phoeniximport.com/nl/4/17191/klankschaal-medicijn-boeddha-handbeschilderd-2528-cm-18002500-g.aspx,/products/new-180
https://www.phoeniximport.com/nl/4/17192/klankschaal-shakyamuni-boeddha-handbeschilderd-2932-cm-25003300-g.aspx,/products/new-168
https://www.phoeniximport.com/nl/4/17193/klankschaal-chenrezig-handbeschilderd-2932-cm-25003300-g.aspx,/products/new-160
https://www.phoeniximport.com/nl/4/17194/klankschaal-witte-tara-handbeschilderd-2932-cm-25003300-g.aspx,/products/new-152
https://www.phoeniximport.com/nl/4/17195/klankschaal-groene-tara-handbeschilderd-2932-cm-25003300-g.aspx,/products/vrij-nummer-en-ean-1
https://www.phoeniximport.com/nl/4/17196/klankschaal-medicijn-boeddha-handbeschilderd-2932-cm-25003300-g.aspx,/products/vrij-nummer-en-ean
https://www.phoeniximport.com/nl/4/17225/verzilverde-klankschaal-boeddha-shakyamuni-20cm-1100-1200g.aspx,/products/verzilverde-klankschaal-boeddha-shakyamuni
https://www.phoeniximport.com/nl/4/17226/verzilverde-klankschaal-boeddha-shakyamuni-21cm-1100-1200g.aspx,/products/verzilverde-klankschaal-boeddha-shakyamuni-3
https://www.phoeniximport.com/nl/4/17227/verzilverde-klankschaal-boeddha-shakyamuni-23cm-1500-1800g.aspx,/products/verzilverde-klankschaal-boeddha-shakyamuni-2
https://www.phoeniximport.com/nl/4/17228/verzilverde-klankschaal-boeddha-shakyamuni-30cm-2600-2800g.aspx,/products/verzilverde-klankschaal-boeddha-shakyamuni-1
https://www.phoeniximport.com/nl/4/17229/verzilverde-klankschaal-chenrezig-23cm-1450-1550g.aspx,/products/verzilverde-klankschaal-chenrezig
https://www.phoeniximport.com/nl/4/17230/verzilverde-klankschaal-medicijnboeddha-23cm-1500-1600g.aspx,/products/verzilverde-klankschaal-medicijnboeddha-1
https://www.phoeniximport.com/nl/4/17231/verzilverde-klankschaal-medicijnboeddha-29cm-2550-2750g.aspx,/products/verzilverde-klankschaal-medicijnboeddha
https://www.phoeniximport.com/nl/4/17232/verzilverde-klankschaal-boeddha-vairochana-25cm-1700-1800g.aspx,/products/verzilverde-klankschaal-boeddha-vairochana
https://www.phoeniximport.com/nl/4/17233/verzilverde-klankschaal-groene-tara-23cm-1350-1600g.aspx,/products/verzilverde-klankschaal-groene-tara
https://www.phoeniximport.com/nl/4/19153/decoratieve-klankschalen-set-boeddha-ogen-met-draagtas-4475g.aspx,/products/decoratieve-klankschalen-set-boeddha-ogen-met-draagtas
https://www.phoeniximport.com/nl/4/19154/chakra-klankschalen-set-met-draagtas-2925g.aspx,/products/chakra-klankschalen-set-met-draagtas
https://www.phoeniximport.com/nl/4/19155/chakra-klankschalen-set-gekleurd-met-draagtas-1450g.aspx,/products/chakra-klankschalen-set-gekleurd-met-draagtas
https://www.phoeniximport.com/nl/4/29403/klankbad-klankschaal-rijk-gedecoreerd-10000-11000g50cm.aspx,/products/klankbad-klankschaal-rijk-gedecoreerd
https://www.phoeniximport.com/nl/4/78225/chakra-klankschaal-basis-chakra-76-cm.aspx,/products/chakra-klankschaal-basis-chakra
https://www.phoeniximport.com/nl/4/78226/chakra-klankschaal-sacraal-chakra-76-cm.aspx,/products/chakra-klankschaal-sacraal-chakra
https://www.phoeniximport.com/nl/4/78227/chakra-klankschaal-solar-plexus-chakra-76-cm.aspx,/products/chakra-klankschaal-solar-plexus-chakra
https://www.phoeniximport.com/nl/4/78228/chakra-klankschaal-hart-chakra-76-cm.aspx,/products/chakra-klankschaal-hart-chakra
https://www.phoeniximport.com/nl/4/78229/chakra-klankschaal-keel-chakra-76-cm.aspx,/products/chakra-klankschaal-keel-chakra
https://www.phoeniximport.com/nl/4/78230/chakra-klankschaal-derde-oog-chakra-76-cm.aspx,/products/chakra-klankschaal-derde-oog-chakra
https://www.phoeniximport.com/nl/4/78231/chakra-klankschaal-kruin-chakra-76-cm.aspx,/products/chakra-klankschaal-kruin-chakra
https://www.phoeniximport.com/nl/4/190354/klankstaaf-chakra-healing-4e-chakra-153-cm.aspx,/products/klankstaaf-chakra-healing-4e-chakra-1
https://www.phoeniximport.com/nl/4/190355/klankstaaf-chakra-healing-5e-chakra-151-cm.aspx,/products/klankstaaf-chakra-healing-5e-chakra
https://www.phoeniximport.com/nl/4/19036/klankstaven-engelen-healing-16-cm.aspx,/products/klankstaven-engelen-healing
https://www.phoeniximport.com/nl/4/19040/klankbuis-healing-energy-999-hz-38x25-cm.aspx,/products/klankbuis-healing-energy-999-hz
https://www.phoeniximport.com/nl/4/19041/klankbuizen-healing-energy-tonen-c-g-622-768-cm.aspx,/products/klankbuizen-healing-energy-tonen-c-g
https://www.phoeniximport.com/nl/4/19042/klankbuizen-healing-energy-voor-hersengolven-75-77-cm.aspx,/products/klankbuizen-healing-energy-voor-hersengolven
https://www.phoeniximport.com/nl/4/190351/klankstaaf-chakra-healing-1e-chakra-128-cm.aspx,/products/klankstaaf-chakra-healing-1e-chakra
https://www.phoeniximport.com/nl/4/190352/klankstaaf-chakra-healing-2e-chakra-124-cm.aspx,/products/klankstaaf-chakra-healing-2e-chakra
https://www.phoeniximport.com/nl/4/190353/klankstaaf-chakra-healing-3e-chakra-162-cm.aspx,/products/klankstaaf-chakra-healing-3e-chakra
https://www.phoeniximport.com/nl/4/190356/klankstaaf-chakra-healing-6e-chakra-119-cm.aspx,/products/klankstaaf-chakra-healing-6e-chakra
https://www.phoeniximport.com/nl/4/190357/klankstaaf-chakra-healing-7e-chakra-135-cm.aspx,/products/klankstaaf-chakra-healing-7e-chakra
https://www.phoeniximport.com/nl/4/190371/klankstaaf-planeet-zon-toon-16-cm.aspx,/products/klankstaaf-planeet-zon-toon
https://www.phoeniximport.com/nl/4/190372/klankstaaf-planeet-maan-toon-123-cm.aspx,/products/klankstaaf-planeet-maan-toon
https://www.phoeniximport.com/nl/4/190373/klankstaaf-planeet-mercurius-toon-152-cm.aspx,/products/klankstaaf-planeet-mercurius-toon
https://www.phoeniximport.com/nl/4/190374/klankstaaf-planeet-venus-toon-12-cm.aspx,/products/klankstaaf-planeet-venus-toon
https://www.phoeniximport.com/nl/4/190375/klankstaaf-planeet-aarde-toon-75g.aspx,/products/klankstaaf-planeet-aarde-toon
https://www.phoeniximport.com/nl/4/190376/klankstaaf-planeet-mars-toon-149-cm.aspx,/products/klankstaaf-planeet-mars-toon
https://www.phoeniximport.com/nl/4/190377/klankstaaf-planeet-jupiter-toon-132-cm.aspx,/products/klankstaaf-planeet-jupiter-toon
https://www.phoeniximport.com/nl/4/190378/klankstaaf-planeet-saturnus-toon-157-cm.aspx,/products/klankstaaf-planeet-saturnus-toon
https://www.phoeniximport.com/nl/4/190379/klankstaaf-planeet-uranus-toon-123-cm.aspx,/products/klankstaaf-planeet-uranus-toon
https://www.phoeniximport.com/nl/4/1903710/klankstaaf-planeet-neptunus-toon-122-cm.aspx,/products/klankstaaf-planeet-neptunus-toon
https://www.phoeniximport.com/nl/4/1903711/klankstaaf-planeet-pluto-toon-15-cm.aspx,/products/klankstaaf-planeet-pluto-toon
https://www.phoeniximport.com/nl/4/19038/klankstaaf-healing-ohm-1361-hz-lang-65-cm.aspx,/products/klankstaaf-healing-ohm-136-1-hz-lang
https://www.phoeniximport.com/nl/4/19045/klankbuis-dna-repair-528-hz-55-cm.aspx,/products/klankbuis-dna-repair-528-hz
https://www.phoeniximport.com/nl/4/190361/klankstaaf-chakra-healing-1e-chakra-toon-157-cm.aspx,/products/klankstaaf-chakra-healing-1e-chakra-toon
https://www.phoeniximport.com/nl/4/190362/klankstaaf-chakra-healing-2e-chakra-toon-148-cm.aspx,/products/klankstaaf-chakra-healing-2e-chakra-toon
https://www.phoeniximport.com/nl/4/190363/klankstaaf-chakra-healing-3e-chakra-toon-14-cm.aspx,/products/klankstaaf-chakra-healing-3e-chakra-toon
https://www.phoeniximport.com/nl/4/190364/klankstaaf-chakra-healing-4e-chakra-136-cm.aspx,/products/klankstaaf-chakra-healing-4e-chakra
https://www.phoeniximport.com/nl/4/190365/klankstaaf-chakra-healing-5e-chakra-toon-129-cm.aspx,/products/klankstaaf-chakra-healing-5e-chakra-toon
https://www.phoeniximport.com/nl/4/190366/klankstaaf-chakra-healing-6e-chakra-toon-175-cm.aspx,/products/klankstaaf-chakra-healing-6e-chakra-toon
https://www.phoeniximport.com/nl/4/190367/klankstaaf-chakra-healing-7e-chakra-toon-163-cm.aspx,/products/klankstaaf-chakra-healing-7e-chakra-toon
https://www.phoeniximport.com/nl/4/19103/solfeggio-buisklokkenspel-555-x-31-cm.aspx,/products/solfeggio-buisklokkenspel
https://www.phoeniximport.com/nl/4/116314/gong-tas-60-cm.aspx,/products/gong-tas-2
https://www.phoeniximport.com/nl/4/1163222/chao-gong-superieure-kwaliteit-70-cm.aspx,/products/chao-gong-superieure-kwaliteit-1
https://www.phoeniximport.com/nl/4/1163232/chao-gong-superieure-kwaliteit-80-cm.aspx,/products/chao-gong-superieure-kwaliteit
https://www.phoeniximport.com/nl/4/0206/tafelgong-klein-zwart-en-goudkleur-16x5x16-cm.aspx,/products/tafelgong-klein-zwart-en-goudkleur
https://www.phoeniximport.com/nl/4/0224/tafelgong-met-klopper-en-roodhouten-frame-25x22-cm.aspx,/products/tafelgong-met-klopper-en-roodhouten-frame
https://www.phoeniximport.com/nl/4/16976/gongstandaard-voor-gongs-tot-70-cm-83x85-cm.aspx,/products/gongstandaard-voor-gongs-tot-70-cm
https://www.phoeniximport.com/nl/4/0200/tafelgong-met-klopper-en-houten-frame-24x22-cm.aspx,/products/tafelgong-met-klopper-en-houten-frame
https://www.phoeniximport.com/nl/4/116304/gong-standaard-153-138-cm.aspx,/products/gong-standaard
https://www.phoeniximport.com/nl/4/116313/gong-tas-50-cm.aspx,/products/gong-tas-3
https://www.phoeniximport.com/nl/4/116315/gong-tas-70-cm.aspx,/products/gong-tas-1
https://www.phoeniximport.com/nl/4/116316/gong-tas-80-cm.aspx,/products/gong-tas
https://www.phoeniximport.com/nl/4/116317/gong-tas-90-cm.aspx,/products/gong-tas-5
https://www.phoeniximport.com/nl/4/116318/gong-tas-100-cm.aspx,/products/gong-tas-4
https://www.phoeniximport.com/nl/4/1162992/chao-gong-70-cm.aspx,/products/chao-gong-4
https://www.phoeniximport.com/nl/4/1163002/chao-gong-80-cm.aspx,/products/chao-gong
https://www.phoeniximport.com/nl/4/1163072/windgong-60-cm.aspx,/products/windgong-3
https://www.phoeniximport.com/nl/4/1163082/windgong-70-cm.aspx,/products/windgong-2
https://www.phoeniximport.com/nl/4/1163092/windgong-80-cm.aspx,/products/windgong-1
https://www.phoeniximport.com/nl/4/1163102/windgong-90-cm.aspx,/products/windgong
https://www.phoeniximport.com/nl/4/1163112/windgong-100-cm.aspx,/products/windgong-5
https://www.phoeniximport.com/nl/4/1162912/chao-gong-40-cm.aspx,/products/chao-gong-2
https://www.phoeniximport.com/nl/4/1162932/chao-gong-50-cm.aspx,/products/chao-gong-5
https://www.phoeniximport.com/nl/4/1162942/chao-gong-55-cm.aspx,/products/chao-gong-1
https://www.phoeniximport.com/nl/4/1163032/windgong-50-cm.aspx,/products/windgong-4
https://www.phoeniximport.com/nl/4/162922/chao-gong-45-cm.aspx,/products/chao-gong-3
https://www.phoeniximport.com/nl/4/116331/gongklopper-klein-33x5cm.aspx,/products/gongklopper-klein
https://www.phoeniximport.com/nl/4/116329/windgong-yin-yang-70cm.aspx,/products/windgong-yin-yang
https://www.phoeniximport.com/nl/4/116332/windgong-lotus-55cm.aspx,/products/windgong-lotus-1
https://www.phoeniximport.com/nl/4/116333/windgong-lotus-70cm.aspx,/products/windgong-lotus
https://www.phoeniximport.com/nl/4/116334/windgong-zwarte-lotus-55cm.aspx,/products/windgong-zwarte-lotus
https://www.phoeniximport.com/nl/4/116335/earth-tone-gong-55cm.aspx,/products/earth-tone-gong-1
https://www.phoeniximport.com/nl/4/116336/earth-tone-gong-70cm.aspx,/products/earth-tone-gong
https://www.phoeniximport.com/nl/4/116337/windgong-zon-70cm.aspx,/products/windgong-zon
https://www.phoeniximport.com/nl/4/116338/bao-gong-50cm.aspx,/products/bao-gong
https://www.phoeniximport.com/nl/4/116339/gongklopper-groot-35x7cm.aspx,/products/gongklopper-groot
https://www.phoeniximport.com/nl/4/17339/nepalese-gong-chenrezig-gravure-60cm-95kg.aspx,/products/nepalese-gong-chenrezig-gravure
https://www.phoeniximport.com/nl/4/17340/nepalese-gong-7-chakras-gravure-60cm-95kg.aspx,/products/nepalese-gong-7-chakras-gravure
https://www.phoeniximport.com/nl/4/17341/nepalese-gong-boeddha-shakyamuni-gegraveerd-60cm-95kg.aspx,/products/nepalese-gong-boeddha-shakyamuni-gegraveerd
https://www.phoeniximport.com/nl/4/16067/mirror-gong-bloem-des-levens-40cm-1580g.aspx,/products/mirror-gong-bloem-des-levens-1
https://www.phoeniximport.com/nl/4/16068/mirror-gong-bloem-des-levens-50cm-2480g.aspx,/products/mirror-gong-bloem-des-levens
https://www.phoeniximport.com/nl/4/16069/mirror-gong-bloem-des-levens-60cm-4400g.aspx,/products/mirror-gong-bloem-des-levens-6
https://www.phoeniximport.com/nl/4/16070/mirror-gong-bloem-des-levens-70cm-5800g.aspx,/products/mirror-gong-bloem-des-levens-5
https://www.phoeniximport.com/nl/4/16071/mirror-gong-bloem-des-levens-80cm-8820g.aspx,/products/mirror-gong-bloem-des-levens-4
https://www.phoeniximport.com/nl/4/16072/mirror-gong-bloem-des-levens-90cm-11000g.aspx,/products/mirror-gong-bloem-des-levens-3
https://www.phoeniximport.com/nl/4/16073/mirror-gong-bloem-des-levens-100cm-14000g.aspx,/products/mirror-gong-bloem-des-levens-2
https://www.phoeniximport.com/nl/4/16084/mirror-gong-mandala-50cm-2480g.aspx,/products/mirror-gong-mandala-5
https://www.phoeniximport.com/nl/4/16085/mirror-gong-mandala-60cm-4400g.aspx,/products/mirror-gong-mandala-4
https://www.phoeniximport.com/nl/4/16086/mirror-gong-mandala-70cm-5610g.aspx,/products/mirror-gong-mandala-3
https://www.phoeniximport.com/nl/4/16087/mirror-gong-mandala-80cm-8660g.aspx,/products/mirror-gong-mandala-2
https://www.phoeniximport.com/nl/4/16088/mirror-gong-mandala-90cm-11000g.aspx,/products/mirror-gong-mandala-1
https://www.phoeniximport.com/nl/4/16089/mirror-gong-mandala-100cm-14000g.aspx,/products/mirror-gong-mandala
https://www.phoeniximport.com/nl/4/16090/mirror-gong-gekleurde-rand-40cm-1600g.aspx,/products/mirror-gong-gekleurde-rand-2
https://www.phoeniximport.com/nl/4/16091/mirror-gong-gekleurde-rand-50cm-2440g.aspx,/products/new-1
https://www.phoeniximport.com/nl/4/16092/mirror-gong-gekleurde-rand-60cm-4340g.aspx,/products/mirror-gong-gekleurde-rand-1
https://www.phoeniximport.com/nl/4/16093/mirror-gong-gekleurde-rand-70cm-5810g.aspx,/products/mirror-gong-gekleurde-rand
https://www.phoeniximport.com/nl/4/16988/gongstandaard-voor-gongs-tot-100-cm-130x41x128cm-6000g.aspx,/products/gongstandaard-voor-gongs-tot-100-cm
https://www.phoeniximport.com/nl/4/180311/hoesje-voor-tingshas-oranjerood-small-75-cm.aspx,/products/hoesje-voor-tingshas-oranje-rood-small
https://www.phoeniximport.com/nl/4/180301/hoesje-voor-tingshas-blauwrood-small-75-cm.aspx,/products/hoesje-voor-tingshas-blauw-rood-small
https://www.phoeniximport.com/nl/4/15621/murchunga-mondharp-10-cm.aspx,/products/murchunga-mondharp
https://www.phoeniximport.com/nl/4/19144/tingshas-draken-352-g-77-cm.aspx,/products/tingshas-draken
https://www.phoeniximport.com/nl/4/19135/tingshas-om-mani-padme-hum-250-g-67-cm.aspx,/products/tingshas-om-mani-padme-hum-1
https://www.phoeniximport.com/nl/4/19136/tingshas-om-mani-padme-hum-290-g-72-cm.aspx,/products/tingshas-om-mani-padme-hum
https://www.phoeniximport.com/nl/4/19138/tingshas-8-voorspoedsymbolen-150-g-55-cm.aspx,/products/tingshas-8-voorspoedsymbolen-2
https://www.phoeniximport.com/nl/4/19139/tingshas-8-voorspoedsymbolen-247-g-65-cm.aspx,/products/tingshas-8-voorspoedsymbolen-1
https://www.phoeniximport.com/nl/4/19140/tingshas-8-voorspoedsymbolen-310-g-75-cm.aspx,/products/tingshas-8-voorspoedsymbolen
https://www.phoeniximport.com/nl/4/19142/tingshas-draken-199-g-58-cm.aspx,/products/tingshas-draken-2
https://www.phoeniximport.com/nl/4/19143/tingshas-draken-259-g-67-cm.aspx,/products/tingshas-draken-1
https://www.phoeniximport.com/nl/4/16241/bel-met-pentagram-symbool-messing-95x45-cm.aspx,/products/bel-met-pentagram-symbool-messing
https://www.phoeniximport.com/nl/4/1750/spouting-bowl-39-cm.aspx,/products/spouting-bowl
https://www.phoeniximport.com/nl/4/162411/bel-met-ohm-symbool-messing-95x45-cm.aspx,/products/bel-met-ohm-symbool-messing
https://www.phoeniximport.com/nl/4/19130/tingshas-glad-164-g-6-cm.aspx,/products/tingshas-glad-2
https://www.phoeniximport.com/nl/4/19131/tingshas-glad-210-g-68-cm.aspx,/products/tingshas-glad-1
https://www.phoeniximport.com/nl/4/19132/tingshas-glad-355-g-75-cm.aspx,/products/tingshas-glad
https://www.phoeniximport.com/nl/4/19134/tingshas-om-mani-padme-hum-212g-6-cm.aspx,/products/tingshas-om-mani-padme-hum-2
https://www.phoeniximport.com/nl/4/16614/dorje-bel-messing-beste-kwaliteit-middel-18x95-cm.aspx,/products/dorje-bel-messing-beste-kwaliteit-middel
https://www.phoeniximport.com/nl/4/18024/rituele-schelp-dubbele-dorje-puja-schelp-18-cm.aspx,/products/rituele-schelp-dubbele-dorje-puja-schelp
https://www.phoeniximport.com/nl/4/18025/rituele-witte-trompetschelp-ompmh-18-cm.aspx,/products/rituele-witte-trompetschelp-ompmh
https://www.phoeniximport.com/nl/4/18027/rituele-witte-schelp-met-metaaldecoratie-puja--22-cm.aspx,/products/rituele-witte-schelp-met-metaaldecoratie-puja
https://www.phoeniximport.com/nl/4/18028/tingsha-set-in-luxe-houder-11-cm.aspx,/products/tingsha-set-in-luxe-houder
https://www.phoeniximport.com/nl/4/18030/hoesje-voor-tingshas-blauwroodzwart-large-9-cm.aspx,/products/hoesje-voor-tingshas-blauw-rood-zwart-large
https://www.phoeniximport.com/nl/4/18031/hoesje-voor-tingshas-oranjerood-large-9-cm.aspx,/products/hoesje-voor-tingshas-oranje-rood-large
https://www.phoeniximport.com/nl/4/116312/vinger-cimbalen-set-55-cm.aspx,/products/vinger-cimbalen-set
https://www.phoeniximport.com/nl/4/15647/dorje-bel-messing-klein-55x11-cm.aspx,/products/dorje-bel-messing-klein
https://www.phoeniximport.com/nl/4/15649/dorje-bel-glad-brons-beste-kwaliteit-18x95-cm.aspx,/products/dorje-bel-glad-brons-beste-kwaliteit
https://www.phoeniximport.com/nl/4/15934/mystieke-rituele-drum-damaru-hoes-13x11x7-cm.aspx,/products/mystieke-rituele-drum-damaru-hoes
https://www.phoeniximport.com/nl/4/19146/tingshas-ohm-met-lotus-200g-6cm.aspx,/products/tingshas-ohm-met-lotus-1
https://www.phoeniximport.com/nl/4/19147/tingshas-ohm-met-lotus-260g-7cm.aspx,/products/tingshas-ohm-met-lotus
https://www.phoeniximport.com/nl/4/19148/bel-met-ganesha-en-ohm-m-8x157cm.aspx,/products/bel-met-ganesha-en-ohm-m
https://www.phoeniximport.com/nl/4/19150/dorje-bel-met-ganesha-en-ohm-m-8x157cm.aspx,/products/dorje-bel-met-ganesha-en-ohm-m
https://www.phoeniximport.com/nl/4/19152/tingshas-om-namah-shivaya-230g-65cm.aspx,/products/tingshas-om-namah-shivaya
https://www.phoeniximport.com/nl/4/15310/hluru-kalimba-24-toetsen-notenhout-met-levensboom-20x14cm.aspx,/products/hluru-kalimba-24-toetsen-notenhout-met-levensboom
https://www.phoeniximport.com/nl/4/15312/hluru-kalimba-21-toetsen-rozenhout-c-majeur-18x145cm.aspx,/products/hluru-kalimba-21-toetsen-rozenhout-c-majeur
https://www.phoeniximport.com/nl/4/15316/hluru-reisformaat-tongue-drum-8-noten-a-mineur-aeolisch-26cm.aspx,/products/hluru-reisformaat-tongue-drum-8-noten-a-mineur-aeolisch
https://www.phoeniximport.com/nl/4/15317/hluru-high-pitch-extention-drum-8-noten-d-majeur-16cm.aspx,/products/hluru-high-pitch-extention-drum-8-noten-d-majeur
https://www.phoeniximport.com/nl/4/15313/hluru-handpantongue-drum-hybride-9-noten-d-mineur--36cm.aspx,/products/hluru-handpan-tongue-drum-hybride-9-noten-d-mineur
https://www.phoeniximport.com/nl/4/15314/hluru-tapping-drum-14-noten-lavendel-c-majeur-36cm.aspx,/products/hluru-tapping-drum-14-noten-lavendel-c-majeur
https://www.phoeniximport.com/nl/4/15315/hluru-tapping-drum-14-noten-zwart-c-majeur-36cm.aspx,/products/hluru-tapping-drum-14-noten-zwart-c-majeur
https://www.phoeniximport.com/nl/4/15318/hluru-tongue-drum-15-noten-f-mineur-aeolisch-36cm.aspx,/products/hluru-tongue-drum-15-noten-f-mineur-aeolisch
https://www.phoeniximport.com/nl/4/15319/hluru-mini-tongue-drum-goudkleurig-6-noten-a-majeur-75cm.aspx,/products/hluru-mini-tongue-drum-goudkleurig-6-noten-a-majeur
https://www.phoeniximport.com/nl/4/15320/hluru-mini-tongue-drum-staalgrijs-6-noten-a-mineur-75cm.aspx,/products/hluru-mini-tongue-drum-staalgrijs-6-noten-a-mineur
https://www.phoeniximport.com/nl/4/15324/hluru-handpantonguedrum-hybride-15-noten-c-majeur-355-cm.aspx,/products/new-hluru-tongue-drum-eq-healing-15-notes-14-inch-c-major-green-color
https://www.phoeniximport.com/nl/4/15327/hluru-kalimba-21-toetsen-purperhart-c-majeur-18x14x2cm.aspx,/products/new-hluru-kalimba-21-keys-purpleheart
https://www.phoeniximport.com/nl/4/15326/hluru-kalimba-17-toetsen-purperhart-c-majeur-18x12x2cm.aspx,/products/new-hluru-kalimba-17-keys-purpleheart
https://www.phoeniximport.com/nl/4/15322/hluru-octagon-windorgel-40cm.aspx,/products/new-hluru-windgong-8-notes-octagon-meditation-series-fal8-3-single-swing
https://www.phoeniximport.com/nl/4/15323/hluru-handpantonguedrum-hybride-15-tonen-d-mineur-kurd-355-cm.aspx,/products/new-hluru-tongue-drum-eq-healing-15-notes-14-inch-d-major-silver-color
https://www.phoeniximport.com/nl/4/15325/hluru-percussie-reis-cajon-305x295x73-cm.aspx,/products/new-hluru-cajon-30cn-black-tortoise-maple
https://www.phoeniximport.com/nl/4/19026/activator-voor-stemvorken-en-klankschalen-55x35-cm.aspx,/products/activator-voor-stemvorken-en-klankschalen
https://www.phoeniximport.com/nl/4/19048/stemvorken-angel-105-11-cm.aspx,/products/stemvorken-angel
https://www.phoeniximport.com/nl/4/19050/stemvork-mid-ohm-27-cm.aspx,/products/stemvork-mid-ohm
https://www.phoeniximport.com/nl/4/19086/stemvork-mi-528-hz-dna-repair-94cm.aspx,/products/stemvork-mi-528-hz-dna-repair
https://www.phoeniximport.com/nl/4/19088/stemvork-energie-999-hz-14-cm.aspx,/products/stemvork-energie-999-hz
https://www.phoeniximport.com/nl/4/19089/stemvork-mid-ohm-13610-hz-115cm.aspx,/products/stemvork-mid-ohm-136-10-hz
https://www.phoeniximport.com/nl/4/19087/stemvork-mi-528-hz-dna-repair-goudkleurig-76-cm.aspx,/products/stemvork-mi-528-hz-dna-repair-goudkleurig
https://www.phoeniximport.com/nl/4/19091/stemvorken-otto-19cm.aspx,/products/stemvorken-otto
https://www.phoeniximport.com/nl/4/19090/stemvork-mid-ohm-13610-hz-goudkleurig-11-cm.aspx,/products/stemvork-mid-ohm-136-10-hz-goudkleurig
https://www.phoeniximport.com/nl/4/1761/kristallen-stemvorken-chakra-balans-set-432-hz.aspx,/products/kristallen-stemvorken-chakra-balans-set-432-hz
https://www.phoeniximport.com/nl/4/19029/stemvorken-chakra-set-gewogen-65-cm.aspx,/products/stemvorken-chakra-set-gewogen
https://www.phoeniximport.com/nl/4/190271/stemvork-klankschaal-activator-klopper-153g.aspx,/products/stemvork-klankschaal-activator-klopper
https://www.phoeniximport.com/nl/4/19028/stemvork-opbergtas-28-cm.aspx,/products/stemvork-opbergtas
https://www.phoeniximport.com/nl/4/190291/stemvork-1e-chakra-88cm.aspx,/products/stemvork-1e-chakra
https://www.phoeniximport.com/nl/4/190292/stemvork-2e-chakra-105cm.aspx,/products/stemvork-2e-chakra
https://www.phoeniximport.com/nl/4/190293/stemvork-3e-chakra-10cm.aspx,/products/stemvork-3e-chakra
https://www.phoeniximport.com/nl/4/190294/stemvork-4e-chakra-105cm.aspx,/products/stemvork-4e-chakra
https://www.phoeniximport.com/nl/4/190295/stemvork-5e-chakra-10cm.aspx,/products/stemvork-5e-chakra
https://www.phoeniximport.com/nl/4/190296/stemvork-6e-chakra-10cm.aspx,/products/stemvork-6e-chakra
https://www.phoeniximport.com/nl/4/190297/stemvork-7e-chakra-106cm.aspx,/products/stemvork-7e-chakra
https://www.phoeniximport.com/nl/4/19046/stemvork-50-hz-voor-het-zenuwstelsel-31-cm.aspx,/products/stemvork-50-hz-voor-het-zenuwstelsel
https://www.phoeniximport.com/nl/4/19047/stemvork-lage-ohm-6805-hz-26-cm.aspx,/products/stemvork-lage-ohm-68-05-hz
https://www.phoeniximport.com/nl/4/19049/stemvorken-c-g-voor-het-hele-lichaam-185-21-cm.aspx,/products/stemvorken-c-g-voor-het-hele-lichaam
https://www.phoeniximport.com/nl/4/19055/stemvorken-sacred-solfeggio-reeks-145-245-cm.aspx,/products/stemvorken-sacred-solfeggio-reeks
https://www.phoeniximport.com/nl/4/19056/stemvorken-voor-de-14-meridianen-99-366-cm.aspx,/products/stemvorken-voor-de-14-meridianen
https://www.phoeniximport.com/nl/4/19079/stemvork-50-hz-voor-het-zenuwstelsel-goudkleurig-14cm.aspx,/products/stemvork-50-hz-voor-het-zenuwstelsel-goudkleurig
https://www.phoeniximport.com/nl/4/19080/stemvork-lage-ohm-6805-hz-goudkleurig-132-cm.aspx,/products/stemvork-lage-ohm-68-05-hz-goudkleurig
https://www.phoeniximport.com/nl/4/19081/stemvorken-angel-goudkleurig-7cm.aspx,/products/stemvorken-angel-goudkleurig
https://www.phoeniximport.com/nl/4/19082/stemvorken-c-g-voor-het-hele-lichaam-goudkleurig-88-cm.aspx,/products/stemvorken-c-g-voor-het-hele-lichaam-goudkleurig
https://www.phoeniximport.com/nl/4/19083/stemvork-mid-ohm-goudkleurig-27-cm.aspx,/products/stemvork-mid-ohm-goudkleurig
https://www.phoeniximport.com/nl/4/19165/stemvork-zwarte-maan-12302-hz-21cm.aspx,/products/stemvork-zwarte-maan-123-02-hz
https://www.phoeniximport.com/nl/4/19034/stemvork-mi-dna-repair-528-hz-23x11cm.aspx,/products/stemvork-mi-dna-repair-528-hz
https://www.phoeniximport.com/nl/4/19037/stemvork-soul-purpose-27220-hz-23x105cm.aspx,/products/stemvork-soul-purpose-272-20-hz
https://www.phoeniximport.com/nl/4/19098/stemvork-432-hz-18cm.aspx,/products/stemvork-432-hz
https://www.phoeniximport.com/nl/4/19099/stemvorken-set-harmonic-spectrum-42x21-cm.aspx,/products/stemvorken-set-harmonic-spectrum
https://www.phoeniximport.com/nl/4/19100/stemvorken-set-nutritive-minerals-23x19-cm.aspx,/products/stemvorken-set-nutritive-minerals
https://www.phoeniximport.com/nl/4/19102/stemvorken-set-brain-waves-29x24cm.aspx,/products/stemvorken-set-brain-waves
https://www.phoeniximport.com/nl/4/19068/stemvork-otto-128-hz-21-cm.aspx,/products/new-stemvork-gewogen128-hz-uit-otto-set
https://www.phoeniximport.com/nl/4/0121/twee-engeltjes-met-waxinelichthouders-234-g-10x9-cm.aspx,/products/twee-engeltjes-met-waxinelichthouders
https://www.phoeniximport.com/nl/4/0107/engeltje-praying-for-peace-in-geschenktasje-32-g-53-cm.aspx,/products/engeltje-praying-for-peace-in-geschenktasje
https://www.phoeniximport.com/nl/4/0108/engeltje-cross-your-heart-in-geschenktasje-53-cm.aspx,/products/engeltje-cross-your-heart-in-geschenktasje
https://www.phoeniximport.com/nl/4/78364/fluwelen-tasje-engelenvleugels-10x11cm.aspx,/products/fluwelen-tasje-engelenvleugels
https://www.phoeniximport.com/nl/4/874/fluwelen-tasje-met-engelenvleugels-19x13-cm.aspx,/products/fluwelen-tasje-met-engelenvleugels
https://www.phoeniximport.com/nl/4/16871/biotensor-orgoniet-chakra-pentakel-32-cm.aspx,/products/biotensor-orgoniet-chakra-pentakel
https://www.phoeniximport.com/nl/4/16236/wichelroede-paar-messingkurk-40cm.aspx,/products/wichelroede-paar-messing-kurk
https://www.phoeniximport.com/nl/4/16238/bio-tensor-koper-bloem-des-levens-29-30cm.aspx,/products/bio-tensor-koper-bloem-des-levens
https://www.phoeniximport.com/nl/4/16235/bio-tensor-mangohout-bloem-des-levens-42-cm.aspx,/products/new-58
https://www.phoeniximport.com/nl/4/16237/bio-tensor-zwarte-speksteen-bloem-des-levens-28-29-cm.aspx,/products/new-47
https://www.phoeniximport.com/nl/4/16243/bio-tensor-koper-7-chakra-29-30-cm.aspx,/products/new-37
https://www.phoeniximport.com/nl/4/16245/wichelroede-paar-voor-op-reis--40cm.aspx,/products/new-210
https://www.phoeniximport.com/nl/4/16244/bio-tensor-koper-maanfasen-29-30-cm.aspx,/products/new-221
https://www.phoeniximport.com/nl/4/16284/wichelroede-per-paar-messingkoper-29x8-cm.aspx,/products/wichelroede-per-paar-messing
https://www.phoeniximport.com/nl/4/90620/wichelroede-messing-40-cm.aspx,/products/wichelroede-messing-1
https://www.phoeniximport.com/nl/4/16062/biotensor-amethist-met-bloem-des-levens--32-cm.aspx,/products/biotensor-amethist-met-bloem-des-levens
https://www.phoeniximport.com/nl/4/16857/biotensor-zeepsteen-met-pentagram-29-cm.aspx,/products/biotensor-zeepsteen-met-pentagram
https://www.phoeniximport.com/nl/4/16285/wichelroede-per-paar-messingkoper-34x13-cm.aspx,/products/wichelroede-per-paar-messing
https://www.phoeniximport.com/nl/4/90625/wichelroede-32-cm.aspx,/products/wichelroede-1
https://www.phoeniximport.com/nl/4/16858/biotensor-zeepsteen-met-ohm-29-cm.aspx,/products/biotensor-zeepsteen-met-ohm
https://www.phoeniximport.com/nl/4/90623/wichelroede-per-paar-messing-40x11-cm.aspx,/products/wichelroede-per-paar-messing
https://www.phoeniximport.com/nl/4/16060/biotensor-bergkristal-met-bloem-des-levens-32-cm.aspx,/products/biotensor-bergkristal-met-bloem-des-levens
https://www.phoeniximport.com/nl/4/16859/biotensor-koper-104-g-30-cm.aspx,/products/biotensor-koper
https://www.phoeniximport.com/nl/4/16061/biotensor-rozenkwarts-met-bloem-des-levens-32-cm.aspx,/products/biotensor-rozenkwarts-met-bloem-des-levens
https://www.phoeniximport.com/nl/4/90621/wichelroede-messing-42-cm.aspx,/products/wichelroede-messing
https://www.phoeniximport.com/nl/4/90626/wichelroede-35-cm.aspx,/products/wichelroede
https://www.phoeniximport.com/nl/4/16815/biotensor-hout-34-cm.aspx,/products/biotensor-hout
https://www.phoeniximport.com/nl/4/16814/biotensor-bergkristal--28-cm.aspx,/products/biotensor-bergkristal
https://www.phoeniximport.com/nl/4/90622/wichelroede-per-paar-messing-35x11-cm.aspx,/products/wichelroede-per-paar-messing
https://www.phoeniximport.com/nl/4/16457/pendel-halfedelsteenringen-chakrakleuren-14-g-45x1-cm.aspx,/products/pendel-halfedelsteenringen-chakrakleuren
https://www.phoeniximport.com/nl/4/2093/notitieboek-chakra-meditatie-met-kunstlederen-kaft-250g-18x13-cm.aspx,/products/new-103
https://www.phoeniximport.com/nl/4/78365/fluwelen-tasje-7-chakra-symbolen-10x11cm.aspx,/products/fluwelen-tasje-7-chakra-symbolen
https://www.phoeniximport.com/nl/4/16538/pendel-met-ringen-chakrakleuren-groot-16-g-4x18-cm.aspx,/products/pendel-met-ringen-chakrakleuren-groot
https://www.phoeniximport.com/nl/4/873/fluwelen-tasje-met-7-chakras-19x13-cm.aspx,/products/fluwelen-tasje-met-7-chakras
https://www.phoeniximport.com/nl/4/16411/pendel-bergkristal-bol-chakraketting-24-g-45-cm.aspx,/products/pendel-bergkristal-bol-chakraketting
https://www.phoeniximport.com/nl/4/16414/pendel-rozenkwarts-bol-chakraketting-24-g-45-cm.aspx,/products/pendel-rozenkwarts-bol-chakraketting
https://www.phoeniximport.com/nl/4/16555/pendel-pentagram-met-7-chakra-halfedelstenen-35x17-cm.aspx,/products/pendel-pentagram-met-7-chakra-halfedelstenen
https://www.phoeniximport.com/nl/4/16410/pendel-amethist-bolvorm-chakraketting-24-g-4x2-cm.aspx,/products/pendel-amethist-bolvorm-chakraketting
https://www.phoeniximport.com/nl/4/15083/cadeaupapier-bloem-des-levens-3-vellen-50x90cm.aspx,/products/cadeaupapier-bloem-des-levens-3-vellen
https://www.phoeniximport.com/nl/4/15094/geschenkverpakking-l-wit-gouden-bloem-des-levens-235x203cm.aspx,/products/gondeldoosje-l-wit-gouden-bloem-des-levens
https://www.phoeniximport.com/nl/4/15100/geschenkverpakking-m-wit-gouden-bloem-des-levens-20x165cm.aspx,/products/gondeldoosje-m-wit-gouden-bloem-des-levens
https://www.phoeniximport.com/nl/4/15109/geschenkverpakking-s-wit-gouden-bloem-des-levens-12x6cm.aspx,/products/gondeldoosje-s-wit-gouden-bloem-des-levens
https://www.phoeniximport.com/nl/4/15115/cadeaukaart-envelop-wit-gouden-levensbloem-19x9cm.aspx,/products/cadeaukaart-envelop-wit-gouden-levensbloem
https://www.phoeniximport.com/nl/4/15122/cadeautasje-wit-gouden-bloem-des-levens-20x255x85cm.aspx,/products/new-59
https://www.phoeniximport.com/nl/4/1515/notitieboek-chambray-katoen-beigegoud-met-bloem-des-levens-20x15-cm.aspx,/products/notitieboek-fluweel-beige-goud-met-bloem-des-levens
https://www.phoeniximport.com/nl/4/16064/pendel-amethist-druppelvormig-met-bloem-des-levens-13-g.aspx,/products/pendel-amethist-druppelvormig-met-bloem-des-levens
https://www.phoeniximport.com/nl/4/16065/pendel-rozenkwarts-druppelvormig-bloem-des-levens-13-g.aspx,/products/pendel-rozenkwarts-druppelvormig-bloem-des-levens
https://www.phoeniximport.com/nl/4/16066/pendel-bergkristal-druppelvormig-met-bloem-des-levens-13g.aspx,/products/pendel-bergkristal-druppelvormig-met-bloem-des-levens
https://www.phoeniximport.com/nl/4/16872/metalen-bloem-des-levens-sticker-goud-4x-35cm.aspx,/products/metalen-bloem-des-levens-sticker-goud-4x
https://www.phoeniximport.com/nl/4/16873/metalen-bloem-des-levens-sticker-zilver-4x-35cm.aspx,/products/metalen-bloem-des-levens-sticker-zilver-4x
https://www.phoeniximport.com/nl/4/16874/metalen-bloem-des-levens-sticker-ros-goud-4x-35cm.aspx,/products/metalen-bloem-des-levens-sticker-rose-goud-4x
https://www.phoeniximport.com/nl/4/1744/magneet-decoratie-bloem-des-levens-4-cm.aspx,/products/magneet-decoratie-bloem-des-levens
https://www.phoeniximport.com/nl/4/1756/magneet-decoratie-bloem-des-levens-goudkleur-4-cm.aspx,/products/magneet-decoratie-bloem-des-levens-goudkleur
https://www.phoeniximport.com/nl/4/1882/notitieboekje-bloem-des-levens-10x8x1-cm.aspx,/products/notitieboekje-bloem-des-levens
https://www.phoeniximport.com/nl/4/2082/theedoos-bloem-des-levens-22x18x8cm.aspx,/products/new-102
https://www.phoeniximport.com/nl/4/2156/yoga-prop-steunblok-kurk-bloem-des-levens-mandala-23x12x75-cm.aspx,/products/yoga-prop-steunblok-kurk-bloem-des-levens-mandala
https://www.phoeniximport.com/nl/4/2190/yoga-prop-cilinder-kurk-bloem-des-levens-30x10-cm.aspx,/products/new-443
https://www.phoeniximport.com/nl/4/2195/notitieboek-bloem-des-levens-mandala-met-kunstleren-omslag-250-g-18x13-cm.aspx,/products/notitieblokje-flower-of-life
https://www.phoeniximport.com/nl/4/2197/notitieboek-bloem-des-levens-met-rozenkwarts-en-kunstleren-omslag-250-g-18x13-cm.aspx,/products/notitieblokje-flower-of-life
https://www.phoeniximport.com/nl/4/78188/notitieboek-bloem-des-levens-met-lederen-kaft-250-g.aspx,/products/notitieboek-bloem-des-levens-met-lederen-kaft
https://www.phoeniximport.com/nl/4/78193/pendel-amethist-bolvorm-bloem-met-des-levens-ketting-20-g.aspx,/products/pendel-amethist-bolvorm-bloem-met-des-levens-ketting
https://www.phoeniximport.com/nl/4/78299/pendelmat-bloem-des-levens-20x30cm.aspx,/products/pendelmat-bloem-des-levens
https://www.phoeniximport.com/nl/4/78363/fluwelen-tasje-bloem-des-levens-10x11cm.aspx,/products/fluwelen-tasje-bloem-des-levens
https://www.phoeniximport.com/nl/4/870/fluwelen-tasje-met-bloem-des-levens-19x13-cm.aspx,/products/fluwelen-tasje-met-bloem-des-levens
https://www.phoeniximport.com/nl/4/878/katoenen-tasje-bloem-des-levens-wit-gots-19x13-cm.aspx,/products/katoenen-tasje-bloem-des-levens
https://www.phoeniximport.com/nl/4/9663/raamsticker-bloem-des-levens-12-cm.aspx,/products/raamsticker-bloem-des-levens-2
https://www.phoeniximport.com/nl/4/05721/meridiaankogels-draak-phoenix-35-cm.aspx,/products/meridiaankogels-draak-phoenix-1
https://www.phoeniximport.com/nl/4/06101/meridiaankogels-yin-yang-rood-35-cm.aspx,/products/meridiaankogels-yin-yang-rood-1
https://www.phoeniximport.com/nl/4/06001/meridiaankogels-yin-yang-tai-chi-grijs-4-cm.aspx,/products/meridiaankogels-yin-yang-tai-chi-grijs
https://www.phoeniximport.com/nl/4/05631/meridiaankogels-olifanten-roodwit-35-cm.aspx,/products/meridiaankogels-olifanten-rood-wit
https://www.phoeniximport.com/nl/4/05691/meridiaankogels-zon-maan-rood-geel-op-zwart-35-cm.aspx,/products/meridiaankogels-zon-maan-rood-geel-op-zwart
https://www.phoeniximport.com/nl/4/05731/meridiaankogels-draak-phoenix-4-cm.aspx,/products/meridiaankogels-draak-phoenix
https://www.phoeniximport.com/nl/4/05811/meridiaankogels-draak-phoenix-donkerblauw-35-cm.aspx,/products/meridiaankogels-draak-phoenix-donkerblauw
https://www.phoeniximport.com/nl/4/05841/meridiaankogels-vlinder-35-cm.aspx,/products/meridiaankogels-vlinder
https://www.phoeniximport.com/nl/4/05871/meridiaankogels-qi-xin-ylang-35-cm.aspx,/products/meridiaankogels-qi-xin-ylang
https://www.phoeniximport.com/nl/4/05941/meridiaankogels-gele-draak-4-cm.aspx,/products/meridiaankogels-gele-draak
https://www.phoeniximport.com/nl/4/05961/meridiaankogels-yin-yang-zwart-35-cm.aspx,/products/meridiaankogels-yin-yang-zwart-1
https://www.phoeniximport.com/nl/4/05971/meridiaankogels-yin-yang-zwart-4-cm.aspx,/products/meridiaankogels-yin-yang-zwart
https://www.phoeniximport.com/nl/4/06041/meridiaankogels-yin-yang-zwart-35-cm.aspx,/products/meridiaankogels-yin-yang-zwart-1
https://www.phoeniximport.com/nl/4/06051/meridiaankogels-yin-yang-zwart-4-cm.aspx,/products/meridiaankogels-yin-yang-zwart
https://www.phoeniximport.com/nl/4/06071/meridiaankogels-yin-yang-witgroen-35-cm.aspx,/products/meridiaankogels-yin-yang-wit-groen
https://www.phoeniximport.com/nl/4/06081/meridiaankogels-yin-yang-witgroen-gemarmerd-4-cm.aspx,/products/meridiaankogels-yin-yang-wit-groen-gemarmerd
https://www.phoeniximport.com/nl/4/06111/meridiaankogels-yin-yang-rood-4-cm.aspx,/products/meridiaankogels-yin-yang-rood
https://www.phoeniximport.com/nl/4/05991/meridiaankogels-yin-yang-tai-chi-grijs-35-cm.aspx,/products/meridiaankogels-yin-yang-tai-chi-grijs-1
https://www.phoeniximport.com/nl/4/16115/tibetaans-deurkleed-roodecru-178x85-cm.aspx,/products/tibetaans-deurkleed-rood-ecru
https://www.phoeniximport.com/nl/4/16117/tibetaans-deurkleed-blauwecru-178x85-cm.aspx,/products/tibetaans-deurkleed-blauw-ecru
https://www.phoeniximport.com/nl/4/18128/tibetaanse-katha-met-voorspoedbrengende-tekens-wit-180-cm.aspx,/products/tibetaanse-katha-met-voorspoedbrengende-tekens-wit
https://www.phoeniximport.com/nl/4/18150/tibetaanse-luxe-katha-sjaal-wit-xl-240-cm.aspx,/products/tibetaanse-luxe-katha-sjaal-wit-xl
https://www.phoeniximport.com/nl/4/18151/tibetaanse-luxe-katha-sjaal-rood-xl-240-cm.aspx,/products/tibetaanse-luxe-katha-sjaal-rood-xl
https://www.phoeniximport.com/nl/4/18152/tibetaanse-luxe-katha-sjaal-blauw-xl-240-cm.aspx,/products/tibetaanse-luxe-katha-sjaal-blauw-xl
https://www.phoeniximport.com/nl/4/18154/tibetaanse-luxe-katha-sjaal-groen-xl-240-cm.aspx,/products/tibetaanse-luxe-katha-sjaal-groen-xl
https://www.phoeniximport.com/nl/4/18153/tibetaanse-luxe-katha-sjaal-geel-xl-240-cm.aspx,/products/tibetaanse-luxe-katha-sjaal-geel-xl
https://www.phoeniximport.com/nl/4/16904/tibetaanse-katha-sjaal-wit-174x32-cm.aspx,/products/tibetaanse-katha-sjaal-wit
https://www.phoeniximport.com/nl/4/16973/klankschaalaltaarkleed-dubbele-dorje-brokaat-22x22-cm.aspx,/products/klankschaal-altaarkleed-dubbele-dorje-brokaat
https://www.phoeniximport.com/nl/4/160432/brokaat-boekomslag-rood-groot-25x27-cm.aspx,/products/brokaat-boekomslag-rood-groot
https://www.phoeniximport.com/nl/4/17248/tibetaanse-kathas-set-5-kleuren-185x35cm.aspx,/products/tibetaanse-kathas-set-5-kleuren
https://www.phoeniximport.com/nl/4/17252/tibetaanse-kathas-set-5-kleuren-xl-220x43cm.aspx,/products/tibetaanse-kathas-set-5-kleuren-xl
https://www.phoeniximport.com/nl/4/15652/armband-been-21-schedelvormige-kralen-1cm.aspx,/products/armband-been-21-schedelvormige-kralen
https://www.phoeniximport.com/nl/4/15672/vintage-tasje-gemengde-kleuren-18x22-cm.aspx,/products/vintage-tasje-gemengde-kleuren
https://www.phoeniximport.com/nl/4/16229/brokaat-pendeltasje-vierkant-collectie-2-85x85-cm.aspx,/products/brokaat-pendeltasje-vierkant-collectie-2
https://www.phoeniximport.com/nl/4/16602/brokaattasje-groen-gevoerd-met-rood-10x14-cm.aspx,/products/brokaattasje-groen-gevoerd-met-rood
https://www.phoeniximport.com/nl/4/16603/brokaattasje-geel-gevoerd-met-rood-10x14-cm.aspx,/products/brokaattasje-geel-gevoerd-met-rood
https://www.phoeniximport.com/nl/4/16604/brokaattasje-blauw-gevoerd-met-rood-10x14-cm.aspx,/products/brokaattasje-blauw-gevoerd-met-rood
https://www.phoeniximport.com/nl/4/16605/brokaattasje-rood-gevoerd-met-rood-10x14-cm.aspx,/products/brokaattasje-rood-gevoerd-met-rood
https://www.phoeniximport.com/nl/4/16606/brokaattasje-wit-gevoerd-met-rood-10x14-cm.aspx,/products/brokaattasje-wit-gevoerd-met-rood
https://www.phoeniximport.com/nl/4/16840/brokaat-pendeltasje-vierkant-collectie-1-85x85-cm.aspx,/products/brokaat-pendeltasje-vierkant-collectie-1
https://www.phoeniximport.com/nl/4/16978/pendeltasje-katoen-assorti-8x6-cm.aspx,/products/pendeltasje-katoen-assorti
https://www.phoeniximport.com/nl/4/16980/tasje-katoen-mengkleuren-met-rits-12x9-cm.aspx,/products/tasje-katoen-mengkleuren-met-rits
https://www.phoeniximport.com/nl/4/18033/vintage-zijden-tasje-gemengde-kleuren-14x12-cm.aspx,/products/vintage-zijden-tasje-gemengde-kleuren-1
https://www.phoeniximport.com/nl/4/18034/vintage-zijden-tasje-gemengde-kleuren-10x115-cm.aspx,/products/vintage-zijden-tasje-gemengde-kleuren-1
https://www.phoeniximport.com/nl/4/2303/mala-amethist-aa-kwaliteit-108-kralen-tasje-06-cm.aspx,/products/mala-amethist-aa-kwaliteit-108-kralen-tasje
https://www.phoeniximport.com/nl/4/2307/mala-bergkristal-aa-kwaliteit-108-kralen-tasje-06-cm.aspx,/products/mala-bergkristal-aa-kwaliteit-108-kralen-tasje
https://www.phoeniximport.com/nl/4/2312/mala-aventurijn-aa-kwaliteit-108-kralen-tasje-06-cm.aspx,/products/mala-aventurijn-aa-kwaliteit-108-kralen-tasje
https://www.phoeniximport.com/nl/4/2313/mala-lapis-lazuli-aa-kwaliteit-108-kralen-tasje-06-cm.aspx,/products/mala-lapis-lazuli-aa-kwaliteit-108-kralen-tasje
https://www.phoeniximport.com/nl/4/2315/mala-maansteen-aa-kwaliteit-108-kralen-tasje-06-cm.aspx,/products/mala-maansteen-aa-kwaliteit-108-kralen-tasje
https://www.phoeniximport.com/nl/4/2445/mala-tulsi-108-kralen-06cm.aspx,/products/mala-tulsi-108-kralen
https://www.phoeniximport.com/nl/4/2477/mala-rudraksha-en-citrien-gebrande-amethist-05-cm.aspx,/products/mala-rudraksha-en-citrien-gebrande-amethist
https://www.phoeniximport.com/nl/4/2478/mala-rudraksha-en-rozenkwarts-met-roze-kwast-05-cm.aspx,/products/mala-rudraksha-en-rozenkwarts-met-roze-kwast
https://www.phoeniximport.com/nl/4/2479/mala-rudraksha-en-amethist-met-paarse-kwast-05-cm.aspx,/products/mala-rudraksha-en-amethist-met-paarse-kwast
https://www.phoeniximport.com/nl/4/2481/mala-hout-elastisch-met-sierkralen-en-dorje-06-cm.aspx,/products/mala-hout-elastisch-met-sierkralen-en-dorje
https://www.phoeniximport.com/nl/4/2484/mala-hout-elastisch-met-sierkralen-en-dorje-06-cm.aspx,/products/mala-hout-elastisch-met-sierkralen-en-dorje
https://www.phoeniximport.com/nl/4/2506/mala-labradoriet-aa-kwaliteit-108-kralen-tasje-06-cm.aspx,/products/mala-labradoriet-aa-kwaliteit-108-kralen-tasje
https://www.phoeniximport.com/nl/4/2507/mala-maansteen-aa-kwaliteit-108-kralen-tasje-06-cm.aspx,/products/mala-maansteen-aa-kwaliteit-108-kralen-tasje-1
https://www.phoeniximport.com/nl/4/2512/mala-zwarte-toermalijn-aa-kwaliteit-108-kralen-tasje-06cm.aspx,/products/mala-zwarte-toermalijn-aa-kwaliteit-108-kralen-tasje
https://www.phoeniximport.com/nl/4/2535/mala-mantra-teller-31cm.aspx,/products/mala-mantra-teller
https://www.phoeniximport.com/nl/4/2555/armband-cederhout-08cm.aspx,/products/armband-cederhout
https://www.phoeniximport.com/nl/4/78351/katoenen-tasje-bloem-des-levens-10x11cm.aspx,/products/katoenen-tasje-bloem-des-levens
https://www.phoeniximport.com/nl/4/78352/katoenen-tasje-khamsa-10x11cm.aspx,/products/katoenen-tasje-khamsa
https://www.phoeniximport.com/nl/4/78354/katoenen-tasje-kubus-van-metatron-10x11cm.aspx,/products/katoenen-tasje-kubus-van-metatron
https://www.phoeniximport.com/nl/4/876/katoenen-tasje-bloem-des-levens-wit-19x13cm.aspx,/products/katoenen-tasje-bloem-des-levens-wit
https://www.phoeniximport.com/nl/4/879/katoenen-tasje-levensboom-groen-gots-19x13-cm.aspx,/products/katoenen-tasje-levensboom-groen
https://www.phoeniximport.com/nl/4/98601/katoenen-cadeauzakje-s-10x14cm.aspx,/products/katoenen-cadeauzakje-s
https://www.phoeniximport.com/nl/4/98602/katoenen-cadeauzakje-m-13x18cm.aspx,/products/katoenen-cadeauzakje-m
https://www.phoeniximport.com/nl/4/98603/katoenen-cadeauzakje-l-17x23cm.aspx,/products/katoenen-cadeauzakje-l
https://www.phoeniximport.com/nl/4/98606/fluwelen-cadeauzakje-zwart-xs-7x9cm.aspx,/products/fluwelen-cadeauzakje-zwart-xs
https://www.phoeniximport.com/nl/4/98607/fluwelen-cadeauzakje-bordeaux-xs-7x9cm.aspx,/products/fluwelen-cadeauzakje-bordeaux-xs
https://www.phoeniximport.com/nl/4/98610/fluwelen-cadeauzakje-zwart-s-10x14cm.aspx,/products/fluwelen-cadeauzakje-zwart-s
https://www.phoeniximport.com/nl/4/98611/fluwelen-cadeauzakje-bordeaux-s-10x14cm.aspx,/products/fluwelen-cadeauzakje-bordeaux-s
https://www.phoeniximport.com/nl/4/98614/fluwelen-cadeauzakje-zwart-m-13x18cm.aspx,/products/fluwelen-cadeauzakje-zwart-m
https://www.phoeniximport.com/nl/4/98615/fluwelen-cadeauzakje-bordeaux-m-13x18cm.aspx,/products/fluwelen-cadeauzakje-bordeaux-m
https://www.phoeniximport.com/nl/4/78350/pendelmat-alfabet-22x33cm.aspx,/products/pendelmat-alfabet
https://www.phoeniximport.com/nl/4/78296/pendelbord-astrologie-gegraveerd-20cm.aspx,/products/pendelbord-astrologie-gegraveerd
https://www.phoeniximport.com/nl/4/78282/pendelmat-astrologie-30x30-cm.aspx,/products/pendelmat-astrologie
https://www.phoeniximport.com/nl/4/13366/pendelmat-astrologie-20x20-cm.aspx,/products/pendelmat-astrologie
https://www.phoeniximport.com/nl/4/78297/pendelmat-keltische-knoop-205x30cm.aspx,/products/pendelmat-keltische-knoop
https://www.phoeniximport.com/nl/4/15688/brokaattasje-blauw-105x7cm.aspx,/products/brokaattasje-blauw
https://www.phoeniximport.com/nl/4/16829/luxe-pendel-display-hout-45x20-cm.aspx,/products/luxe-pendel-display-hout
https://www.phoeniximport.com/nl/4/16462/pendel-messing-titaniumkleurig-12-g-4-cm.aspx,/products/pendel-messing-titaniumkleurig
https://www.phoeniximport.com/nl/4/16212/pendel-spiraal-messing-goudkleur-26-g-6-cm.aspx,/products/pendel-spiraal-messing-goudkleur
https://www.phoeniximport.com/nl/4/16221/pendel-messing-verguld-14-g-44-cm.aspx,/products/pendel-messing-verguld-2
https://www.phoeniximport.com/nl/4/16222/pendel-messing-verguld-18-g-25-cm.aspx,/products/pendel-messing-verguld-1
https://www.phoeniximport.com/nl/4/16223/pendel-messing-verguld-20-g-4-cm.aspx,/products/pendel-messing-verguld-9
https://www.phoeniximport.com/nl/4/16224/pendel-messing-verguld-24-g-5-cm.aspx,/products/pendel-messing-verguld-7
https://www.phoeniximport.com/nl/4/16459/pendel-messing-koperkleur-12-g-4-cm.aspx,/products/pendel-messing-koperkleur
https://www.phoeniximport.com/nl/4/16463/pendel-messing-verguld-14-g-3-cm.aspx,/products/pendel-messing-verguld
https://www.phoeniximport.com/nl/4/16464/pendel-messing-verguld-18-g-3-cm.aspx,/products/pendel-messing-verguld-8
https://www.phoeniximport.com/nl/4/16473/pendel-messing-verguld-27-g-3-cm.aspx,/products/pendel-messing-verguld-6
https://www.phoeniximport.com/nl/4/16557/pendel-messing-verguld-12-g-4-cm.aspx,/products/pendel-messing-verguld-4
https://www.phoeniximport.com/nl/4/16474/pendel-messing-verchroomd-27-g-3-cm.aspx,/products/pendel-messing-verchroomd-4
https://www.phoeniximport.com/nl/4/16481/pendel-messing-verchroomd-18-g-4-cm.aspx,/products/pendel-messing-verchroomd-3
https://www.phoeniximport.com/nl/4/16488/pendel-messing-chroomkleurig-12-g-4-cm.aspx,/products/pendel-messing-chroomkleurig
https://www.phoeniximport.com/nl/4/16497/pendel-messing-verguld-20-g-2-cm.aspx,/products/pendel-messing-verguld-5
https://www.phoeniximport.com/nl/4/16498/pendel-messing-verchroomd-14-g-35-cm.aspx,/products/pendel-messing-verchroomd-2
https://www.phoeniximport.com/nl/4/16556/pendel-messing-verchroomd-20-g-2-cm.aspx,/products/pendel-messing-verchroomd-1
https://www.phoeniximport.com/nl/4/16449/pendel-verkoperd-24-g-5-cm.aspx,/products/pendel-verkoperd
https://www.phoeniximport.com/nl/4/16847/pendel-messing-verguld-26-g-35-cm.aspx,/products/pendel-messing-verguld-3
https://www.phoeniximport.com/nl/4/16848/pendel-messing-verchroomd-26-g-35-cm.aspx,/products/pendel-messing-verchroomd
https://www.phoeniximport.com/nl/4/17699/pendel-messing-verchroomd-met-kamer-50-g-3-cm.aspx,/products/pendel-messing-verchroomd-met-kamer
https://www.phoeniximport.com/nl/4/16063/pendel-met-zeven-soorten-metaal-4-cm.aspx,/products/pendel-met-zeven-soorten-metaal
https://www.phoeniximport.com/nl/4/16219/mini-pendel-messing-verguld-4-g-25-cm.aspx,/products/mini-pendel-messing-verguld
https://www.phoeniximport.com/nl/4/16846/atlantis-pendel-messing-verchroomd-44-g-4-cm.aspx,/products/atlantis-pendel-messing-verchroomd
https://www.phoeniximport.com/nl/4/16845/atlantis-pendel-messing-verkoperd-43-g-4-cm.aspx,/products/atlantis-pendel-messing-verkoperd
https://www.phoeniximport.com/nl/4/16844/atlantis-pendel-messing-verguld-46-g-4-cm.aspx,/products/atlantis-pendel-messing-verguld
https://www.phoeniximport.com/nl/4/16869/pendel-messing-verguld-bloem-des-levens-5cm.aspx,/products/pendel-messing-verguld-bloem-des-levens-1
https://www.phoeniximport.com/nl/4/16865/pendel-messing-verguld-4cm.aspx,/products/pendel-messing-verguld-10
https://www.phoeniximport.com/nl/4/16864/pendel-met-kamer-messing-verguld-45cm.aspx,/products/pendel-met-kamer-messing-verguld
https://www.phoeniximport.com/nl/4/16866/pendel-met-kamer-messing-verguld-bloem-des-levens-9cm.aspx,/products/pendel-met-kamer-messing-verguld-bloem-des-levens
https://www.phoeniximport.com/nl/4/16870/pendel-messing-verguld-bloem-des-levens-10cm.aspx,/products/pendel-messing-verguld-bloem-des-levens
https://www.phoeniximport.com/nl/4/16863/pendel-hout-druppelvormig-65cm.aspx,/products/pendel-hout-druppelvormig
https://www.phoeniximport.com/nl/4/16283/lapis-lazuli-merkaba-pendel-achtpuntig-3-cm.aspx,/products/lapis-lazuli-merkaba-pendel-achtpuntig
https://www.phoeniximport.com/nl/4/78163/pendel-maansteen-bolvorm-metaal-19-g-4x2-cm.aspx,/products/pendel-maansteen-bolvorm-metaal
https://www.phoeniximport.com/nl/4/16204/pendel-ohm-gepolijste-zwarte-agaat-16-g-4-cm.aspx,/products/pendel-ohm-gepolijste-zwarte-agaat
https://www.phoeniximport.com/nl/4/16456/pendel-godin-bergkristal-punt-bolvorm-5-cm.aspx,/products/pendel-godin-bergkristal-punt-bolvorm
https://www.phoeniximport.com/nl/4/16853/pendel-hout-druppelvorm-14-g-7-cm.aspx,/products/pendel-hout-druppelvorm
https://www.phoeniximport.com/nl/4/16408/pendel-amethist-bolvorm-metaal-19-g-4x2-cm.aspx,/products/pendel-amethist-bolvorm-metaal
https://www.phoeniximport.com/nl/4/16208/pendel-gepolijste-lapis-lazuli-metaal-12-g-35x17-cm.aspx,/products/pendel-gepolijste-lapis-lazuli-metaal
https://www.phoeniximport.com/nl/4/16467/pendel-facet-geslepen-amethist-spitse-punt-35-cm.aspx,/products/pendel-facet-geslepen-amethist-spitse-punt
https://www.phoeniximport.com/nl/4/16280/bergkristal-merkaba-chakra-pendel-achtpuntig-3-cm.aspx,/products/bergkristal-merkaba-chakra-pendel-achtpuntig
https://www.phoeniximport.com/nl/4/16861/pendel-messing-verguld-met-bergkristal-kamer-20g-53-cm.aspx,/products/pendel-messing-verguld-met-bergkristal-kamer
https://www.phoeniximport.com/nl/4/16214/pendel-rozenkwarts-chakraketting-16-g-3-4-cm.aspx,/products/pendel-rozenkwarts-chakraketting
https://www.phoeniximport.com/nl/4/16207/pendel-gepolijste-witte-agaat-metaal-12-g-35x17-cm.aspx,/products/pendel-gepolijste-witte-agaat-metaal
https://www.phoeniximport.com/nl/4/16851/pendel-hout-7-cm.aspx,/products/pendel-hout-1
https://www.phoeniximport.com/nl/4/16210/pendel-gepolijste-amethist-metaal-12-g-35x17-cm.aspx,/products/pendel-gepolijste-amethist-metaal
https://www.phoeniximport.com/nl/4/16862/pendel-messing-verguld-met-amethist-kamer-20-g-53-cm.aspx,/products/pendel-messing-verguld-met-amethist-kamer
https://www.phoeniximport.com/nl/4/16211/pendel-gepolijste-bergkristal-metaal-12-g-35x17-cm.aspx,/products/pendel-gepolijste-bergkristal-metaal
https://www.phoeniximport.com/nl/4/16227/pendel-facet-geslepen-bergkristal-spitse-punt-35-cm.aspx,/products/pendel-facet-geslepen-bergkristal-spitse-punt
https://www.phoeniximport.com/nl/4/16215/pendel-amethist-chakraketting-16-g-3-4-cm.aspx,/products/pendel-amethist-chakraketting
https://www.phoeniximport.com/nl/4/16230/pendel-bergkristal-kegelvorm-met-maansteen-32-cm.aspx,/products/pendel-bergkristal-kegelvorm-met-maansteen
https://www.phoeniximport.com/nl/4/16860/pendel-messing-verguld-met-rozenkwarts-kamer-20g53-cm.aspx,/products/pendel-messing-verguld-met-rozenkwarts-kamer
https://www.phoeniximport.com/nl/4/16404/pendel-bergkristal-facet-druppelvorm-12-g-3-cm.aspx,/products/pendel-bergkristal-facet-druppelvorm
https://www.phoeniximport.com/nl/4/16213/pendel-bergkristal-chakraketting-16-g-3-4-cm.aspx,/products/pendel-bergkristal-chakraketting
https://www.phoeniximport.com/nl/4/16854/pendel-hout-12-g-8-cm.aspx,/products/pendel-hout-3
https://www.phoeniximport.com/nl/4/16413/rudraksha-pendel-zilverkleurig-10-g-45-cm.aspx,/products/rudraksha-pendel-zilverkleurig
https://www.phoeniximport.com/nl/4/16282/amethist-merkaba-pendel-achtpuntig-3-cm.aspx,/products/amethist-merkaba-pendel-achtpuntig
https://www.phoeniximport.com/nl/4/16405/pendel-bergkristal-facetgeslepen-in-metaal-20-g-6-cm.aspx,/products/pendel-bergkristal-facetgeslepen-in-metaal
https://www.phoeniximport.com/nl/4/16409/pendel-bergkristal-bolvorm-metaal-12-g-35x15-cm.aspx,/products/pendel-bergkristal-bolvorm-metaal
https://www.phoeniximport.com/nl/4/16852/pendel-hout-75-cm.aspx,/products/pendel-hout
https://www.phoeniximport.com/nl/4/16412/rudraksha-pendel-goudkleurig-10-g-45-cm.aspx,/products/rudraksha-pendel-goudkleurig
https://www.phoeniximport.com/nl/4/16830/pendel-amethist-facet-geslepen-spits-sierkraal-51-cm.aspx,/products/pendel-amethist-facet-geslepen-spits-sierkraal
https://www.phoeniximport.com/nl/4/16234/lotus-pendel-rozenkwarts-punt-25-3-cm.aspx,/products/lotus-pendel-rozenkwarts-punt
https://www.phoeniximport.com/nl/4/16232/lotus-pendel-amethist-punt-25-3-cm.aspx,/products/lotus-pendel-amethist-punt
https://www.phoeniximport.com/nl/4/16209/pendel-gepolijste-rozenkwarts-metaal-12-g-35x17-cm.aspx,/products/pendel-gepolijste-rozenkwarts-metaal
https://www.phoeniximport.com/nl/4/16233/lotus-pendel-bergkristal-punt-25-3-cm.aspx,/products/lotus-pendel-bergkristal-punt
https://www.phoeniximport.com/nl/4/16228/pendel-facet-geslepen-rozenkwarts-spitse-punt-35-cm.aspx,/products/pendel-facet-geslepen-rozenkwarts-spitse-punt
https://www.phoeniximport.com/nl/4/16831/pendel-rozenkwarts-facet-geslepen-spits-sierkraal-56cm.aspx,/products/pendel-rozenkwarts-facet-geslepen-spits-sierkraal
https://www.phoeniximport.com/nl/4/16106/mandala-talisman-hanger-zambala-25x25-cm.aspx,/products/mandala-talisman-hanger-zambala
https://www.phoeniximport.com/nl/4/2001/zorgenpopjes-worrydolls-handgemaakt-7x55-cm.aspx,/products/zorgenpopjes-worrydolls-handgemaakt
https://www.phoeniximport.com/nl/4/16109/mandala-talisman-hanger-seng-dongma-25x25-cm.aspx,/products/mandala-talisman-hanger-seng-dongma
https://www.phoeniximport.com/nl/4/16108/mandala-talisman-hanger-yamantaka-25x25-cm.aspx,/products/mandala-talisman-hanger-yamantaka
https://www.phoeniximport.com/nl/4/16024/dorje-voor-bescherming-groot-13-cm.aspx,/products/dorje-voor-bescherming-groot
https://www.phoeniximport.com/nl/4/16025/dorje-voor-bescherming-10-cm.aspx,/products/dorje-voor-bescherming
https://www.phoeniximport.com/nl/4/16103/mandala-talisman-hanger-maritse-25x25-cm.aspx,/products/mandala-talisman-hanger-maritse
https://www.phoeniximport.com/nl/4/16104/mandala-talisman-hanger-chenrezig-25x25-cm.aspx,/products/mandala-talisman-hanger-chenrezig
https://www.phoeniximport.com/nl/4/16105/mandala-talisman-hanger-kurukulle-25x25-cm.aspx,/products/mandala-talisman-hanger-kurukulle
https://www.phoeniximport.com/nl/4/16100/mandala-talisman-hanger-groene-tara-25x25-cm.aspx,/products/mandala-talisman-hanger-groene-tara
https://www.phoeniximport.com/nl/4/16107/mandala-talisman-hanger-manjushri-25x25-cm.aspx,/products/mandala-talisman-hanger-manjushri
https://www.phoeniximport.com/nl/4/15999/tibetaanse-bescherm-amulet-nagpo-gujor-4g-10x6x1cm.aspx,/products/tibetaanse-bescherm-amulet-nagpo-gujor
https://www.phoeniximport.com/nl/4/15937/beschermhanger-dubbele-dorje-met-kartika-20-cm-24-g.aspx,/products/beschermhanger-dubbele-dorje-met-kartika
https://www.phoeniximport.com/nl/4/15938/beschermhanger-dubbele-dorje-met-bel-20-cm-24-g.aspx,/products/beschermhanger-dubbele-dorje-met-bel
https://www.phoeniximport.com/nl/4/15939/beschermhanger-dubbele-dorje-met-olifant-20-cm-32-g.aspx,/products/beschermhanger-dubbele-dorje-met-olifant
https://www.phoeniximport.com/nl/4/2543/beschermhanger-shakyamuni-boeddha-3-cm.aspx,/products/beschermhanger-shakyamuni-boeddha
https://www.phoeniximport.com/nl/4/2544/beschermhanger-medicijn-boeddha-3-cm.aspx,/products/beschermhanger-medicijn-boeddha
https://www.phoeniximport.com/nl/4/16033/offerschaaltjes-rvs-875-cm.aspx,/products/offerschaaltjes-rvs-1
https://www.phoeniximport.com/nl/4/160331/offerschaaltjes-rvs-6-cm.aspx,/products/offerschaaltjes-rvs
https://www.phoeniximport.com/nl/4/18065/kapala-set-klein-190-g-85x5-cm.aspx,/products/kapala-set-klein
https://www.phoeniximport.com/nl/4/11131/offer-schaaltje-8-voorspoed-symbolen-8x45-cm.aspx,/products/offer-schaaltje-8-voorspoed-symbolen
https://www.phoeniximport.com/nl/4/15600/offerschaaltjes-set-van-7-5-cm.aspx,/products/offerschaaltjes-set-van-7
https://www.phoeniximport.com/nl/4/15651/serkyem-offerset-tweedelig-430-g-11x12-cm.aspx,/products/serkyem-offerset-tweedelig
https://www.phoeniximport.com/nl/4/15640/gebedsmolen-groene-tara-tafelmodel-18x7x6cm.aspx,/products/gebedsmolen-groene-tara-tafelmodel
https://www.phoeniximport.com/nl/4/15642/gebedsmolen-oneindige-knoop-ompmh-mantra-125x6x8cm.aspx,/products/gebedsmolen-oneindige-knoop-ompmh-mantra
https://www.phoeniximport.com/nl/4/15807/tibetaanse-gebedsvlag-acht-voorspoed-symbolen--25x21x205cm.aspx,/products/tibetaanse-gebedsvlag-acht-voorspoed-symbolen
https://www.phoeniximport.com/nl/4/1760/magneet-decoratie-levensboom-goudkleur-4-cm.aspx,/products/magneet-decoratie-levensboom-goudkleur
https://www.phoeniximport.com/nl/4/9666/raamsticker-levensboom-11-cm.aspx,/products/raamsticker-levensboom-2
https://www.phoeniximport.com/nl/4/78369/fluwelen-tasje-levensboom-10x11cm.aspx,/products/fluwelen-tasje-levensboom
https://www.phoeniximport.com/nl/4/1889/notitieboekje-levensboom-10x8x1-cm.aspx,/products/notitieboekje-levensboom
https://www.phoeniximport.com/nl/4/871/fluwelen-tasje-met-levensboom-19x13-cm.aspx,/products/fluwelen-tasje-met-levensboom
https://www.phoeniximport.com/nl/4/2090/notitieboek-godin-levensboom-met-kunstlederen-kaft-250g-18x13-cm.aspx,/products/new-241
https://www.phoeniximport.com/nl/4/1519/notitieboek-fluweel-roze-met-levensboom-20x15-cm.aspx,/products/notitieboek-fluweel-roze-met-levensboom
https://www.phoeniximport.com/nl/4/606219/ansichtkaarten-levensboom-15x105-cm.aspx,/products/ansichtkaarten-levensboom
https://www.phoeniximport.com/nl/4/606225/notitieblokje-levensboom-125x95cm.aspx,/products/notitieblokje-levensboom
https://www.phoeniximport.com/nl/4/606228/ansichtkaarten-levensboom-mandala-15x105-cm.aspx,/products/ansichtkaarten-levensboom-mandala
https://www.phoeniximport.com/nl/4/606230/notitieblokje-levensboom-mandala-125x95cm.aspx,/products/notitieblokje-levensboom-mandala
https://www.phoeniximport.com/nl/4/2188/yoga-prop-steunblok-kurk-levensboom-23x12x75-cm.aspx,/products/new-445
https://www.phoeniximport.com/nl/4/2191/yoga-prop-cilinder-kurk-levensboom-30x10-cm.aspx,/products/new-442
https://www.phoeniximport.com/nl/4/2198/notitieboek-levensboom-met-bergkristal-en-kunstleren-omslag-250-g-18x13-cm.aspx,/products/notitieboekje-levensboom
https://www.phoeniximport.com/nl/4/16867/kelk-met-pentagram-16x6-cm.aspx,/products/kelk-met-pentagram
https://www.phoeniximport.com/nl/4/872/fluwelen-tasje-met-ohm-symbool-19x13-cm.aspx,/products/fluwelen-tasje-met-ohm-symbool
https://www.phoeniximport.com/nl/4/78370/fluwelen-tasje-ohm-10x11cm.aspx,/products/fluwelen-tasje-ohm
https://www.phoeniximport.com/nl/4/6286/heksenbezem-triquetra-groen-22x10cm.aspx,/products/heksenbezem-triquetra-groen
https://www.phoeniximport.com/nl/4/6287/heksenbezem-godin-paars-22x10cm.aspx,/products/heksenbezem-godin-paars
https://www.phoeniximport.com/nl/4/6288/heksenbezem-pentakel-zwart-22x10cm.aspx,/products/heksenbezem-pentakel-zwart
https://www.phoeniximport.com/nl/4/0099/cadeautasje-goudkleur-15x20cm.aspx,/products/cadeautasje-goudkleur
https://www.phoeniximport.com/nl/4/15082/cadeaupapier-mandala-3-vellen-50x90cm.aspx,/products/cadeaupapier-mandala-3-vellen
https://www.phoeniximport.com/nl/4/15084/cadeaupapier-astrologie-3-vellen-50x90cm.aspx,/products/cadeaupapier-astrologie-3-vellen
https://www.phoeniximport.com/nl/4/15085/geschenkverpakking-xl-roze-maan-en-sterren-355x254cm.aspx,/products/gondeldoosje-xl-roze-maan-en-sterren
https://www.phoeniximport.com/nl/4/15086/geschenkverpakking-xl-zwart-gouden-mandala-bloem-355x254cm.aspx,/products/gondeldoosje-xl-zwart-gouden-mandala-bloem
https://www.phoeniximport.com/nl/4/15088/geschenkverpakking-xl-wit-gouden-bloem-des-levens-355x254cm.aspx,/products/gondeldoosje-xl-wit-gouden-bloem-des-levens
https://www.phoeniximport.com/nl/4/15090/geschenkverpakking-xl-astrologie-355x254cm.aspx,/products/gondeldoosje-xl-astrologie
https://www.phoeniximport.com/nl/4/15091/geschenkverpakking-l-roze-maan-en-sterren-235x203cm.aspx,/products/gondeldoosje-l-roze-maan-en-sterren
https://www.phoeniximport.com/nl/4/15092/geschenkverpakking-l-zwart-gouden-mandala-bloem-235x203cm.aspx,/products/gondeldoosje-l-zwart-gouden-mandala-bloem
https://www.phoeniximport.com/nl/4/15096/gondeldoosje-l-astrologie-235x203cm.aspx,/products/gondeldoosje-l-astrologie
https://www.phoeniximport.com/nl/4/15097/geschenkverpakking-m-roze-maan-en-sterren-20x165cm.aspx,/products/gondeldoosje-m-roze-maan-en-sterren
https://www.phoeniximport.com/nl/4/15098/geschenkverpakking-m-zwart-gouden-mandala-bloem-20x165cm.aspx,/products/gondeldoosje-m-zwart-gouden-mandala-bloem
https://www.phoeniximport.com/nl/4/15105/geschenkverpakking-m-astrology-20x165cm.aspx,/products/gondeldoosje-m-astrology
https://www.phoeniximport.com/nl/4/15106/geschenkverpakking-s-roze-maan-en-sterren-12x6cm.aspx,/products/gondeldoosje-s-roze-maan-en-sterren
https://www.phoeniximport.com/nl/4/15107/geschenkverpakking-s-zwart-gouden-mandala-bloem-12x6cm.aspx,/products/gondeldoosje-s-zwart-gouden-mandala-bloem
https://www.phoeniximport.com/nl/4/15111/geschenkverpakking-s-astrologie-12x6cm.aspx,/products/gondeldoosje-s-astrologie
https://www.phoeniximport.com/nl/4/15112/cadeaukaart-envelop-roze-maan-en-sterren-19x9cm.aspx,/products/cadeaukaart-envelop-roze-maan-en-sterren
https://www.phoeniximport.com/nl/4/15113/cadeaukaart-envelop-zwart-gouden-mandala-bloem-19x9cm.aspx,/products/cadeaukaart-envelop-zwart-gouden-mandala-bloem
https://www.phoeniximport.com/nl/4/15117/cadeaukaart-envelop-astrologie-19x9cm.aspx,/products/cadeaukaart-envelop-astrologie
https://www.phoeniximport.com/nl/4/15119/cadeautasje-horoscoop-20x255x85cm.aspx,/products/new-83
https://www.phoeniximport.com/nl/4/15128/cadeautasje-astrologie-20x255x85cm.aspx,/products/new-190
https://www.phoeniximport.com/nl/4/16979/tas-gerecyclede-rijstzakken-39x38-cm.aspx,/products/tas-gerecyclede-rijstzakken
https://www.phoeniximport.com/nl/4/169791/tas-gerecyclede-rijstzakken-50x40-cm.aspx,/products/tas-gerecyclede-rijstzakken
https://www.phoeniximport.com/nl/4/17031/upcycled-zijden-tasje-19x14cm.aspx,/products/upcycled-zijden-tasje-1
https://www.phoeniximport.com/nl/4/17036/upcycled-zijden-tasje-25x16cm.aspx,/products/upcycled-zijden-tasje
https://www.phoeniximport.com/nl/4/2176/boodschappentas-kwaliteit-viscose-sari-42x27-cm.aspx,/products/boodschappentas-kwaliteit-viscose-sari
https://www.phoeniximport.com/nl/4/22210/brievenbusdoos-karton-s-135x85x32cm.aspx,/products/brievenbusdoos-karton-s
https://www.phoeniximport.com/nl/4/4201/organza-cadeauzakje-wit-xs-7x9cm.aspx,/products/organza-cadeauzakje-wit-xs
https://www.phoeniximport.com/nl/4/4202/organza-cadeauzakje-goudkleur-xs-7x9cm.aspx,/products/organza-cadeauzakje-goudkleur-xs
https://www.phoeniximport.com/nl/4/4203/organza-cadeauzakje-grijs-xs-7x9cm.aspx,/products/organza-cadeauzakje-grijs-xs
https://www.phoeniximport.com/nl/4/4204/organza-cadeauzakje-zwart-xs-7x9cm.aspx,/products/organza-cadeauzakje-zwart-xs
https://www.phoeniximport.com/nl/4/4205/organza-cadeauzakje-groen-xs-7x9cm.aspx,/products/organza-cadeauzakje-groen-xs
https://www.phoeniximport.com/nl/4/4206/organza-cadeauzakje-paars-xs-7x9cm.aspx,/products/organza-cadeauzakje-paars-xs
https://www.phoeniximport.com/nl/4/78367/fluwelen-tasje-drievoudige-maan-115x10cm.aspx,/products/fluwelen-tasje-drievoudige-maan
https://www.phoeniximport.com/nl/4/9677/raamsticker-regenboog-hart-14cm.aspx,/products/raamsticker-regenboog-hart
https://www.phoeniximport.com/nl/4/9679/raamsticker-zon-maan-en-sterren-14cm.aspx,/products/raamsticker-zon-maan-en-sterren
https://www.phoeniximport.com/nl/4/864/sleutelhanger-ganesha-13cm-15gr.aspx,/products/sleutelhanger-ganesha
https://www.phoeniximport.com/nl/4/865/sleutelhanger-olifant-7-cm-9-gr.aspx,/products/sleutelhanger-olifant
https://www.phoeniximport.com/nl/4/866/sleutelhanger-spiegel-11cm13gr.aspx,/products/sleutelhanger-spiegel
https://www.phoeniximport.com/nl/4/2066/notitieboek-maanfasen-sterren-donkerblauw-15x21-cm.aspx,/products/notitieboek-maanfasen-sterren-donkerblauw
https://www.phoeniximport.com/nl/4/78187/notitieboek-olifant-met-lederen-kaft--250g.aspx,/products/notitieboek-olifant-met-lederen-kaft
https://www.phoeniximport.com/nl/4/78189/notitieboek-mandala-met-lederen-kaft--250g.aspx,/products/notitieboek-mandala-met-lederen-kaft
https://www.phoeniximport.com/nl/4/1881/notitieboekje-mandala-10x8x1-cm.aspx,/products/notitieboekje-mandala
https://www.phoeniximport.com/nl/4/2065/notitieboek-maanfasen-sterren-oudroze-15x21-cm.aspx,/products/notitieboek-maanfasen-sterren-oudroze
https://www.phoeniximport.com/nl/4/2068/notitieboek-maanfasen-sterren-zwart-15x21-cm.aspx,/products/notitieboek-maanfasen-sterren-zwart
https://www.phoeniximport.com/nl/4/606224/notitieblokje-leeuw-125x95cm.aspx,/products/notitieblokje-leeuw
https://www.phoeniximport.com/nl/4/606226/notitieblokje-groene-tara-125x95cm.aspx,/products/notitieblokje-groene-tara
https://www.phoeniximport.com/nl/4/606227/notitieblokje-olifant-125x95cm.aspx,/products/notitieblokje-olifant
https://www.phoeniximport.com/nl/4/606229/notitieblokje-bloem-des-levens-125x95cm.aspx,/products/notitieblokje-bloem-des-levens
https://www.phoeniximport.com/nl/4/606231/notitieblokje-hert-125x95cm.aspx,/products/notitieblokje-hert
https://www.phoeniximport.com/nl/4/1507/notitieboek-fluweel-blauw-met-bloemen-20x15-cm.aspx,/products/notitieboek-fluweel-blauw-met-bloemen
https://www.phoeniximport.com/nl/4/1511/notitieboek-fluweel-beige-met-bloemen-20x15-cm.aspx,/products/notitieboek-fluweel-beige-met-bloemen
https://www.phoeniximport.com/nl/4/1523/notitieboek-fluweel-petrol-met-tarot-oog-20x15-cm.aspx,/products/notitieboek-fluweel-petrol-met-tarot-oog
https://www.phoeniximport.com/nl/4/1527/notitieboek-fluweel-wit-met-zon-en-maan-20x15-cm.aspx,/products/notitieboek-fluweel-wit-met-zon-en-maan
https://www.phoeniximport.com/nl/4/1531/notitieboek-fluweel-geel-met-zon-20x15-cm.aspx,/products/notitieboek-fluweel-geel-met-zon
https://www.phoeniximport.com/nl/4/1535/notitieboek-fluweel-mint-met-maanfasen-20x15-cm.aspx,/products/notitieboek-fluweel-mint-met-maanfasen
https://www.phoeniximport.com/nl/4/1539/notitieboek-fluweel-paars-met-galaxy-20x15-cm.aspx,/products/notitieboek-fluweel-paars-met-galaxy
https://www.phoeniximport.com/nl/4/1543/notitieboek-fluweel-donkerblauw-met-maan-en-sterren-20x15-cm.aspx,/products/notitieboek-fluweel-donkerblauw-met-maan-en-sterren
https://www.phoeniximport.com/nl/4/2089/notitieboek-mandala-met-kunstlederen-kaft-250g-18x13-cm.aspx,/products/notitieboek-mandala-met-lederen-kaft
https://www.phoeniximport.com/nl/4/2091/notitieboek-hart-met-kunstlederen-kaft-250g-18x13-cm.aspx,/products/new-240
https://www.phoeniximport.com/nl/4/2092/notitieboek-zon-maan-met-kunstlederen-kaft-250g-18x13-cm.aspx,/products/new-111
https://www.phoeniximport.com/nl/4/1583/notitieboek-fluweel-petrol-met-seed-of-life-20x15-cm.aspx,/products/new-322
https://www.phoeniximport.com/nl/4/1551/notitieboek-fluweel-paars-met-regenboog-20x15-cm.aspx,/products/new-268
https://www.phoeniximport.com/nl/4/1559/notitieboek-fluweel-groen-met-klavertje-vier-20x15-cm.aspx,/products/new-345
https://www.phoeniximport.com/nl/4/1555/notitieboek-fluweel-groen-met-lotus-20x15-cm.aspx,/products/new-371
https://www.phoeniximport.com/nl/4/1575/notitieboek-fluweel-zwart-met-maanfasen-20x15-cm.aspx,/products/new-374
https://www.phoeniximport.com/nl/4/1547/notitieboek-fluweel-blauw-met-alziend-oog-20x15-cm.aspx,/products/new-295
https://www.phoeniximport.com/nl/4/1567/notitieboek-fluweel-groen-met-levensboom-en-harten-20x15-cm.aspx,/products/new-293
https://www.phoeniximport.com/nl/4/1563/notitieboek-fluweel-oudroze-met-bloem-des-levens-20x15-cm.aspx,/products/new-320
https://www.phoeniximport.com/nl/4/606199/dubbele-kaarten-the-road-ahead-14x14-cm.aspx,/products/dubbele-kaarten-the-road-ahead
https://www.phoeniximport.com/nl/4/606203/dubbele-kaarten-wat-je-in-je-hart-bewaart-14x14-cm.aspx,/products/dubbele-kaarten-wat-je-in-je-hart-bewaart
https://www.phoeniximport.com/nl/4/606204/ansichtkaarten-trust-your-journey-15x105-cm.aspx,/products/ansichtkaarten-trust-your-journey
https://www.phoeniximport.com/nl/4/606205/ansichtkaarten-life-is-better-15x105-cm.aspx,/products/ansichtkaarten-life-is-better
https://www.phoeniximport.com/nl/4/605365/ansichtkaarten-yes-you-can-15x105-cm.aspx,/products/ansichtkaarten-yes-you-can
https://www.phoeniximport.com/nl/4/605396/ansichtkaarten-life-isnt-about-waiting-for-15x105-cm.aspx,/products/ansichtkaarten-life-isnt-about-waiting-for
https://www.phoeniximport.com/nl/4/601220/dubbele-kaarten-geef-licht-door-14x14-cm.aspx,/products/dubbele-kaarten-geef-licht-door
https://www.phoeniximport.com/nl/4/600957/ansichtkaarten-from-buddha-with-love-15x105-cm.aspx,/products/ansichtkaarten-from-buddha-with-love
https://www.phoeniximport.com/nl/4/606178/ansichtkaarten-lotus-15x105-cm.aspx,/products/ansichtkaarten-lotus
https://www.phoeniximport.com/nl/4/606182/dubbele-kaarten-good-luck-14x14-cm.aspx,/products/dubbele-kaarten-good-luck
https://www.phoeniximport.com/nl/4/606186/dubbele-kaarten-love-14x14-cm.aspx,/products/dubbele-kaarten-love
https://www.phoeniximport.com/nl/4/606190/ansichtkaarten-love-15x105-cm.aspx,/products/ansichtkaarten-love
https://www.phoeniximport.com/nl/4/606191/ansichtkaarten-let-the-beauty-15x105-cm.aspx,/products/ansichtkaarten-let-the-beauty
https://www.phoeniximport.com/nl/4/606211/ansichtkaarten-bird-15x105-cm.aspx,/products/ansichtkaarten-bird
https://www.phoeniximport.com/nl/4/606212/ansichtkaarten-wish-you-luck-105x15-cm.aspx,/products/ansichtkaarten-wish-you-luck
https://www.phoeniximport.com/nl/4/606213/dubbele-kaarten-volg-je-hart-14x14-cm.aspx,/products/dubbele-kaarten-volg-je-hart
https://www.phoeniximport.com/nl/4/606217/ansichtkaarten-chenrezig-15x105-cm.aspx,/products/ansichtkaarten-chenrezig
https://www.phoeniximport.com/nl/4/606218/ansichtkaarten-groene-tara-15x105-cm.aspx,/products/ansichtkaarten-groene-tara
https://www.phoeniximport.com/nl/4/606220/ansichtkaarten-olifant-15x105-cm.aspx,/products/ansichtkaarten-olifant
https://www.phoeniximport.com/nl/4/606221/ansichtkaarten-leeuw-15x105-cm.aspx,/products/ansichtkaarten-leeuw
https://www.phoeniximport.com/nl/4/606222/ansichtkaarten-bloem-des-levens-15x105-cm.aspx,/products/ansichtkaarten-bloem-des-levens
https://www.phoeniximport.com/nl/4/606223/ansichtkaarten-hert-15x105-cm.aspx,/products/ansichtkaarten-hert
https://www.phoeniximport.com/nl/4/14861/boeddhabeeld-op-troon-goudkleurig-19x155x27-cm.aspx,/products/new-414
https://www.phoeniximport.com/nl/4/14862/meditatie-boeddhabeeld-met-bodhiblad-goudkleurig-168x103x238-cm.aspx,/products/new-413
https://www.phoeniximport.com/nl/4/14863/meditatie-boeddhabeeld-goudkleurig-13x95x252-cm.aspx,/products/new-412
https://www.phoeniximport.com/nl/4/149781/boeddhabeeld-van-resin-met-zand-10-cm.aspx,/products/boeddhabeeld-van-resin-met-zand
https://www.phoeniximport.com/nl/4/14980/ganesha-beeld-resin-met-zandstructuur-8-cm.aspx,/products/ganesha-beeld-resin-met-zandstructuur
https://www.phoeniximport.com/nl/4/14981/namaste-mudra-handen-met-boeddhas-zandkleur-11x21cm.aspx,/products/namaste-mudra-handen-met-boeddha-s-zandkleur
https://www.phoeniximport.com/nl/4/14988/ganesha-beeld-17-cm.aspx,/products/ganesha-beeld-1
https://www.phoeniximport.com/nl/4/14997/ganesha-beeldje-10-cm.aspx,/products/ganesha-beeldje
https://www.phoeniximport.com/nl/4/14998/quan-yin-beeldje-wit-12-cm.aspx,/products/quan-yin-beeldje-wit
https://www.phoeniximport.com/nl/4/15071/minibeeldje-vishnu-20-g-35-cm.aspx,/products/minibeeldje-vishnu
https://www.phoeniximport.com/nl/4/15072/minibeeldje-groene-tara-20-g-4-cm.aspx,/products/minibeeldje-groene-tara
https://www.phoeniximport.com/nl/4/15073/minibeeldje-krishna-14-g-4-cm.aspx,/products/minibeeldje-krishna
https://www.phoeniximport.com/nl/4/15074/minibeeldje-saraswati-24-g-35-cm.aspx,/products/minibeeldje-saraswati
https://www.phoeniximport.com/nl/4/15075/minibeeldje-ganesha-22-g-3-cm.aspx,/products/minibeeldje-ganesha
https://www.phoeniximport.com/nl/4/15076/minibeeldje-shiva-nataraja-15-g-4-cm.aspx,/products/minibeeldje-shiva
https://www.phoeniximport.com/nl/4/15081/minibeeldje-meditatie-boeddha-10-g-3-cm.aspx,/products/minibeeldje-meditatie-boeddha
https://www.phoeniximport.com/nl/4/15130/minibeeldje-shiva-12-g-3-cm.aspx,/products/new-16
https://www.phoeniximport.com/nl/4/15131/minibeeldje-shiva-62-g-5-cm.aspx,/products/new-14
https://www.phoeniximport.com/nl/4/15132/mini-buste-shiva-72-g-5-cm.aspx,/products/new-34
https://www.phoeniximport.com/nl/4/15133/mini-buste-ganesha-32-g-3-cm.aspx,/products/new-33
https://www.phoeniximport.com/nl/4/15134/minibeeldje-ganesha-64-g-5-cm.aspx,/products/new-31
https://www.phoeniximport.com/nl/4/15135/ram-darbar-messing-236-g-85-cm.aspx,/products/new-29
https://www.phoeniximport.com/nl/4/15136/zittende-ganesha-messing-1460g-16-cm.aspx,/products/new-27
https://www.phoeniximport.com/nl/4/16617/groene-tara-transparant-groen-12-cm.aspx,/products/groene-tara-transparant-groen
https://www.phoeniximport.com/nl/4/17221/meditatie-boeddha-zwart-17cm.aspx,/products/meditatie-boeddha-zwart
https://www.phoeniximport.com/nl/4/17222/amithaba-boeddha-wit-13cm.aspx,/products/amithaba-boeddha-wit
https://www.phoeniximport.com/nl/4/17287/ganesha-beeld-wit-11-cm.aspx,/products/ganesha-beeld-wit
https://www.phoeniximport.com/nl/4/17292/ganesha-beeld-ridhi-sidhi-wit-550-g-11x12-cm.aspx,/products/ganesha-beeld-ridhi-sidhi-wit
https://www.phoeniximport.com/nl/4/17294/groene-tara-wit-394-g-15-cm.aspx,/products/groene-tara-wit
https://www.phoeniximport.com/nl/4/17587/groene-tara-dansend-13-cm.aspx,/products/groene-tara-dansend-1
https://www.phoeniximport.com/nl/4/17588/groene-tara-dansend-23-cm.aspx,/products/groene-tara-dansend
https://www.phoeniximport.com/nl/4/17589/ganesha-beeld-14-cm.aspx,/products/ganesha-beeld
https://www.phoeniximport.com/nl/4/17591/boeddha-teaching-met-mozaek-decoratie-16-cm.aspx,/products/boeddha-teaching-met-mozaiek-decoratie
https://www.phoeniximport.com/nl/4/17592/groene-tara-26-cm.aspx,/products/groene-tara
https://www.phoeniximport.com/nl/4/17593/ganesha-beeld-met-mozaek-decoratie-20-cm.aspx,/products/ganesha-beeld-met-mozaiek-decoratie
https://www.phoeniximport.com/nl/4/18102/boeddha-in-gebed-antiek-look-thailand-416-g-14x75x22-cm.aspx,/products/boeddha-in-gebed-antiek-look-thailand
https://www.phoeniximport.com/nl/4/18103/boeddha-in-meditatie-antiek-look-thailand-170-g-9x5x14-cm.aspx,/products/boeddha-in-meditatie-antiek-look-thailand
https://www.phoeniximport.com/nl/4/18105/liggende-boeddha-antieke-look-thailand-596-g-36x9x11-cm.aspx,/products/liggende-boeddha-antieke-look-thailand
https://www.phoeniximport.com/nl/4/18111/meditatie-boeddha-thailand-780-g-18x11x29-cm.aspx,/products/meditatie-boeddha-thailand
https://www.phoeniximport.com/nl/4/18113/geluk-voorspoed-boeddha-china-512-g-20x12x13-cm.aspx,/products/geluk-voorspoed-boeddha-china
https://www.phoeniximport.com/nl/4/18114/boeddha-geruststelling-met-aura-en-troon-356-g-128x8x185-cm.aspx,/products/boeddha-geruststelling-met-aura-en-troon
https://www.phoeniximport.com/nl/4/18117/ganesha-beeld-goudkleur-458-g-143x105x177-cm.aspx,/products/ganesha-beeld-goudkleur
https://www.phoeniximport.com/nl/4/18130/amithaba-boeddhabeeld-japan-712-g-16x13x24-cm.aspx,/products/amithaba-boeddhabeeld-japan
https://www.phoeniximport.com/nl/4/18161/ganesha-beeld-horen-15x10x21-cm.aspx,/products/ganesha-beeld-horen
https://www.phoeniximport.com/nl/4/18180/meditatie-boeddha-beeld-groen-mozaek-19x14x255cm.aspx,/products/new-52
https://www.phoeniximport.com/nl/4/9040/ganesha-messing-minibeeldje-116-g-5-cm.aspx,/products/ganesha-messing-minibeeldje
https://www.phoeniximport.com/nl/4/9044/shiva-nataraja-messing-dubbele-ring-goudkleurig-436-g-15-cm.aspx,/products/shiva-nataraja-messing-dubbele-ring-goudkleurig
https://www.phoeniximport.com/nl/4/9045/shiva-nataraja-messing-dubbele-ring-tweekleurig-436-g-15-cm.aspx,/products/shiva-nataraja-messing-dubbele-ring-tweekleurig
https://www.phoeniximport.com/nl/4/9048/ganesha-grote-oren-grijs-met-gouden-finish-1240-g-14-cm.aspx,/products/ganesha-grote-oren-grijs-met-gouden-finish
https://www.phoeniximport.com/nl/4/99978/ganesha-met-attributen-8x7cm.aspx,/products/ganesha-met-attributen
https://www.phoeniximport.com/nl/4/99979/ganesha-met-modaka-7x6cm.aspx,/products/ganesha-met-modaka
https://www.phoeniximport.com/nl/4/99980/ganesha-op-lotustroon-19x11cm.aspx,/products/ganesha-op-lotustroon
https://www.phoeniximport.com/nl/4/99981/saraswati-met-sitar-19x10cm.aspx,/products/saraswati-met-sitar
https://www.phoeniximport.com/nl/4/99982/lakshmi-met-lotussen-18x10cm.aspx,/products/lakshmi-met-lotussen
https://www.phoeniximport.com/nl/4/99985/krishna-en-radha-145x95cm.aspx,/products/krishna-en-radha
https://www.phoeniximport.com/nl/4/15683/minibeeldje-ganesha-zittend-messing-24-g-3-cm.aspx,/products/minibeeldje-ganesha-zittend-messing
https://www.phoeniximport.com/nl/4/19051/yogatas-katoen-blauw-gestreept-67x24-cm.aspx,/products/yogatas-katoen-blauw-gestreept
https://www.phoeniximport.com/nl/4/19052/yogatas-katoen-roze-gestreept-67x24-cm.aspx,/products/yogatas-katoen-roze-gestreept
https://www.phoeniximport.com/nl/4/1990/yogatas-katoen-groen-65x19cm.aspx,/products/yogatas-katoen-groen
https://www.phoeniximport.com/nl/4/8079/bolster-rond-violet-biokatoen-ocs-60x16cm-2300-g.aspx,/products/bolster-rond-violet-biokatoen-ocs
https://www.phoeniximport.com/nl/4/8248/bolster-zwart-wit-rond-60x16-cm-2300-g.aspx,/products/bolster-zwart-wit-rond
https://www.phoeniximport.com/nl/4/2130/yogi-yogini-pvc-yogamat-turquoise-1200-g-61x183x05-cm.aspx,/products/yogi-yogini-pvc-yogamat-turquoise
https://www.phoeniximport.com/nl/4/1998/draagkoord-yogamat-100-cm.aspx,/products/draagkoord-yogamat
https://www.phoeniximport.com/nl/4/2116/yogi-yogini-pvc-yogamat-indigo-1200g-61x183x05cm.aspx,/products/yogi-yogini-pvc-yogamat-indigo
https://www.phoeniximport.com/nl/4/2117/yogi-yogini-pvc-yogamat-violet-1200g-61x183x05cm.aspx,/products/yogi-yogini-pvc-yogamat-violet
https://www.phoeniximport.com/nl/4/2119/yogi-yogini-pvc-yogamat-diep-roze-1200g-61x183x05cm.aspx,/products/yogi-yogini-pvc-yogamat-diep-roze
https://www.phoeniximport.com/nl/4/2109/yogi-yogini-pvc-yogamat-grijs-1200g-61x183x05-cm.aspx,/products/yogi-yogini-pvc-yogamat-grijs
https://www.phoeniximport.com/nl/4/2118/yogi-yogini-pvc-yogamat-aubergine-1200g-61x183x05cm.aspx,/products/yogi-yogini-pvc-yogamat-aubergine
https://www.phoeniximport.com/nl/4/2151/yogi-yogini-pvc-yogamat-zwart-1200g-61x183x05-cm.aspx,/products/yogi-yogini-pvc-yogamat-zwart
https://www.phoeniximport.com/nl/4/2167/yogi-yogini-yogamat-jute-grijs-1550-g-61x183x05-cm.aspx,/products/yogi-yogini-yogamat-jute-grijs
https://www.phoeniximport.com/nl/4/2180/yogi-yogini-premium-tpe-yogamat-groen-950g.aspx,/products/yogi-yogini-premium-tpe-yogamat-groen
https://www.phoeniximport.com/nl/4/2182/yogi-yogini-premium-tpe-yogamat-antraciet-950-g.aspx,/products/yogi-yogini-premium-tpe-yogamat-antraciet
https://www.phoeniximport.com/nl/4/2183/yogi-yogini-premium-tpe-yogamat-blauw-950g.aspx,/products/yogi-yogini-premium-tpe-yogamat-blauw
https://www.phoeniximport.com/nl/4/2186/yogi-yogini-pu-yogamat-maanfasen-aubergine-2500g-183x61x03cm.aspx,/products/yogi-yogini-pu-yogamat-maanfasen-aubergine
https://www.phoeniximport.com/nl/4/2187/yogi-yogini-pu-yogamat-maanfasen-petrol-2500g-183x61x03cm.aspx,/products/yogi-yogini-pu-yogamat-maanfasen-petrol
https://www.phoeniximport.com/nl/4/2120/yoga-prop-steunblok-kurk-23x12x75-cm.aspx,/products/yoga-prop-steunblok-kurk
https://www.phoeniximport.com/nl/4/2124/yoga-steunblok-wigvorm-60x9x3-cm.aspx,/products/yoga-steunblok-wigvorm
https://www.phoeniximport.com/nl/4/2122/yoga-steunblok-kurk-voor-schouderstand-305x205x5-cm.aspx,/products/yoga-steunblok-kurk-voor-schouderstand
https://www.phoeniximport.com/nl/4/2125/yoga-steunblokken-wigvorm-set-van-2-75x9x3-cm.aspx,/products/yoga-steunblokken-wigvorm-set-van-2
https://www.phoeniximport.com/nl/4/2127/yoga-steunblok-rechthoekig-227x15x10-cm.aspx,/products/yoga-steunblok-rechthoekig
https://www.phoeniximport.com/nl/4/2129/yoga-egg-steunblok-eivormig-305x12x75-cm.aspx,/products/yoga-egg-steunblok-eivormig
https://www.phoeniximport.com/nl/4/2189/yoga-prop-steunblok-kurk-maanfasen-23x12x75-cm.aspx,/products/new-444
https://www.phoeniximport.com/nl/4/2192/yoga-prop-cilinder-kurk-maanfasen-30x10-cm.aspx,/products/new-441
https://www.phoeniximport.com/nl/4/4116/yoga-riem-d-ring-paars-katoen-250x4cm.aspx,/products/yoga-riem-d-ring-paars-katoen
https://www.phoeniximport.com/nl/4/4125/yoga-riem-d-ring-zwart-katoen-183x4-cm.aspx,/products/yoga-riem-d-ring-zwart-katoen-1
https://www.phoeniximport.com/nl/4/41120/yoga-riem-d-ring-zwart-katoen-250x4cm.aspx,/products/yoga-riem-d-ring-zwart-katoen
